manoj photo studio,"shop no.1, near sbi atm",9310341281,,
VISHAL PRINTERS,"H, 354, Gali No. 17, near Shiv",8882658025,,
Windson Media Pvt. Ltd.,"H, 354, Gali No. 17, near Shiv Mandir",N/A,,
Windson Media Pvt. Ltd.,"Plot No.11, Street No.1, Market, near Ramchander",9560910077,,
,"Segment 5: No.11, Street No.1, Market, near Ramchander",,Picnara,095609 10077
Picnara,B-48,9650358847,,
NAYAN STUDIO,"105, SNS PLATINA, NR, University Rd",9265638267,,
Max Media Photo Studio,"H-3, Muktanand Nagar Road, 4, Gujarat Gas Cir",9924144533,,
Max Media Photo Studio,"Shop - 1, Raj Victoria, Opp Raj Arcade Walkway Road, Nr Galaxy Circle, Pal",9712753666,,
The Studio Om,"Shop No:- UG-59 Opp. Ofira Appartment, VIP Road, behind Marvella Corridor",9824614072,,
The Studio Om,"Four Lane, Raj Complex, M-3, 2nd Floor, Bhatar Rd, near Uma Bhavan",2612232235,,
Photo factory,"350, Atlanta sudama chowk, near friend cinema, Sudama chowk",9904949900,,
Kaya Chitra By Mridul,"UG-1, First Floor, Milestone Milagro, Someshwar Junction BRTS Above TVS Showroom Udhna- Magdalla Rd, University Rd, near Forever Baby Shop",9512448443,,
Akruti Photo Studio,"Golden Square,Shop no-323, Beside D-Mart, near Maharaja Farm",9825455099,,
,"Near Maharaja Farm, Segment 15",,D-Mart,09825455099
Taj Studio,"Oppostie Raj Olympia, 401 Sakar Complex, Bhatar Road near Mangaldeep Appartment",9558194459,,
Fpoint7 Media Production,"333-335, 3rd",7041850173,,
Fpoint7 Media Production,"333-335, 3rd Floor, LA Victoria, Near, Galaxy Cir",8866937799,,
DEV PHOTOGRAPHY,"SHOP NO. D-12, AAGAM SHOPING WORLD, NR. AGRAWAL VIDHYA VIHAR SCHOOL",8530856001,,
Raw Photo Academy,"Sonal Row House, 34-A, opp. Samarat Campus, nr. LP Savani Circle",7878794472,,
Shubhmangal Photo Studio,"G-5, Western Business Hub, Pratham Ciecle, Near Madhuvan Circle, Pal",9825150847,,
Photovision Studios,"Near Madhuvan Circle, Pal Open",9825150847,,
Photovision Studios,"C-133, Monarch, Pragati Marg",8200203292,,
Fortune Photo Studio,"The Palladium Mall, G-26, near Apple Square",9723639636,,
Stay Live Photo Studio,"A-9, Udhana - Magdalla Rd, near Someshwar Square Road, near VNGU",9825345001,,
Stay Live Photo Studio,"L6, Maruti Chambers, Bus Stand, Anand Mahal Rd, opp. Nilkamal Society",9898488724,,
Taj Studio,"Oppostie Raj Olympia, 401 Sakar Complex, Bhatar Road near Mangaldeep Appartment",9558194459,,
Zeel Photo Studio,8/1753,9913253526,,
Zeel Photo Studio,"20-B, Katargam Darwaja Rd, Surat",9913253526,,
Swastik Photo,"27, Sunday Residency, Hazira-Sayan Rd, opp. Shrusti row house",Notprovidedinthegiventext,,
The Snap Photo,"12-13, First Floor, Ambica Shopping Centre",9898237868,,
J STUDIO,"shop no-8 1st floor, vikramnagar soc. part-1, Puna Bombay Market Rd, nr. satadhar steel",8980123526,,
Photoshoot Digital Studio,"Shop No B 14 Monarc, Adajan, Gaurav Path Road",9558866865,,
Pratibimb Studio,"oppsit mohan chal, Super Diamond Market, 9-10, Varachha Main Rd, near minibazar varchha",9033658658,,
Imagix Product Photography Studio,"244, Time Square Gaurav Path Road, TP 10 Main Rd, opp. Shree Bharti Residency",9824741000,,
Vs photography,"209, Leonard Square, Savlia Cir",7878783722,,
Photowala Studio,"B-205/6, Aditya Complex Near Kapodara bridge, VIP Cir",8980360096,,
Shivay Photo,"12, Jay Complex, Anand Mahal Rd, near Shree ram Petrol Pump",7069647888,,
Shree ram Petrol Pump,"A4, 303, LB Park Society, Ghod Dod Rd, opp. Bhavik Apartment",7069647888,,
Spc studio,"303, LB Park Society, Ghod Dod Rd, opp. Bhavik Apartment",9998620481,,
360BABYPHOTOGRAPHY,"101,Atlantic Square,Celebration Hotel, opp. Fire Station",9297929272,,
THE PHOTO GURU,"C-1, Dharmayug Society, 2, Ghod Dod Rd, near Seema Row House",9638530636,,
THE PHOTO GURU PRODUCTION,"1st Floor, No.103, Sachi Complex, Rampura Main Rd",9638530636,,
Canonboy Productions,"shop no.103, 104, Siddhgiri residency, opp. vaishnodevi lifestyle",9824866622,,
Canonboy Productions,"Sai Ashish Society II, 27/28, near Chandni Chowk Complex",9033220112,,
RJ studio,"3098, international fashion market, to, Bombay Market-Punagam Rd, near sitanagar",8264537445,,
The First Feet Fotography,"124, Golden Square, Golden Chowk, near D-Mart",9904217422,,
Tasvir Photo Point,"F-1, Sajavat Palace, Thakordwar Society",Notavailable,,
,"F-1, Sajavat Palace, Thakordwar Society, Vraj Chowk",,Manish Photo Studio,099258 30888
Shyam Studio,"C-8, Gopinathji Complex",NotAvailable,,
Shyam Studio,"C-8, Gopinathji Complex, Lajamani Chowk, Mota Varachha, Surat, GJ 394101, India",9825361892,,
Gujarat College Of Photography,"UG-1, First Floor, Milestone Milagro, Someshwar Junction BRTS, Udhna- Magdalla Rd, University Rd, above TVS Showroom, near Forever Baby Shop",9512448441,,
Shadow Photography,"AKHANDANAND PARK SOCIETY, Hathi",N/A,,
The Dream Stories,"231, Atlanta",9825751595,,
The Dream Stories,"231, Atlanta shopping mall, Sudama chowk",9898926919,,
Hari Krishna Studio,"231, Atlanta shopping mall, Sudama chowk",9898926919,,
Memories Studio,"Segment 57: Mart, behind J H Ambani School",8208182317,,
Photochoice Studio,"212-213, Rajhans Platinum Plaza",9898839525,,
Satyam Photo Studio,"212-213, Rajhans Platinum Plaza, Palanpur Canal Rd, near New L P Savani School",8866467735,,
Satyam Photo Studio,"Sector3, Bhaktinandan Society, near Abc Circle",8000003275,,
The Glorious Studio,"12, Varachha Main Rd, near Umiyadham Temple",7878111114,,
Tarj Video Films,"Shop No. 226, 2nd Floor, Raj Victoria Walk Way Road Pal Gam, Near Pal Gam, Circle",9825419860,,
Tarj Video Films,"305 & 306 SNS Platina, Nr. Someshwar Square, Vesu",9824100418,,
The Pose Studio,"209, Zircon Plus, opp. Avalon Business Hub, near Ankur Highschool",9727373087,,
Sooham photo shoot,"A, Mangalam Heights, 1001, Vesu Canal Rd, next to Celebrity Greens Road, behind Rajhans Synfonia",9737373366,,
Movie Makers Studio,"FF,43,44, Gyan Prawah Apartment, SOC, near JIVANDEEP SOC, opp. ASHOK NAGAR",9824198274,,
Photo Phactory Studios,"Shop No 1st/44, Atalanta Business Hub, opp. Ofira Posh Residence",8849038829,,
Photo Phactory Studios,"Swapnil palece, Suman kala B/H, C-502",9726002671,,
Studio 9,"427, 4th Floor, The Grand Plaza, VIP Road",9898015579,,
PhotoGigs - The Best Wedding Photographer In Surat,"105, Central Bazaar",9811813811,,
