Abhishek Khanna Photography,E-68,9810031705,,
Karma Studio,"T 23/8, DLF Phase 3",9811124288,,
Karma Studio,"F50 E, Radhey Mohan Dr, near Ambawatta Farms",9643944248,,
RentOclicK,D-57 Vihara,9953979979,,
RentOclicK,"D-57 Vihara Innovation Campus, 100 Feet Rd",7303554425,,
Vihara Innovation Campus,100 Feet Rd,7303554425,,
WedGraphia,"191 P, Lower Ground Floor, near, Unicosmos Scchool",9461996628,,
Picnara,"Segment 8: Floor, near, Unicosmos Scchool",9650358847,,
Picnara,B-48,9650358847,,
SUN PHOTO,Nehru Nagar,Notprovided,,
SUN PHOTO,"Murlidhar Complex, Surendra Mangaldas Rd, Opposite Hanuman Temple, Nehru Nagar Circle",8866021111,,
SURAJSHAH PHOTOGRAPHY,"511, opp. patel wadi",8347741745,,
Navratna Photo Studio,"GATHIYA RATH ROAD, E-304 PARMESHWAR -5, Chandkheda - Zundal Rd",9157786837,,
Varun Patel Photography,"4th Floor 323, Corporate Park, 503 & 504, Chimanlal Girdharlal Rd, opp. Girish Coldrinks",8000797695,,
Varun Patel Photography,4th floor 401 & 402 Claywalls Opp Verantis Flats Nr Gulmohar Party Plot,9898550223,,
Rahul Parikh Photography,"11-Shakti Nagar Society Opp.Power House, near C.N.I Church",9033092957,,
Candid Wedding,"303, Kadakiya Complex, Ankur Cross, Road",9979411035,,
Wide Motion Films,"UL 18, Agrawal Tower Bhuyangdev Cross Road, Sola Rd",9825332544,,
,"Infinity Tower, A-1206, Corporate Rd, near Ramada Hotel",,HC Photography,088661 22411
Arpit Patel Photography,"Rd, near Ramada Hotel, Ahmedabad",8866122411,,
Studio Mohit,"UL-3, Surgi Care Complex, nr. Sardar Patel Statue Circle, nr. Ketan Society",9879041444,,
Sonu Studio,"First Floor 206-207, Shayona Tilak, NR Vandematram Cross Rd, above dev jewels, near Euro Kids School",7016292664,,
"['Amazon Product Photographers', 'Reel to Real', 'Darsh Shah Photography']","['First Floor Shop No. 131, Sunrise Mall, near Mansi Circle', 'Amar Apartment']",,,
Darsh Shah Photography,"Amar Apartment, Telephone Exchange Rd",7048171725,,
Ronak Ramani Photography,"SHOP NO FF/3 SHREE NIDHI RESEDINCY, Nikol - Naroda Rd",8511177337,,
FF/3 SHREE NIDHI RESEDINCY,Nikol - Naroda Rd,8511177337,,
Rehoboth Photography,"1217, Solaris Business Hub, Bhuyangdev Cross Rd, opp. Parshwanath Jain Mandir",7383540419,,
Rehoboth Photography,"Indraprasth Tower, A-604, nr. Drive In Road, nr. Himalaya Mall",9824333131,,
Wide Motion Films,"UL 18, Agrawal Tower Bhuyangdev Cross Road, Sola Rd",9825332544,,
,"Plot No 27, Besides Versus The Arena, near Mi Casa Restaurant",,The Concept Studio by Amit Barot,084010 83811
Dipen Bhalani Photography,"110, Sudarshan Complex, Nr Mithakhali Underbridge, Sardar Patel Rd",9879984248,,
The Oscar Productions,"Underbridge, Sardar Patel Rd",9429356688,,
THE RED CIRCLE STUDIO,Not provided in the text,Notprovidedinthetext,,
Dabhi Photography,"shivalay apartment, A/6 G/4",N/A,,
Iscon Emporio,"441, Jodhpur Cross Rd",7820078255,,
Stop & Shot Photography,"402, D-Block, PARADISE RESIDENCY, Near, Potalia Char Rasta",8690901230,,
Bhagvati Photo Studios,"Krushnadham AUDA Shopping Centre, Part 1, Salpura, Vejalpur Rd",7359157033,,
Ilesh Shah Photography,"511, opp. patel wadi",8347741745,,
La Fabuloso,"A-706, Bodakdev Office",8347741745,,
KAAL PHOTO STUDIO,"A-706, One World Capital, Off, Rajpath Rangoli Rd, opposite Lane Of Orbit",9428322222,,
,"Simandhar Complex, Basement Shop : 09, near Jain Mandir Prabhatchowk",,KAAL PHOTO STUDIO & CUSTOMIZED GIFT ITEMS,092276 02767
Candid Entertainment,"310,311 Sahitya Arcade, Haridarshan Chokdi, opp. Shelby hospital",9974333831,,
Jhanwi Creative Studio,"Chase House, Sheetal Baug Society, Chimanlal Girdharlal Rd, opposite Induben Khakhrawala",9998665779,,
Jhanwi Creative Studio,"opposite, flats near jaguar show room, Shree Vishnudhara Gardens, 506 Link by connect, Sarkhej - Gandhinagar Hwy",9924242210,,
Fxsquare Studios,"110 Sahitya Business Park Opp.HP petrol pump, Kathvada cross road, Sardar Patel Ring Rd",9924661665,,
DRdigital Modeling Studio,"NOBLE HIGHER SECONDARY SCHOOL, 10,Shriji Complex, road, Parswanath Twp Rd, opp. Bhagirath society",9723814146,,
Rujul Photography & Cinematography,"Vasupujya Flats, A-402, Ramdevnagar Rd",8000537007,,
Studio Beunique,"Ground Floor Rushabh apprtment, Sharda school Road fire station, opposite memnagar",9898902905,,
DEEP DIGITAL LAB,"302, Saffron Building, above Tanishq Show Room",6352710112,,
DEEP DIGITAL LAB & STUDIO,"Ground floor, Swastik House, Near, Stadium Cross Rd, above Rajiv Gandhi Under Bridge",8866083339,,
Sun Photo,"SOMESHWAR COMPLEX, Shyamal Cross Rd",8866027777,,
SUN PHOTO,"24, Dev Darshan Complex, Bopal Rd, opp. IOC Petrol Pump",8866058585,,
Snapper Studio Pvt. Ltd.,"5 Khodal Krupa Estate, Chandlodiya Rd",7818848566,,
,"Neharu Park, 15 Shri Hari Complex Vastrapur Lack, Lad Society Rd, Nehru Park Cir, near Gujarat State Co-operative Bank, near Ahmedabad",,Trivedi Photo Studio,098257 77871
,Near Ahmedabad,,Co-operative Bank,098257 77871
Jignesh Boshiya photography,Auddichhyanagar society,9510815545,,
SUN PHOTO,"Segment 57: center, opp. Jethabhai vav",8401588442,,
,"Shop No. B/103, First Floor, Vrundavan Residency,",,Rvgrapher Photography,088660 12222
Rvgrapher Photography,"Shop No. B/103, First Floor, Vrundavan Residency, Jivan Tween Road, opp. Shrinathji Haveli",9974676832,,
CANDID STUDIO,"S-Mall, A/12, opp. Srushti Arcade Motera, near Canara Bank and Tapovan furniture Petrol Pump",9426592239,,
Shiv Studio,"120, Devkinandan Complex, Near AMTS Bus Stand Opp Lake, Galaxy Rd, GIDC Naroda Ahmedabad, Gujarat 382330",9825320806,,
PERFECT PRINT PHOTO STUDIO,"Aaryan City, 19, NR Vandematram Cross Rd, Opposite Siddhidhata Aavika, Behind Vandematram ICON",9925373781,,
Aavika,"Behind Vandematram ICON, Ahmedabad",9925373781,,
Little Concept By Falguni,"Shop No-302 - BLUEBERRY, Near, PIP School Rd, near Bhojaldham Flat",8200346468,,
Sonicaptures Baby Studio,"Shop 5, 2nd Floor, Shree Ratna Complex, near Akhbar Nagar Circle",8320056604,,
My Photos,"G-32, Devnandan Mega Mall, Ashram Rd, near ellisbridge, near M.J library",9998483814,,
V Art Photography,"UL 17, Agrawal Tower Bhuyangdev Cross Road, Sola Rd",9825054424,,
V Art Photography,"Segment 68: Tower Bhuyangdev Cross Road, Sola Rd",9825054424,,
Reels & Stories - Best Wedding Photographer,"319, Ratna High Street, Police Chowki, Char Rasta, behind Naranpura",9662766975,,
DULUX PHOTOGRAPHY,"Segment 70: Char Rasta, behind Naranpura",9727500807,,
Abhay photography,Ahmedabad,9727500807,,
"['DULUX PHOTOGRAPHY', 'The Story Tell', 'The capture crew']","['Saptak Home, F.F-105, New CG Rd, near Sarthak Bunglows', '117 shree Sarju Arena satymev hospitel']",,,
Krishna Movies,"4, Shefali Centre",7777998184,,
Institute for Photography & Video film making -Excellence - IPE India,"4, Shefali Centre, Vishwakunj Cross Rd",9825175856,,
Institute for Photography & Video film making -Excellence - IPE India,"408, Sigma Icon - 1, 132 ft. Ring Road, Opp. Medilink Hospital, ShyamalCross Rd, above Domino's , Besides Somershwara Jain Derasar, nr. Shivranjani Bridge",9429204284,,
Photography by Namrata Kothari,"39, Riddhi Siddhi Complex Gorno Kuvo, Opp. Garvi, Jashoda Nagar Rd",9429531788,,
TIRTH MODELLING STUDIO,"Segment 77: Kuvo, Opp. Garvi, Jashoda Nagar Rd",8488889701,,
TIRTH MODELLING STUDIO,"2nd Floor, Parishram Elegant, Science City Rd, nr. Neel Deep College, nr. Over Bridge",9429531788,,
DIVYA FILMS & PHOTOGRAPHY,"Segment 79: nr. Neel Deep College, nr. Over Bridge",7600193809,,
"[{'name': 'Gopi Digital studio', 'address': 'Not Available', 'phone': '076001 93809'}, {'name': 'DIVYA FILMS & PHOTOGRAPHY', 'address': 'THE CAPITAL, Science City Rd, opp. Hetarth Party Plot', 'phone': '099049 74984'}, {'name': 'Savya Picturesque Studio', 'address': '302, Saffron Building', 'phone': 'Not Available'}]",,,,
Dagali studio,Radhika Residency,Notavailable,,
Tanisaq jewellers,"Radhika Residency, A 202, opp. ITI, near Indian oil petrol Pump",7984316844,,
Kushal Vadera Photography,"B/75, Jaldhara Society, near Parasnagar Bus Stop",9998483191,,
Modelo Studio & Customized Gift Shop,"1402 - 1403 Sun Central Place Nr Vakil Saheb Bridge, Bopal - Ambli, Cross, Road",9825689168,,
Modelo Studio & Customized Gift Shop,"G, New Royal Flats, 02, Sarkhej Rd, opp. Royal Akbar Tower",9825339611,,
Siddhi Digital Studio,"55, Poojan",8460683335,,
Siddhi Digital Studio,"55, Poojan Complex, Nikol - Naroda Rd, opp. Sukanl Bung, near Rajhans Cinema",9879537278,,
,"Maruti Society, Bungalow No.: 8",,STUDIO8,074330 09887
STUDIO8,"Maruti Society, Bungalow No.: 8, Bhuyangdev Rd, near Water Tank",9824502018,,
Rhythm Clicks Studio,"214, Radhe Fortune, apollo circle, Bhat Cir, above Lapinoz Pizza",9712701002,,
Little Story Studio,"309, Galaxy",N/A,,
Little Story Studio,"309, Galaxy Mall, bus stop, to, Nehrunagar Road, opp. jasiki rani brts",9725110007,,
First click photography,"Shop No 43, Riddhi Siddhi complex, opp.",Nophonenumberprovided,,
Klick Flicks studios,"605, Saffron Tower, Ambawadi, Panchavati Rd",8866372836,,
Klick Flicks studios,"605, Saffron Tower, Ambawadi, Panchavati Rd",9726750737,,
Segment 96,"605, Saffron Tower, Ambawadi, Panchavati Rd",9726750737,,
K Photography,"Aryman Gracia, Nr dharti silver, A 404",9924507353,,
HS The Photography Studio,"Kushkali Society, 29/2, near Padmavati Flats",7878103080,,
"[{'name': 'Mehul More photography', 'address': '36, Janakpuri Society Nigam Road Ghodasar Rd, near, Smruti Mandir Rd', 'phone': '099985 58803'}, {'name': 'The Knot Films', 'address': 'Address not mentioned', 'phone': 'Phone number not mentioned'}]",,,,
The Knot Films,"Satyam Complex, f/16, Prernatirth Derasar Rd, opp. Balaji Garden Restaurant",8160417353,,
THE COBRA WEDDINGS,"GF-7, Navkar Complex, nr. Shreyas Railway Crossing Road",9825097985,,
THE COBRA WEDDINGS,"701, Fortune Business Hub, near Shell Petrol Pump",9979856065,,
Little Pose,"302, littlepose, Avani Icon, opposite SELBY HOSPITAL",9725929395,,
littlepose,"Avani Icon, opposite SELBY HOSPITAL",9725929395,,
Sun Gravitas,"Radio Mirchi Road, 1137-1138, Shyamal Cross Rd",9662775233,,
Axis Fashion Studio,"A-103, SHABRI APARTMENT, opposite Nirman High School",8141703571,,
Axis Fashion Studio,"10, Maniprabhu complex, opp. shree Ram Mandir",9824015609,,
Axish studio,"Segment 108, Maniprabhu complex, opp. shree Ram Mandir, Ahmedabad, Gujarat",9824015609,,
Jainam Pixelgraphy,"609, Shilp Epitome,, Rajpath Rangoli Rd, Bodakdev, Ahmedabad, Gujarat 380059",8000515847,,
The Photo Zone,"First Floor 113 Anilkunj Complex, Anjali Cross Rd, near Udipi Restaurant, Bodakdev, Ahmedabad, Gujarat 380059",9409666661,,
Priyanshi Modeling Studio,"12, Aditi Avenue, near Vishvwakarma temple",9408114441,,
Priyanshi Modeling Studio,"Aditi Avenue, near Vishwakarma temple",7016875101,,
One Eye Vision,Shreyas Foundation,Nophonenumberprovided,,
One Eye Vision,"Shreyas Foundation, Suparna 1, Manek Baug Rd, near Golden Tulip Bunglows",8320023503,,
N Studio,"A-40 Meghna bungalow, opp. First choise bungalow, behind TRP mall",9016765884,,
Institute for Photography & Cinematography - Excellence - Ahmedabad,Chimanlal Girdharlal Rd,9429204284,,
Manish Rathod Photography,"D/142, Nikol - Naroda Rd",9429204284,,
Sagar gadani photography,"D/142, Nikol - Naroda Rd",8401484224,,
Sagar gadani photography,"Sun Avenue One, 1106, Manek Baug Rd",9662044902,,
