Abhishek Sharma Photography,"Sector 37, Delhi - Jaipur Expy",9910007877,,
Forever Frames,Not specified,8586898963,,
Forever Frames,Segment 3,9650274510,,
"['Forever Frames', 'Sriparna Photography', 'Aasheesh Photography']","['N/A', 'N/A', 'N/A']",,,
Sriparna Photography,N/A,9810796866,,
Aasheesh Photography,,9555774771,,
Pritiza Barua Photography,N/A,8130977254,,
Bring It Online Media Pvt Ltd,"3rd Floor, Plot No",N/A,,
Bring It Online Media Pvt Ltd,"3rd Floor, Plot No 4, KH.132, IGNOU Main Rd, opposite Hero Service Center",7042489884,,
Sonika Professional Photography,"Segment 10: Main Rd, opposite Hero Service Center",7617252525,,
"['Sonika Professional Photography', 'Pardeep Jakhar Photography']",Not provided in the text,,,
Segment 12: Professional Photography,Not available in the provided text,7210000220,,
Shooting Star By Sannika Photography,Not provided in the text,7838331001,,
The Wedding Conteurs,"210, DLF",8709570258,,
SHUTTER BUDDY PHOTOGRAPHY,"210, DLF, QUTUB PLAZA",8709570258,,
Wedding Conteurs,"210, DLF, QUTUB PLAZA",9810012198,,
ImagesIndia Dotnet,India and USA,9999159560,,
Wo Tasveer,India and USA,9999159560,,
Studio Kesari,Jaipur,notprovided,,
Studio Kesari,"Sumer circle, 33, sundar nagar, near Donni’s cafe",6375961174,,
Mayur Studio Jaipur,"194-195, Arya Samaj Rd",1412622314,,
Munish Khanna Films and Photography,Not available,Notavailable,,
Munish Khanna Films and Photography,"55, Uday Park, August Kranti Marg, opp. Ansal Plaza",9871020341,,
Studio Diiabloo,A-108 Janta Colony,N/A,,
Studio Diiabloo,A-108 Janta Colony Near Pink Square Mall,9929103690,,
,"50/344, near NEERJA MODI SCHOOL",,Mitesh Khatri Photography,072038 61903
Studio Big Boss,"5, Govind Marg, Vijay Path, near Raja Park",9829017901,,
,"Ground Floor, Segment 28: Marg, Vijay Path, near Raja Park, Jaipur",,Mr Stylo Photography,098290 68932
Picture Visual,"Shop no, 71",9414390655,,
The moments photography,j10 Swej,8875709125,,
Chitrakala studio Jaipur (Pushpendra singh photography),"Shop No. 3, 4",8239797050,,
Chitrakala studio Jaipur (Pushpendra singh photography),"Shop No. 3, 4 Kalpatru Shopping Center, Shastri Nagar",7220005599,,
Emipix Solutions,"4 Kalpatru Shopping Center, Shastri Nagar",7220005599,,
VATshoot Photography,"744, behind",9929955313,,
VATshoot Photography,"744, behind Minerva Cinema",9314505777,,
Abhishek Singhal Photography,"Krishna Circle, C 43, 302020, near Swastic Hospital",8947903057,,
,"136, Amer Rd, opposite Lucky Biscuit factory",,Rachit Photography,081071 89994
Darshan Sethi Photography,"F-156, Gautam Marg",N/A,,
Himanshi Photo Studio,"17A, Vinayak Vihar,Indra place Gandhi Path west",7877772535,,
Dixit Chouhan Productions,"17A, Vinayak Vihar, Indra place Gandhi Path west, Jaipur",9214521920,,
DK Wedding Studio,Unknown,Unknown,,
"['DK Wedding Studio', 'Altra Photo Studio']","['Metro Satiton, Shoop No 1 Ground Floor Godara Colony Ramnagar, near by Ramnagar', 'Jypore Saffron']",,,
Altra Photo Studio,"Jypore Saffron Inn & Suites, PLOT-B-15, Gajsinghpura Ajmer Rd",9829024937,,
Zaan Production,"c13, Tonk Rd",7877655879,,
"[{'name': 'Atul Gupta Photography', 'address': 'B-25 Surya Nagar, Taron Ki Khoont, Tonk Rd', 'phone': '082097 33175'}, {'name': 'Fotosvivek Photography', 'address': 'Plot no 20', 'phone': ''}]",,,,
Fotosvivek Photography,"Plot no 20, Muskan",9414762010,,
Shutter box studios,"127, Nandpuri Upas",9772990140,,
Good news photography jaipur,"Office No. 308, First Floor, Pushpa Honda",8209212476,,
RFC Production,"No. 308, First Floor, Pushpa Honda",8209212476,,
RFC Production,"16, Vijay Path, near SBI bank",9610004333,,
Faizan Hashmi Photography,"1A, Ashadeep Revanta, SB 166, Mahatma Gandhi Rd",9971141060,,
Faizan Hashmi Photography,"166, Mahatma Gandhi Rd, Jaipur",9971141060,,
Segment 53,"3, Queens Rd, Jaipur",8802156722,,
"['Segment 54: Photograph Jaipur', 'Art Digital Studio']","['Deena Naat Ji Ki Galli', 'Shree Ram Vihar, A-81, 80 Feet Rd']",,,
Art Digital Studio,"Shree Ram Vihar, A-81, 80 Feet Rd",9610699990,,
Anish Bairathi Photography,"315, Kishanpole Bazar Rd",9680007000,,
Studio Pxel,"630, Pratap Nagar Vistar Ved Ji Ka churaha, Murlipura & rajapark",9166666366,,
MATRIX STUDIO,Shop No. B,9929048932,,
MATRIX STUDIO,"Shop No. B, 16/1, Gandhi Path W, opp. reliance digital",9414774945,,
,"101, First Floor, C-1, Station Road",,Studio BluOra,072638 86613
,"72, Ajmer Rd",,Shivansh Studios,070151 54812
Memoirs Photography,"Basement, R- Triambatul",9983884499,,
Vinod Singh Photography,"Basement, R- Triambatul apartment, 9, Yudhister Marg",9024577771,,
Vinod Singh Photography,"9, Yudhister Marg",9024577771,,
Seven Stories Production,"105, Alokik",7742009060,,
Abhinav Soni Photography,Shop No. 4,9001030803,,
Akkyclicks Photography,"Agarwal Farm, Dwarka Residency, Madhyam Marg, Mansarovar",Notprovided,,
Akkyclicks Photography,"Agarwal Farm, Dwarka Residency, Madhyam Marg, Mansarovar",9461521609,,
,"P-120, Hawa Mahal Rd, near Old Vidhan Sabha",,Cine Walkers,090247 15885
AutoCommerce®,Jaipur,9982124279,,
Jaipur 4.7(13) Photography studio,"314, Shri",9982124279,,
Capturing Crew,"41C First Floor, A, Patrakar Colony Rd",9950740450,,
Capturing Crew,"41C First Floor, A, Patrakar Colony Rd",9772222071,,
Wedding Knot Photography,"195/66, Patrakar Colony Rd",7611911711,,
Pooja Yadav Photography,"195/66, 195",7611911711,,
First Child Photography,"Bhaskar Enclave, B44-45, Patrakar Colony Main Rd",9310758715,,
Studio Genex,"192-193, Arya Samaj Rd",9413304466,,
The Black Light Photography,"432, Railway Crossing, near Jagatpura",8764078567,,
RACTION STUDIO,जवाहर सर्कल 57,N/A,,
Allshoots Production,"7Gha, 28",9001427963,,
Tales n' Memories,"403, Bidla Sons Tower, Ajmer Rd, near Bank Of Baroda",9887853116,,
The Majestic Vision Wedding Photography,"B4, 66",9166892555,,
SNAPSSTORY,"1340, Maniharo Ka Rasta",N/A,,
SNAPSSTORY,"B4, 66 Open",9828972208,,
Little Capture Photography,"A - 604, Mahima Panache, Statue Circle, near Maharana pratap",9116040212,,
Kanha Studio,"D 176, Moti Marg, opp. सांई बाबा मंदिर",9414073974,,
Vikram Weddings,"Mode, Ayodhya Bhavan",9799966449,,
The Jaipur Studios,"75/10-C, Shipra",Notavailable,,
NovaCraft Photography,"75/10-C, Shipra Path, opposite Landscape Park",9001914644,,
NovaCraft Photography,"75/10-C, Shipra Path, opposite Landscape Park",9001914644,,
Captura India - Architecture & Interior Photography,"109, MARUTI COLONY",7220881548,,
Captura India - Architecture & Interior Photography,"S-11, 2nd Floor, JAIPUR ELECTRONIC MARKET, Shri Hans Marg, near Ridhi Sidhi Circle",8875999966,,
MAHALAXMI PRODUCTION JAIPUR,79 a surya nagar ganesh,9610631113,,
MAHALAXMI PRODUCTION JAIPUR,"79 a surya nagar ganesh marg, bye pass, near ridhi sidhi choraha",9667616222,,
Kala Colour Lab,"SHP NO. 7,8,9, 10, Kishanpole",9667616222,,
Sanjay Malinda Photography,"B4, 66",8290499991,,
,"B4, 66",,Jaipur Photoshoot,096806 91775
Priyanshu Photography,"545/546, Lane",9508716021,,
Priyanshu Photography,"545/546, Lane Number 5",8560027649,,
Unicorn Studio,"Alankar Plaza, B 64-65, New",N/A,,
Unicorn Studio,"Alankar Plaza, B 64-65, New",6350141690,,
VsnapU Photography,"Amrapali Marg, opposite Shyam House",6350141690,,
Mr.Soni Photography,"164/32-33, 16 Sec,",9024732655,,
Jay Photography Studio,"16 Sec, Haldighati Marg",9982458700,,
Jay Photography Studio,"686A, byepass",9982458700,,
HM Productions,Wedding Photographer,N/A,,
HM Productions,"Segment 107: PK, behind NBC staff Quarters, near NBC",7737516646,,
Pre Wedding shoot studio,"1A First floor, 72 A kalyanpuri coloney, New Sanganer Rd",7737516646,,
Pre Wedding Shoot Studio,"1A First floor, new colony, Path Number 7",9680052417,,
Photo Point,"E-32, Swej Farm",8239051964,,
Life on Reel Studio,"Rajputana Tower, Khatipura Rd",N/A,,
Life on Reel Studio,"Rajputana Tower, Khatipura Rd",9783308086,,
Indian Empire Studios,"Patrika Building, 5D, 5D",N/A,,
Sunny Rajwani Photography,Shop No.1,N/A,,
Sunny Rajwani Photography,"Shop No.1, Sai Kripa Tower, Link Rd, nearby Axis Bank",9521955955,,
Lensmen Studio,"C 42, 3rd Lane, behind Kailash Tower",8209788527,,
Chaveesh Nokhwal Photography,unknown,8005750236,,
Chaveesh Nokhwal Photography,"Segment 118: 42, 3rd Lane, behind Kailash Tower",8005750236,,
Chaveesh Nokhwal Photography,"Shop No. 21, Shyam Tower, Doctors Colony, Hira Nagar Marg , DCM",8005750236,,
