Dhilip Studio - Wedding,"Plot No. 550 D-18, Third Floor, 100 Feet Rd",9899072838,,
UGLY - Creatives,167A,9899072838,,
SS Digital Photography,"167A, 1st Floor, Opp, Select Citywalk Driveway",9873611904,,
SS Digital Photography,"60, Rangarajapuram Main Rd",9597559988,,
Rohan Mishra Photography,"No 296, First floor, Mudichur Rd",9500122240,,
Rohan Mishra Photography,"A403, Casagrand Supremus Block-14, Casagrand Supremus, SIPCOT-Thalambur Rd",9940090869,,
Casagrand Supremus,SIPCOT-Thalambur Rd,9940090869,,
Createrz Candid Studio,"First floor, Plot No: 09, Medavakkam Main Rd",8610849928,,
Aliens Photography,"S-1, 2nd Floor, Plot No.31, 2nd Street, SSR Pankajam Main Rd",9840467333,,
Vicithiram Studio wedding photography,"No.267/9, 18th Main Rd",9791021036,,
Vicithiram Studio,"No.153A, Adhinath bagavan Garden, 5th Cross St",9840554863,,
WIDE ANGLE PHOTOS & EVENTS,"137, Ground Floor, Vsr Paradise, Pillaiyar Koil St",7600070004,,
WIDE ANGLE PHOTOS & EVENTS - BEST WEDDING PHOTOGRAPHERS IN CHENNAI,"Old No: 723, New 488, Poonamallee High Road, 2nd Floor Aminjikarai Chennai - 600 029",8056256778,,
Candid Red Studios,"NO A,B, 754, 10th Main Rd 2nd St",9944777818,,
Candid Red Studios,"No 1, First Floor, MGR Street, Velachery Main Rd",9176191746,,
CreativeWeddingphotography,"158, Eldams Rd",9840191903,,
First Frame Photography,"F2, Jeyam Arjun Appartments, 1, Suguna",9884889935,,
MagicLens Studio,"F2, Jeyam Arjun Appartments, 1, Suguna Colony",9840547398,,
MagicLens Studio,"1st Floor, 3/12, Kamarajar St",9940214224,,
DLM Photography - DREAM LIGHT MEDIA,"NO A,B, 754, 10th Main Rd 2nd St",9944777818,,
Chennai Photography Studio,Anna Adarsh College Off 9th Main Road AI Block,9884463602,,
Studio V,"29/14, Kamaraj Ave 2nd",N/A,,
"['Studio V', 'Selvaphotography']","['29/14, Kamaraj Ave 2nd St', '30/39, Dr Ranga Road, Ranga Lane, Myapore']",,,
MagicLens Studio,"30/39, Dr Ranga Road, Ranga Lane, Myapore, Chennai - 600004",9840372273,,
,"1st Floor, 3/12, Kamarajar St, Myapore, Chennai - 600004",,MagicLens Studio,099402 14224
Vicithiram Studio wedding photography,"No.153A, Adhinath bagavan Garden, 5th Cross St",9840554863,,
576megapixelss Photography Studio,"14A, Ground Floor, near Vani Matriculation school",7358000576,,
Atlhea,"18/8, 29th Cross St",9884880757,,
CreativeWeddingphotography,"158, Eldams Rd",9840191903,,
,"3, Haddows road, Second street, Second floor, Nungambakam, Chennai – 600006",,Knot Stories | Wedding Photography,098844 45100
Yagappa Photography,"NO1, 2nd",9176191746,,
Yagappa Photography,"NO1, 2nd St",7200220074,,
GK Studio,"261E, Trunk Rd",9176885553,,
GK Studio,"261E, Trunk Rd, Chennai",9176885553,,
Macro Fotography,"105 Annai therasa nagar, 105, 11th St",6382242290,,
Arrow Focuz Photography,"01 Appu Street, 34, Valluvar Kottam High Rd",9698987687,,
7Clicks Photography,"No.267/9, 18th Main Rd",9791021036,,
ASHOKARSH,"137, Ground Floor",9791021036,,
Yadav Photography,"137, Ground Floor, Vsr Paradise, Pillaiyar Koil St",7600070004,,
Yadav Photography,"1st floor, Opp: Megamart, No: 6, Gandhi St",9840777438,,
The Photo Hub,"No 71, S2,Second Floor, VGP Selva Nagar 2nd Main Road",9710449033,,
The Photo Hub,"No.14/17, 2nd Floor Munuswamy Street, Arunachalam Rd",9884219105,,
,"31, Spur Tank road",,Foto Zone,044 2836 1715
NAGADEV PHOTOGRAPHY,"No:22, 27, Police Commissioner Office Rd",9447126219,,
NAGADEV PHOTOGRAPHY,"No:22, 27, Police Commissioner Office Rd",8610651230,,
Fly High Media,"97A ARK Nagar, Vandalur - Mudichur, Main Road, near Ruby Towers",9500858245,,
Sneha Varun Jain Photography,"Vimalachal Apartments, Poonamallee High Rd, near Dinathanthi Office",9884348834,,
STUDIO L1 PHOTOGRAPHY,"41 , 16th Ave, 100 Feet Rd, near Lakshmi Hall",7200064523,,
STUDIO L1 PHOTOGRAPHY,6th Main Rd,8610036597,,
"['Bhalaje Photography', 'R.P.V.Studio']","[""No. 5, 2nd floor, Sriram's Manasarovar, 18, South Ave""]",,,
R.P.V.Studio,"5, 200 feet radial road Thoraipakkam, Near Tollgate",9841163211,,
Studio SN - Best Wedding Photographers in Chennai,"No 89 A, 3rd Cross St",9790449365,,
Infinite Art By Pradeep Sekar,"No. 294. N, O, 212, Arcot Rd",9500095581,,
Infinite Art By Pradeep Sekar,"#6, 1st Cross St, Chennai, Hyderabad, Coimbatore, India",9840103282,,
Once More Photography,"No 2451, LIG II, 3rd Main Rd, Chennai, India",9655333033,,
Yellow Bird Photography,"First floor, Plot No: 09, Medavakkam Main Rd",8610849928,,
,"No.7b, 4th St",,Yellow Bird Photography,098401 04600
Zero Watts Photography,"no 21, 2, 7th Ave",9790834883,,
Zero Watts Photography,"No:1/2, First Floor, Duraiswamy Rd",8939700777,,
CrackJack Photography Studio,"3, Chellam Street, Prakasam Rd",8678944466,,
Gocandid Studios,"Esic staff quarters, Sterling Rd, opposite Indian bank",7010309601,,
Gocandid Studios,"3/2, 100 Feet, Taramani Link Rd",9962011937,,
Shot Memories Wedding Photography Chennai,"78, Sri, 4th Street",9962012288,,
The Bunny Teeth®️ Photography,"39, Second Floor, 2nd St",8015555500,,
The Bunny Teeth®️ Photography,"Segment 65: Second Floor, 2nd St",7824999900,,
Click Factory Photography,"9, 5th St",9677040341,,
JD Photomoments,"10, Akash enclave, 4th Main Rd",8939787600,,
Dot studioZ by Dinesh Zontra,"Flat No.B2,2nd Floor,1st Cross st 2nd Main Rd,Sabari Nagar Mugalivakkam",9962771083,,
Smiley Media,"508, 5th floor, Kaveri Complex, 96. M G Road, Nungambakkam High Rd",9444508947,,
Smiley Media,"#15/16, 3rd Floor, Sainath Enclave, Ayyavoo Street, Shenoy Nagar",9841911196,,
Jayanthi Photography,"T.46, Tnhb complex",9500091155,,
Jayanthi Photography,"T.46, Tnhb complex, 180, Luz Church Rd",9176639996,,
Dhaya Photography,"Yogesh palace, 41/2, Vanniar St",9176639996,,
WILD FRAMES STUDIO,"9, Harichandra 1st Cross St",9884401013,,
JWA photography and films,"66, 38, Mahadevan St",9884401013,,
GM PHOTOGRAPHERS,"21, 11, Balaji St, near Samiyar Madam",9840224927,,
Harrisraj Photography,"New No-22 Old No-33, Anbu Nagar Main Rd",9841461116,,
Harrisraj Photography,"11, AP 1076, 18th St",9840643691,,
Elfotografo studio,"55/2, Rathinam St",9840643691,,
Grace photography,"76,",9790836256,,
Grace photography,"76, Ellaiamman Koil St",9841484476,,
Grace photography,"76, Ellaiamman Koil St",9841484476,,
RAM - StudioA7,"OZONE GREENS PHASE-2, D-1, Perumbakkam Main Rd",8608833580,,
Miracle Weddings,"24, Maharajapuram Santhanam Salai",9940027692,,
Miracle Weddings,"New No. 89 Old, no. 34, Rangarajapuram Main Rd",9025052520,,
Blue Monkey Studios,"3rd Floor, Atandra Towers, 25, Thirumalai Pillai Rd",7418081808,,
Arvind Kannan photography,"25, Thirumalai Pillai Rd",7418081808,,
Picturemakers,"GOKUL TOWERS, 9 & 10, Flat no 1, 5th Floor, ROAD, CP Ramaswamy St, Alwarpet, Che",9600003112,,
Incognito Frames,"No.1, b- block Railway Border Road",9444533517,,
Venkatesh Photography,"No.1, b- block Railway Border Road Keerthi flats",9789894197,,
Collida Studio,"4, Sangothi Amman Main Rd",Notprovided,,
Collida Studio,"4, Sangothi Amman Main Rd",9409307384,,
Suraj Desur Photography,"45, S Sivan Koil St",9042196998,,
Anandan Digital Photos & Videos,"4, Bhaskara Street",9842153873,,
Flash Photography,"4, Bhaskara Street",9842153873,,
Terminus,"2/2, Arcot Rd, near Vadapalani",9500008210,,
Impress Stills,"S1 2nd Floor, RSR Plaza, 50 & 51, Arcot Rd",9677090911,,
DELO STUDIOS - Product Photography & Branding,"No.30, Karaikal Ammaiyar street",9789666661,,
Sruthilaya Frames Photography,"29, 2nd Main Trust Rd",9789666661,,
Sruthilaya Frames Photography,"29, 2nd Main Trust Rd",7299940941,,
EDEN PHOTO GARDEN - PREMIUM WEDDING PHOTOGRAPHY CHENNAI,"Shop No 5, Chitra Avenue, 9, Choolaimedu High Rd, opp. Christ Church",9551655907,,
EDEN PHOTO GARDEN - PREMIUM WEDDING PHOTOGRAPHY CHENNAI,"52/3, Oragadam Rd",9884571244,,
Ahaana Photography,"No: 15 & 16, Sainath Enclave,3rd Floor, Ayyavoo St",8056169316,,
Colour Cascade Photography,"35 Block4, Bajaj Apartments Block #4Flat, 1A",9884076547,,
Studio A by Amar Ramesh,"Shop No 3(First Floor): Plot No - 2, S.No. 91/3, Surapet Main Road Puthagaram",8056081065,,
Studio A by Amar Ramesh,"2nd Floor, JPS Building, Indian Officer Association Complex, 69, Sri Krishnapuram St",7299922881,,
Foto Zone,"2, Krishna Nagar Main Road, Madhanandhapuram",7299990282,,
,"No:16, Big St",,Dreamz Photo Studio,097898 08440
Lollipop Photography,"9, 4th St",9790907480,,
Sparkish Media Photography,"KS FOUNDATION, 35/16, Damodaramorthy Rd",8838705508,,
Yadhu Photography,"A1, Jayam",8144889984,,
Yadhu Photography,"A1, Jayam villa Apartment, 11, E Circular Rd",9841314111,,
Sense Studios Photography,"No 69 2nd Floor, Muthaiah St",8056159687,,
Photon Talkies,"Vallala, Subamangalam Complex, Street Number 26",9884560990,,
Chennai Gravity Studios,"A2, Anandam apartments, 18, North Main Road",9710421400,,
,"AH 2 & AH4 4th Avenue, Main Rd",,Foton Studio,097101 30346
STUDIO UNTITLED,"New No-17 old no -7, Thyagaraya Gramani street, N Usman Rd",7358047637,,
Shadows Photography,"Dee Cee Tower, F Block, 37, 2nd Ave",9551955955,,
Weddings by Arkscope,"S2, C-Block, Asta Avm, Arcot Rd",7299959880,,
