Good Earth City Center,Not available in text,9650988373,,,
K Photography,Not Available,9540005008,,,
Ajinkya Jadhav Photography,"Business Square Complex,207 Opp DSK Ranwara, Society",9975070006,,,
Dazz Photography,"Unit: 209 , Dazz Photography,Lunkad Skymax , Datta",8390367637,,,
Wolfhead Photography Service,"Kirti, Plot No 36/44, 3, Lane No. 3",N/A,,,
Pixelworks Photography,"C203, GINI",9130000075,,,
Pixelworks Photography,"C203, GINI VIVIANA",9284880394,,,
Amour Affairs Photography,"Rowshni Bungalow, 5, Finance Rd, opp. Ministry of Defence",9921000052,,,
Pune Dusk Photography,"Swojas One 503, Paud Rd, beside Geetai Sankul",9767998811,,,
,Ram Indu Park Rd,,Anshum M Photography,099230 00877,
Deep Achtani Photography,"111, First Floor, 10 Biz Park, New Airport Rd, beside Symbiosis Law College",9021709825,,,
The Picture Talk Photography,Beside Symbiosis Law College,9021709825,,,
Ashish Gurbani Studio,Antariksh Tower,9960918151,,,
Bliss Memoir Photography & Films,"Office no-1, Plot Number: 11, SHANKARRAO MORE HOUSING SOC, Near Katakir Misal, PANAND ROAD",8605113018,,,
Snappstory Photography & Films,"Flat 110, 1st Floor, Herbal Life Club, Laxmi Residency Society, 51, BG Shirke Rd",9307607787,,,
THE NEXT LEVEL PHOTOGRAPHY,"Brick Castle, A wing, 901",7350791574,,,
JS Photography & Films,"Segment 17: Castle, A wing, 901",7903243332,,,
Mahanagar Co-op Bank Ltd,"Office No. 204, Morale Complex, Manjari Rd, above Praveen Sales",7903243332,,,
Anshum M Photography,Ram Indu Park,notavailable,,,
Anshum M Photography,Ram Indu Park Rd,9923000877,,,
SACHIN PATIL PHOTO AND VIDEOGRAPHY,Pebbles 2 by Abhinav Group & Rainbow Housing,9028388218,,,
Abhinav Group & Rainbow Housing,"S.no 134/35 Shree Prak, Mundhwa - Kharadi Rd, near Chate School",9028388218,,,
Iris Studio - E Commerce Photography,"A4 tower, Ganga Legends County",7030370777,,,
Sameer Belvalkar Photography,"Anand Dham, 810/B, Law College Rd, next to Ather Showroom",9823033270,,,
,"Shop No 02, lane no 6 Duttraj Colony, Pawar Nagaar, Thergon Pune",,AVL PHOTOGRAPHY PUNE,097622 02330,
AVL PHOTOGRAPHY PUNE,"Shop No A1, Mulani Complex, Kharadi Rd, opp. Padmachaya Housing Society Road",9834930840,,,
Eyes Pixel Professional Candid Photographer,"Segment 27: Rd, opp. Padmachaya Housing Society Road",9834930840,,,
Mahanagar Co-op Bank Ltd,"504, 5th Floor, Karan Clarissa, Near Borikar Hospital, NDA Road, Malawadi Warje Flyover",7903243332,,,
Bliss Memoir Photography & Films,"Office no-1, Plot Number: 11, SHANKARRAO MORE HOUSING SOC, Near Katakir Misal, PANAND ROAD",8605113018,,,
Maxraj Photography,Nandan Acura,9762223191,,,
Deep Achtani Photography,"111, First Floor, 10 Biz Park, New Airport Rd, beside Symbiosis Law College",9021709825,,,
Ashish Gurbani Studio,"Beside Symbiosis Law College, Antariksh Tower, Pune",9960918151,,,
Snappstory Photography & Films,"Flat 110, 1st Floor, Herbal Life Club, Laxmi Residency Society, 51, BG Shirke Rd",9307607787,,,
Sandip khutwad photography,"S. no, Shop no.3, Chanra Aagan Ganraj Heights, 15/16",8421820203,,,
"['Perfect photography in pune city', 'Manish Punekar Professional Photography', 'A Lasting Impression Photography Studio']","['Aagan Ganraj Heights, 15/16', 'Shubhankar Apartments, B/23, next to Kothrud Tele Exchange, next to Hotel Green Food', 'Shop No.-02']",,,,
A Lasting Impression Photography Studio,"Shop No.-02 , Dhondiba Niwas, Sinhgad College Rd",9130690009,,,
Wolfhead Photography Service,"Kirti, Plot No 36/44, 3, Lane No. 3",9130000075,,,
,"C-02, Bramha Estate Road, Shop # 40, Kondhwa Road",,Husains Photography,091682 68110,
Rakesh Tatia Photography,B2A 1004,9823445459,,,
Rakesh Tatia Photography,"B2A 1004, Sonigara Kesar Rd",7976737453,,,
Artscape Weddings,"Sr. No. 52, Nehru Park, Lane Number 30",9762786799,,,
Artscape weddings,"52, Nehru Park, Lane Number 30",9762786799,,,
Shital Photo,"Bungalow no 3, Acacia Garden, Pune",9924144533,,,
KN Photo Studio,Ishanya Mall,9604432362,,,
Prachi.Amit Photography,"Nyati Estate Road Nyati County, Mohammed Wadi Nyati Esteban, C1 603",9604432362,,,
Nagesh Wagh Studios,"3, Elite Elegance, Veerbhadra Nagar Rd",8308387007,,,
Nagesh Wagh Studios,"A 603, Kumar Palm Meadows, opposite Trendz Furniture Mall",7588281196,,,
Abhi Borhade Photography,"Pandurang Niwas, Dattanager",9881581515,,,
Ajay Khot Photography,"19, Shree Alok",9766076638,,,
Vivahdarpan Photography and films,Namratali,9422444093,,,
Vivahdarpan Photography and films,Namratali Apartments,9422444093,,,
Sachin Gupta Photography & Films,"2070, Jan Mohammad St",8010021459,,,
Pranjul Photography,"Jade 601, Gulmohar City Internal Rd, behind Zensar IT park",9819477363,,,
Shades of Aşk Photography,"301, Chandan colozium, Wakad Chowk Rd, near Mahindra Showroom",7720069677,,,
Mazel Tov Studio,"B2, MANJRI GREENWOODS 301",8910873221,,,
Achal Photography,"The Prestige Avenue, Baner - Pashan Link Rd",9130565027,,,
Omkar Dasari Photography,"142, Raviwar peth, Kachi Aali, Pune-411042",8421274781,,,
Arunava Chowdhury Photography and Films,"Paper gully, 369",9011066852,,,
Mandar Pande Photography,Belleza society,9822729717,,,
Mandar Pande Photography,"Lunkad Garden, RH6",9822729717,,,
Nikhil Jagdale Photo n Films,"Shubhashri Apts 2 nd floor, above Cool top Services, near Vrushali Slimming Centre",9822284771,,,
Cool top Services,Near Vrushali Slimming Centre,9822284771,,,
Nikhil Jagdale Photo n Films,"Shop no.1, Kalpana Tarang Building, bldg, Karve Rd, opp. to Ranka Jewellers",9579199919,,,
Abhishek Joshi Photography,"Plot no.10, Anant",7507133448,,,
Abhishek Joshi Photography,"Plot no.10, Anant niwas, Pushkraj Society, Sai Chowk, Jagtap Dairy Aundh-Chinchwad Road",9403542187,,,
Pranita Chaskar Photography,"Bhaktgan society, MIG Colony",9049924127,,,
The Portrait Studio,"Kumar Pavilion, #27, 2427, East St, opposite Bank Of India",8928994242,,,
Cozyshots by Sampada,"Flat no 102, Chaitanya terrace behind Springfield Soc. Manaji nagar, Narhe near, near Ganpati Mandir",9921200070,,,
Sharda Photo Studio,"453/54/55, SHop",9921200070,,,
"['Regency Classic', 'Sharda Photo Studio', 'PHOTOFINE Photography']","['453/54/55, Shop No. 3, behind Apollo Theater', 'Sinhgad Rd']",,,,
PHOTOFINE Photography,"Segment 71: Shop No. 3, behind Apollo Theater, Sinhgad Rd",9765407408,,,
Vivid Stories,"Flat No 405, Asawari Society, I building",9405019161,,,
ALL IS WELL PHOTOS,"Plot-5, Manmandir housing society, Jagtap dairy Chowk, behind Shivar Garden Hotel, near Shiva Heights C building",8888849487,,,
AVP STUDIOS,Akshay kalbhor Films,N/A,,,
AVP STUDIOS,"Oyo townhouse, harpale wasti, Shop no.9, Vaibhav heights, Fursungi Bhekrai Rd, nr. KUMAR PARK INFINIA",9762388474,,,
"['Shubham Phadke Photography', 'Catchlight Portraiture Film']","['Segment 76: Bhekrai Rd, nr. KUMAR PARK INFINIA', 'near Zambre Palace', '1018, 1st Floor, The Space']",,,,
Catchlight Portraiture Film,"1018, 1st Floor, The Space",8983091624,,,
,"Housing Society, Plot No103, Sai Krushna Building Lane 2C, Baner - Balewadi Rd",,Vibrant Shades Photography,089830 91624,
Magic Vision Photography,Opp PCMC Hospital,9422344563,,,
,"Tulshibagwale Colony Rd, Opp PCMC Hospital, Near Vegetable Market",9422344563,,,Magic Vision Photography
Niraj Suryawanshi Photo And Films,Near Vegetable Market,8149920120,,,
Segment 82: Photo And Films,"Prabhat Road, Lane",8149920120,,,
Shaikh Photography,Not provided in the text,9767596361,,,
Photo World Studio Pune,"Segment 84: Road, Lane No. 7",9766763877,,,
Photo World Studio Pune,"Halleluia Building, 62, Israel Lane, near Noar hall, opp. Mukund Bhoj",9822365804,,,
Ravi Jadhav Productions,"Disney park, Azad Nagar, Wanowrie, Pune, Maharashtra 411040",8483096303,,,
Fotoera.in,"Chintamani Residency, Flat No 7",9511713181,,,
CK Photography India,"TOWER-C, Pancham Society",Notprovidedinthetext,,,
CK Photography India,"TOWER-C, Pancham Society, 103, Nanded City Sinhgad Rd, opposite to pawar school",9028099343,,,
Wedding Glints - Photography & Films,"Plot no 38, Ground Floor, Dnyandeep Colony",8408880008,,,
Zuber Memon Photography,"The Camden, Lane, Lane E",9970107177,,,
MH12Weddings,"1st, Kaivalya Apartment, Anand Rao Thorat Path",8830989454,,,
A.S.G. Films & Photography,"619, Pulachi Wadi Rd",8668289035,,,
Vikram Roheda Photography,"Prem Nagar Housing Society, Plot Number 12 Om Paban Bungalow, Pune - Satara Rd",9359339821,,,
Pixon Pictures,"Office no. 3, Sundar Shilp Apartment, Near Yashwantrao Chavan Natyagruha, Tanaji Chowk",9921343995,,,
Canonik Photography & Films,"Canonik Photos, Shivaji Chowk, Mathura Society, above Ramdev Trading company",9168207999,,,
Ramdev Trading company,"Mathura Society, Segment 97, Pune, A902, Mumbai Pune Bypass Rd",9168207999,,,
PhotoFast Studio,"Shop No. 35/36 1st Floor, Bhosale Shinde Arcade, Jangali Maharaj Rd",9604971213,,,
Jitesh Patil Photography,"1st Floor, Soham Bungalow, 16/11, near Doctor Ambedkar Chowk",9890999698,,,
Edita photography,DSK Ranwara Rd,8999294828,,,
Edward Anthonydas Photography,304 Ashmit Residency Undri Chowk,9371878753,,,
Fineshot Weddings,"Mallika Apartments, Lane No. 1",7888146111,,,
Ratanzs Art Colourz Photo Studio,"K-4, MG Road, near BIBA",2040068080,,,
Rehan Photo Studio ( PUNE ),"E-15/1, Armament Colony, Goalmarket",9623019919,,,
Rehan Photo Studio,"lane no - 05, Old Mumbai - Pune Hwy",9922347282,,,
"[{'name': 'Viraj khedekar photography', 'address': '7, kunal apartment, near saneguruji school', 'phone': '093261 36136'}, {'name': 'Ajay Bramhane Photography', 'address': 'Not available', 'phone': 'Not available'}]",,,,,
Ajay Bramhane Photography,"Lane No. 7, behind Shivam jwellers",9370574154,,,
PAPA PHOTOARTIO ACADEMY OF PHOTOGRAPHY ART,"Second Floor, Venture, Bus Depot, No 94/4, Plot, No 5/2, above McDonalds, Paud Rd, opposite Kothrud",9881553815,,,
PixelsPune Photography,"Segment 109, Paud Rd, opposite Kothrud, Pune",9881553815,,,
Bharati Vidyapeeth’s School of Photography,"Bharati Vidyapeeth Campus, Dhankawadi, Pune - Satara Rd, opp. Katraj Dairy",2024365191,,,
New Golden Art - Industrial Films & Photo,"Shop No.16, Swojas House, 1159, Near Hatti Ganpapti, Bhopatkar Rd",9822026176,,,
Monks In Happiness,Row house 3,9890345993,,,
Monks In Happiness,"Row house 3, Shroffs Soleno Residential, Baner - Mahalunge Rd",7498485687,,,
Muse Photography Studios,New Friends Society E1 Building,9420005224,,,
Muse Photography Studios,"697, Taboot St, next to A.S leather zone, near Husseny Bakery",9860770331,,,
WHITE SHADOWS School of Art & Photography,"Business Guild, #203, Law College Rd",9823019057,,,
WHITE SHADOWS School of Art & Photography,"Off. No.6, Bramha Chambers, Lokmanya Bal Gangadhar Tilak Rd, near Janata Bank",9822845294,,,
The Photographers Blog - Pune,"5, Rachana Heritage, 106/6, Prabhat Rd",9822845294,,,
Segment 119,"5, Rachana Heritage, 106/6, Prabhat Rd",N/A,,,
