Voila Studio,"Unit 1007-08A, WellDone TechPark, Badshahpur Sohna Rd Hwy",098105 54548,,,
,"Plot 605, near The Aralias",,"Memories by Barkha - Best Maternity, Newborn, Baby, Toddler Photoshoot",8595419756,
,"3rd Floor, Plot No",,Bring It Online Media Pvt Ltd,9958054444,
,"3rd Floor, Plot No 4, KH.132, IGNOU Main Rd, opposite Hero Service Center",,Bring It Online Media Pvt Ltd,7042489884,
,"191 P, Lower Ground Floor, near Unicosmos School",,EventGraphia,9899312999,
,C-13 LG Floor,,Lens Mount Creative Pvt. Ltd.,N/A,
,C-13 LG Floor,,Lens Mount Creative Pvt. Ltd.,9811114384,
,"Southend Floors C-7, Ground Floor",,Knot Just Frames,N/A,
,"C474, Second Floor, Block C, Gate M1",,Faizan Patel Photography,9910061939,
,"C474, Second Floor, Block C, Gate M1, C-11",,Faizan Patel Photography,9811816009,
,"Sector 66, Golf Estate Road, Golf Course Ext Rd",,"Anega Bawa - baby, maternity & newborn photography",9810132036,
,"1st Floor, 9, M-11",,Twogether Studios,9811124288,
,"1st Floor, 9, M-11",,Twogether Studios,9810165810,
,"Shop No. 218/228, South Point Mall, Golf Course Rd",,Natraj Studio,9213115454,
,J-70,,Cup of Stories,8447427065,
,"Vatika G-21, in front",,The Camera Shoot,8447427065,
,"180 b, Basement, near Shiv Mandir",,STUDIO SABI,8800061640,
,Segment 18,,Matrikiran School,8800061640,
Big-icon Studio,"E-96, G K Enclave - 1, L G Floor",098996 46978,,,
,"Shop No. 3 Ground Floor, jai bajrang bali CHS, Kalpataru Building, Plot no - 181, Khamdev Nagar Rd",,Clickkerspot Advertising Photography,9899646978,
,"Studio No. 113, Bombay Dyeing Compound, Unique Industrial Estate, near Siddhivinayak Temple",,Clickkerspot Advertising Photography,9167041410,
,"6/45 first floor, 4, Mahatma Gandhi Rd, near rosary church, opposite bhavna chemist",,PK PHOTOGRAPHY,9076374046,
,"1302, Palash Towers C Wing, EVERSHINE COSMIC, opp. Infiniti Mall",,PK PHOTOGRAPHY,8888766739,
,"112, First Floor, Adishakti building, Mahatma Gandhi Rd",,MJay Photography,9029182256,
,"Building No 4, Prem Sagar, D-102, opp. to Bank of Baroda",,Shital Photo Studio,7276732457,
,"Bungalow No.184, SV Patel Nagar, Jankidevi School Road Near Versova Telephone Exchange",,Shital Photo Studio,9924144533,
,"40, 1 st-66937914, Say cheeze photography, Swastik Plaza, Vaikunthlal Mehta Rd, next to Kala Niketan",,Say Cheeze Photography,9820287027,
,Shastri Nagar Rd Number 1,,ShutterspeedIndia,N/A,
,Saki Vihar Rd,,ShutterspeedIndia,8981767266,
,"22/180 1st Floor, GulMohar Society, Motilal Nagar 1 Goregaon West, Lane Oppsite",,Alive Kraft Studio,7303707770,
,"A-402, 4th Floor, New Hill View CHS, bus stop, Lal Bahadur Shastri Marg, near Veena Nagar",,Mumbai Wedding Company,8070805959,
,"1105, Crescent",,True Shades Photography,9819389429,
,"1105, Crescent Royale, Opp VIP Plaza, Off New Link Road, Andheri West",,True Shades Photography,9920144211,
,"C.H.S LIMITED, Shree Darshan, D-17, 9TH, Khemraj Srikrishna Das Marg",,Aspire Photography,9967096180,
,"['D-17, 9TH, Khemraj Srikrishna Das Marg', 'JK Mehta Rd', 'Hospital, Bhulabhai Desai Marg, opp. Breach Candy']",,"['Talking Pictures By Hitesh', 'Anupa Shah Photography']",,
,"Hospital, Bhulabhai Desai Marg, opp. Breach Candy",,Anupa Shah Photography,9930678116,
,"A/1204 SUBHAKARMA HOUSING SOCIETY, MD Kini Rd",,Photo Creators,8910578820,
SUBHAKARMA HOUSING SOCIETY,MD Kini Rd,089105 78820,,,
,NM Joshi Marg,,The Photogenic Studio by Ajit Rane,8898383565,
,"B block, 2nd floor, room no 27, Raobahadur SK Bole Rd",,The Photogenic Studio by Ajit Rane,9821108079,
,"Shop No 2, Sneha Sadan Ashram, near WEH",,Wedding Studio India,8652065179,
,"Kambli Wadi, VS Khandekar Rd, near SRL Lab",,Navin Surekha Photo Studio,9820404033,
The Wedding Knights,"Flat no 504 Building F 19, Green Crest",098811 50061,,,
,"369/2959, Khandan Galli, 2, Mahatma Gandhi Rd, opp. Mumbai Food Factory",,Tow Faces Media,7045974035,
,"7, Shristhi Complex, L and T Flyover",,KRIPA PRAJAPATI,7710888220,
,Om Heera Panna,,Israni photography,9372194847,
,"Om Heera Panna Mall, Office No. 205, 2nd Floor, Oshiwara Police Station Rd",,Sandesh Jayakar,9820360040,
,Oshiwara Police Station Rd,,Mumbai Thane west travel company,9821192777,
,Unavailable,,Mukta Thakur Photography,9022856943,
,Not available,,Thakur Photography,9022856943,
,"56/12, Teekay",,Vikram Kataria Photography,9004431794,
,"56/12, Teekay Menthol, Besides Shemaroo Entertainments",,Vikram Kataria Photography,9819853331,
,"1308, A-WING, Kailash Business Park, Park Site Rd, Vikhroli West, Mumbai - 79",,WhatKnot,7710006535,
,"Vikhroli West, Mumbai - 79",,Gaurav Doshi Studio,7710006535,
,"507, Loha Bhavan, 93, P D'Mello Rd",,Gaurav Doshi Studio,9167464446,
,"Shri, Shreeji Harmony, Shri Raghavendra Swamiji Marg",,Dream Box Photography and Films By Charlston D'souza,9930645509,
,"7 Sunshine, Govind Patel Road, Danpada",,Dream Box Photography and Films By Charlston D'souza,9930535212,
,"6B, Whispering Palms, 1002",,Shivani Goyal Photography,9833699499,
,"Segment 59: 6B, Whispering Palms",,Shots By Stuti Studio,9819799967,
,"House No. 147, near Spencer",,Flashbacks Photography LLP,9004117271,
,"House No. 147, near Spencer Gym, behind Geeta Vihar Hotel",,Flashbacks Photography LLP,9820372183,
,"404, 4th Floor, Park, Parth Business Plaza, New Link Rd",,THE BOMBAY STUDIO,9820360040,
,"301-A, Mota Mahal, 3rd Cross Rd, near High Point Restaurant",,GreyRabbit,9820349777,
,"PMGP Colony, Room No - 8, C - Wing, Prince Park Building Near Maharashtra Nature Park, Sion",,ReCreative,7021571455,
,"Platinum Mall, Office No. 30",,The Photo Lab,9821998020,
,"Platinum Mall, Office No. 30, Opposite Ghatkopar Station",,The Photo Lab,8082009122,
,"Gala Quest, Paranjpe Building, SeventybyTwo Wedding Stories, B 403, B Scheme Road, opp. Naturals Icecream",,SeventybyTwo - Wedding Stories,9819340501,
,"A1 603, LOK RAUNAK TOWERS, Marol",,Adrian R Photography,8169188294,
,B-7/71,,Camerazzi Photography,N/A,
,"B-7/71 Greenfields, Jogeshwari - Vikhroli Link Rd, opp. Salaskar Garden",,Camerazzi Photography,9819885742,
,"No. 20, Plot No. D, 5th Segment 71: Rd, opp. Salaskar Garden",,SLICK Weddings,8928768086,
,"No. 20, Plot No. D, 5th Rd",,SLICK Weddings,9004633038,
,"Raj Tower, Shop no. 10, A wing, Jogeshwari - Vikhroli Link Rd",,Rawani Studio,9833500031,
,"Harikripa Niwas, 102",,Rawani Studio,7827058095,
,"2nd floor, landmark:above Tewari brothers restaurant, Bar stock exchange bldg, Juhu Supreme Shopping Centre, Gulmohor, Cross Rd Number 9",,Natalia Studio,8104836815,
,"Old Nagardas Rd, opposite BJP Office",,Mehool Studio,9819634488,
,"Office no 802 & 803, Mclarens Insurance",,KnotsbyAMP,N/A,
,"Office no 802 & 803, Mclarens Insurance & Loss Assessors India Pvt Ltd, Mahavir Icon, Plot 89 & 90, Mumbai",,Devang Vyas Photography,9987071831,
,"Unit F, Near 44, New Link Rd, near Inorbit Mall, Mumbai, India",,VsnapU Photography,9987071831,
,"Silver Arch, near Lokhandwala Circle",,Harendra Das Photography - Wedding Story Films,7021930168,
,"3, RC Marg vijay nagar, opp. navjivan society",,Clickarts Photography,9870257600,
,"Segment 82: nagar, opp. navjivan society, Mumbai",,clickart photography,9870257600,
,"Dr, CG Rd, near Jai Hind Market",,Atmaj Rane Photography,7977691062,
,"A 211, Virwani Industrial",,,9321166551,Studio211
,"A 211, Virwani Industrial Estate, Est, Western Express Hwy, opposite Oberoi Woods",,Studio211,9819742009,
,Vashi,,Kesar Photography,N/A,
,"Vashi Plaza, A wing, Ground Floor",,Kesar Photography,9321856915,
,"C116 Eastern Business District, LBS Marg, Bhandup-west",,Wide Angle Commercial,Notavailable,
,"171, Swami Vivekananda Rd, near Vaishnav Banquets",,Filming B Productions,8879867455,
,"171, Swami Vivekananda Rd, near Vaishnav Banquets, opposite Shatabdi Hospital",,Mint & Peach Photography,9494947412,
,"Iris Apartments, opp. MTNL",,Mint & Peach Photography,8104836352,
,opp. MTNL,,Iris Apartments,8104836352,
Spinthiras Media,"Segment 93: 401, Trimurti View, near Darshan society",090291 82256,,,
,"Plot no 7, 1st floor, Green Villa, Near, Kennedy Bridge, Jyoti Studio Compound, Nana Chowk",,Spinthiras Media,564222910,
,"507, 5th Floor, Conwod Paragon, opp. Indian Oil Petrol Pump near Hub Mall",,The Portrait Company,9833699499,
,"F/6, Zakaria Industrial Estate, Marol Maroshi Rd, near Saraswat Bank",,The Portrait Company,9820987979,
TanviTaufu,"1112, JMS Business Center Opposite Anupa Public School, Patliputra, near Behram Baug",098196 69183,,,
,"Patliputra, near Behram Baug",,Yellow Pumpkins,9819669183,
,"1209, Sunshine Tower, Senapati Bapat Marg, Dadar West",,Master's Digital Photography School (MDPS),7021934146,
,New udyog,,Kidzography,8850159652,
,"New udyog mandir 2, bethany cooperative, Pitamber Ln",,Kidzography,9930268872,
,"shop no 2, Sharma punjabi chawl, Shastri Nagar Rd, near Radhakrishna Temple",,Prem photos studio,9870137204,
,"Plot No. 21-B, near Ayyappa Temple",,Rohan Shinde Photography (RSP),9967124778,
,"Sea crest 2, next to nana Nani",,Clicks Unlimited Photography,N/A,
,"GAON, DUBE",,MOHIT MALHOTRA PHOTOGRAPHY,N/A,
,"GAON, DUBE HOUSE, opp. VISAVA HOTEL, near FISH MARKET",,MOHIT MALHOTRA PHOTOGRAPHY,9819222795,
,Ramakrishna Chemburkar Marg,,Deepak Kumar Photography (Image Photo Studio),9833483327,
,"Shop no 7/8, Dattakrupa, Bhiwandi Nizampur City Municipal Corporation, Main Building, Near, Ashok Nagar Rd",,Deepak Kumar Photography (Image Photo Studio),7020830803,
Jiyaa Arora Design Photography,"Nirvana, 601, 4th Rd, opposite bhabha hospital",098191 11198,,,
,"207 Sadhna Complex, Radhne Krishna Mandir complex",,Ecommerce Product Photography,9833074070,
,"B/303, Shree Kapreshwar Krupa hsg. soc, Rambhau Bhogle Marg, opp. Mohankheda Heights",,Sachin Navghane Prewedding and Wedding Photographer,9833074070,
,Opp R City Mall,,Frames by Chitra,9265130886,
,Sahar Rd,,Studiofinearts,9265130886,
Shivalaya Studios,E-commerce photography | Photography studio on rent in Mumbai,Contact information not provided in the text,,,
,"66/527 1st floor , H S Rupwate Marg, Rd Number 1, opposite Jai bhim Rikshaw Stand",,Shivalaya Studios,8779658859,
,"No. 20, Andheri (E), Mumbai",,LoveShootRepeat,9619891066,
,Shanti Kutir,,Wigglebum Infant Photography,9619018058,
,Shanti Kutir,,Wigglebum Infant Photography,9833497774,
,,,Shanti Kutir,9833497774,
