company,address,phone,name,name_of_the_company,companies,name of the company
Fricap Security Pvt Ltd,"33 Plot no, Fc, 8 Jasola Vihar, New Delhi, Delhi 11025",011 4526 1246,,,,
,Old GST Rd,080158 58604,Black Cats™,,,
,"1st floor, Jeeva Complex",072992 99141,Benny Q Systems,,,
,"No.2, Diamond House, Reddipalayam Road",076674 22211,CRYSTAL SOLUTION,,,
,"Plot no 12A, Sri Kanchi Kamatchi Nagar Rd",063790 45894,Bloom Hometech Solutions,,,
,"NO-1962 2nd FLOOR 18th Main Road, SRP Colony 4th St",098840 43143,RSV GLOBAL SYSTEMS,,,
,"No: 60/5, 1st Floor, Bharathi St, near Railway Station",086828 26272,E-Sync Security Solutions,,,
,"No.40, Muthu Mariamman Koil St",098408 46666,ATSS - Technology Solutions Provider,,,
,"46, Irusappa St, behind Deepa Jewelry",Not Provided,Secure Bazaar,,,
,"43, Bharathi Road",086087 79063,Om Security Systems,,,
,"Plot no.350,Door no.1, 17th street, 5th Ave",084286 06060,Global Secure Vision,,,
,"SHOP NO F10, FIRST FLOOR, RAM LAKHAN CHAMBERS, No,22, Meeran Sahib St",080128 93460,CUBEVISION SECURITY SOLUTIONS,,,
,None specified,None specified,SBM TECHNOLOGIES,,,
,"161, First Floor Strahan's Road",090031 04585,,SBM TECHNOLOGIES,,
,"1/146, 1st Main Rd",090807 93101,,Get Technology,,
,"2nd floor,No.37, 1, Sivan Koil S St",097918 56703,,The New Gen Technologies,,
,"No 14,First Floor, Arcot Rd",096000 72040,,CAMTEL SOLUTIONS,,
,"no 28 1st floor, murugan tower, Wallers Rd",082480 50848,Preethi Solutions,,,
,"No : 1, 76, Pillayar Kovil Street, near Karpaga Vinayagar Koil",090030 09805,Vinayaka Systems,,,
,"3rd, Gip Parking",,Reliance Digital,,,
,"3rd, Gip Parking, Plot No A2, adjacent to Amusement Park",0120 412 1753,Reliance Digital,,,
,"Shop No 2, Ground Floor, Pacific Mall, Delhi Metro Airport Express Line",085914 04554,Reliance Digital,,,
,"No GSA26, G16, Ansal Plaza",085914 04552,Reliance Digital,,,
,,,,,"[{'name': 'Safeguard E-Security Systems', 'address': 'A 6 Kosala Flats, # 12 Srinivasa Road, Gopathi Narayanaswami Chetty Rd, near Kannadasan Statue', 'phone': '044 4557 6407'}, {'name': 'MR.PERFECT SOLUTIONS', 'address': None, 'phone': '072002 08420'}, {'name': 'Reliance Digital', 'address': 'Commercial Complex, Shop No 02/02 & D2, Southern Park, Mall', 'phone': '088508 65747'}, {'name': 'Realtime Security Zone', 'address': 'No-9/13, S.S.arcade, Wallers Rd', 'phone': None}]",
,"7, Athipattan St, behind GOVERMENT ESTATE METRO STATION",095008 88100,,METTLE SURVEILLANCE INDIA PVT LTD,,
,"70, Venkatesan St",,,DBS CCTV & Computer Shop,,
,"No 14, First Floor, Arcot Rd",096000 72040,,CAMTEL SOLUTIONS,,
,"No S231/232/233, 2nd Flr, Ambience Mall, Nelson Mandela Marg",081696 24825,,Reliance Digital,,
,"SSS Smart Cell Opposite, Pillaiyar Koil St",093666 67766,Eyeon Info System,,,
,"17, Usha St",098426 03261,Aulpha Technologies,,,
,"Plot No 1, Dwarka City Center3",,Reliance Digital,,,
,"Plot No 1, Dwarka City Center",093153 97215,,,,Reliance Digital
,"Shop 1, 2, 3 and 4, PN 9",085919 22378,,,,Reliance Digital
,"No A1, 6, Ring Rd, next to Nexa Showroom",081696 30705,,,,Reliance Digital
,"Ground & 1st Floor, East Metro Station, No B1/635, Upper, near Janakpuri",081696 97135,,,,Reliance Digital
,"2nd Floor, Ambience Mall, Delhi",,,,,Reliance Digital
,,,,,"[{'name': 'Reliance Digital', 'address': '2nd Floor, Ambience Mall, Delhi - Jaipur Expy, near Gurgaon - Delhi Expressway', 'phone': '085914 04551'}, {'name': 'BHARATHI SAFETY SOLUTIONS, CCTV CAMERA & FIRE EXTINGUISHER INSTALLATION AND SERVICE', 'address': 'No 5, KNV nagar, pillaiyar Kovil street', 'phone': '087784 03337'}, {'name': 'The New Gen Technologies', 'address': '2nd floor,No.37, 1, Sivan Koil S St', 'phone': '097918 56703'}, {'name': 'CCTV Camera Consultant - ATSS', 'address': 'No.3763,T.N.H.B, 6th Main Rd', 'phone': '091500 12345'}]",
,"148, 10, Periyar St",098404 56620,S.K.SYSTEMS,,,
,"1/75C, Bharathi Nagar 2nd St",097898 08247,Global Technology Systems,,,
,"Shop No. 8, Narasingapuram St",098402 56952,Sidhi Vinayak Security Systems,,,
,"44A, 79A, Panchali Amman",,Altron Security Engineering India Private Limited,,,
,"44A, 79A, Panchali Amman Koil Street",044 2363 3050,Security Engineering India Private Limited,,,
,18,091711 26666,ACTIVE SYSTEM INTEGRATION,,,
,"37, Bungalow Rd, opposite Amitabh Guest House",011 4034 6079,Reliance Digital,,,
,"No.3763,T.N.H.B, 6th Main Road,Ayapakkam",091500 12345,Active Total Security Systems - ATSS,,,
,"Shop No-04, 1st Floor, Nakoda Towers, 09, Narasingapuram St",044 4857 1991,The Haven Securities,,,
,"gee gee electronics complex, GROUND FLOOR 2/3 NARASINGAPURAM STREET Old Indian Bank complex, 02, Anna Salai",,Secure-It Store,,,
,"No 40, Throwpathy Amman Koil 1st St",099623 05678,YUVANESH SECURITY SYSTEM,,,
,"First Floor, No. 58A, Ambattur Red Hills Rd",086681 54616,Skay Solutions,,,
Mind Focuz Infosystem,"No 60, Nagappa Complex, OMR Road, opp. to Sivan Temple",093440 74564,,,,
Security360 Solutions,"Bhaggyam Cascade, 8, Jagadambal St",089396 38329,,,,
vsecure systems,"95, Rajaji St",,,,,
Faiz Tronix,"SHOP No. 21, DOOR, 1, Narasingapuram St",098413 72786,,,,
,"New No 2 Old No 36, Sunguvar, Agraharam St",098413 16448,,,,ACEMETRO ELECTRONICS INDIA PRIVATE LIMITED
,,,,,"[{'name': 'Nakoda arcade', 'address': 'No: 17, Meeran Sahib St', 'phone': '097911 21531'}, {'name': 'RGB Infotech', 'address': '1, Athipattan St', 'phone': '070109 59177'}, {'name': 'ARAM CCTV SOLUTION', 'address': 'No-12/5, FIRST FLOOR, GANGAI AMMAN KOIL 2ND STREET, KAMARAJAPURAM, CHENNAI 600042, near Phoenix Market City', 'phone': '075502 41717'}, {'name': 'Sree Sastha Surveillance Solutions', 'address': '31', 'phone': '097911 73704'}, {'name': 'Shanmuga Linga Security System Tech', 'address': 'No.4/228, , MGR NAGAR SRP TOOLS BUS STOP NEAR PURACHI THALAVI 12TH STREET PERUNGUDI', 'phone': '094451 83972'}]",
,"No. 1/1, Kavarai St",096001 67073,,,,Jayam Tech Enterprises
,"No 1 , ANGANESWARAR KOIL STREET",088075 47259,,,,MICROTECH CCTV SYSTEMS
,"Block No 33 , Door No 21",094449 45938,,,,Secure Zone Solutions
,"No.31, 1st Floor, T.S.No. 5/2, Vetri Nagar, Water Canal Rd",097919 37765,,,,Magtech Security Systems Private Limited
,"No. 78, 23, 2nd St",095001 72001,View Secure Technologies,,,
,"No 30/91 1st floor, 1st St",099410 52221,Staticeye Control Systems Private Limited,,,
,"No:154 Ground Floor, Tholkappiar St",Open ⋅,Thiruvalluvar Secure Solutions,,,
,"No:154 Ground Floor, Tholkappiar St",096980 71644,,,,Secure Solutions
,Shop No. 1326,098843 94983,,,,Ss Cctv Camera
,"Wavoo Mansion, #58/39, 1st Floor(107, Rajaji Rd",098846 43215,,,,MIFWAA TECH
,"10/1, Kaveri Street",073959 67733,,,,Skystar Solutions
,"No:1/20 ground, Anjuman Complex, Narasingapuram St",Unavailable,,,,Ketsecured
,"No: 99/18 First Floor, Padi Kuppam Road",096266 96262,Atechs System Integrator Pvt Ltd,,,
,"79A/45A, S1, Panchali Amman Koil Street",044 2472 7298,ALTRON SAFETY & SECURITY ACADEMY,,,
,"Mahaveer Complex, Rajguru Infotech 26, Meeran Sahib Street, Shop No. 1, 2nd Floor, Anna Salai",044 4206 7799,Focus Plus,,,
,"No-348, 1st Floor, Anbazhagan",Not provided,YAHYA SYSTEMS,,,
,"No-348, 1st Floor, Anbazhagan St",090923 46221,YAHYA SYSTEMS,,,
,"3rd Floor, No.3, Sunguvar St",044 4001 9039,UNIVIEW TECHNOLOGY INDIA PVT LTD.,,,
,"38, NO: 18 NAMBI TRADE CENTRE, 14, Narasingapuram St",No phone number listed,SMART SURVEILLANCE ALPHA,,,
,"No : 52,First Floor, 1st Main Rd",096000 81288,DACAM SYSTEMS PVT LTD,,,
,"Shop No-27, 34, Wallers Rd, near Canara Bank Atm",No phone number listed,Eagle Security World,,,
,444/B,098410 12212,Penta Security Systems,,,
,"NO.16, G19 GROUND FLOOR, Kalyan Trade Centre, Wallers Rd, opp. CANARA BANK",No phone number listed,V7 SYSTEMS,,,
,"10, Devarajulu St",090924 39152,Yubix Business Solution,,,
,"2nd Floor, No, Shiv Apartments, 80B, Pillaiyar Koil St",098402 58035,SND NETSOL PRIVATE LIMITED,,,
,Insufficient address information,No phone number listed,Sentta Technologies Private Limited,,,
,"12, Srinivasa Rd",089258 22922,Sentta Technologies Private Limited,,,
,"Plot No Vc 3, Mahagun Metro Mall, 230 & 231, 2nd Flr",0120 431 5156,Reliance Digital,,,
,"Aero Business Tower, Police Chowki, GDA Commercial Complex, near Surya Nagar",0120 496 8524,Reliance Digital,,,
,"Crown Interiorz Mall, NH-19, near Sarai Khwaja",081696 34975,Reliance Digital,,,
,"7/12, M.T.H road, ambattur industrial estate, chennai",090948 25977,Ecube,,,
,"No.64, TAAS Mahal, 4th Floor, Red Cross Rd",07397 460 920,ELV Technologies,,,
,"Annai Illam, M52, 102, SRP Colony 5th St",090259 94291,SVJ SMART SOLUTIONS,,,
,"2nd Floor, 49, Vellalar Street, Medavakkam Main Rd",072007 99326,MR.PERFECT SOLUTIONS,,,
,"New No.57 (Old #23). 1st Floor, 4th Main Rd",044 4286 8386,,,,SAFEGUARD TECHNOLOGIES
,"67-32, Murugappa St",080 4898 7464,,,,Grandbiz Trading Enterprises
,"1, Inner Circular Rd",044 4203 2727,,,,Vandana Infoserve
,"No H1, Ground & 1st Floor",081696 26975,,,,Reliance Digital
,Unspecified,Unspecified,,,,Ontime Services
,"No.211/231, 229, Kamarajapuram 2nd St",086672 36195,Ontime Services,,,
,"nambi trade center, 8/1, Narasingapuram St",,ACCU-VISION,,,
,"17, Gollavar Agraharam Rd",098843 83833,Alert Security Solutions India Pvt Ltd,,,
,"Shop No:1, #50, Purasai Towers, 80, Ponappa St",096770 73434,Patrol Security Systems,,,
,"5/3,Subbrayan, Dayal Nagar 2nd St",,SKYVI ENTERPRISES,,,
,"No.10, Peeran",,HSN Networks,,,
,"No.10, Peeran St",096290 18212,HSN Networks,,,
,"Sundaram Apartment, 11, S2, Sreeram, K.G Street",090875 55500,MBAC Technologies,,,
,"E144, Saket Rd, near PVR Anupam Saket",011 4165 8697,Reliance Digital,,,
,"1st Floor, Crown Mall, No 12/7, NH 2, NH-19",085888 99093,Croma - Crown Interiorz Mall,,,
,"43, Balammal Nagar Main Rd",098844 29291,Rehoboth Multi Solution,,,
,,,,,"[{'name': 'Prama Hikvision India Private Ltd', 'address': 'No : 13, East, 9, Bishop Wallers Ave W', 'phone': '098844 29291'}, {'name': 'VGS TECHNOLOGY', 'address': '12A, N.T Patel Road, Thangal Karai Nerkundram', 'phone': '098845 52336'}]",
TNT Enterprises,"H.No.1-2-366/201, plot No 201, Banda Maisamma lane",098850 36396,,,,
,"Floor H.No 8, 1-299/5, First, 1-299/5",073827 37316,Dotin Security Systems,,,
,"F 203, 1-3-183/40/171 SVR Sai Abode, SBI colony",093468 92312,KURO Secure,,,
,4-25-3/1/114 sivarampally pillar no 242,099665 70111,CCTV Camera Dealers,,,
,"No:-61A, behind Sarada sarees",,AS Network Solutions CCTV Camera Installation,,,
,"No:16-2-741/D/17, Malakpet T.V Tower X Road, Moosarambagh Rd",099853 39988,Corlira Security Solutions,,,
,"lucid dignositic, P.J.R Arcade plot No.129\A, more, opposite near",093460 64113,CCTV CAMERA INSTALLATION SERVICES,,,
,999V+C9W Hyder Shah Kote,087222 68769,Digital Security System,,,
,"8-1-68/15/1, Manikonda Main Rd, near Vinayaka Nagar Bus Stop, opp. Sri Sai Ram Wines",094404 16007,The Security Zone,,,
,"MIG.233, near Madhuban Bus Stop",085009 84389,LUCKY SECURITY SYSTEMS,,,
,Open 24 hours,088855 98448,PTZ CCTV Camera in India - Secure World,,,
,"Plot no 283, Temple Rd, near Vishnu Priya enclave",097019 31143,PEC Security Systems,,,
"[{'name': 'Meenakshi Technologies', 'address': 'Gandhi statue, 18-7-751', 'phone': '063015 93064'}, {'name': 'Safe CCTV Security Systems', 'address': '9-4-51/7/2, Tolichowki', 'phone': '088019 66242'}, {'name': 'Amrutha Tech Services CCTV CC CAMERAS', 'address': '#46, 138', 'phone': '079811 03511'}]",,,,,,
,11-Feb,090003 01131,JP- CCTV CAMERAS & INSTALLATION SERVICE SECURITY SYSTEM,,,
,"H.No 2-10-3/2a, uppal main road, Hyderabad - Warangal - Bhopalpatnam Hwy",099666 17788,SM SOLUTIONS,,,
,"20-9/13/1, Chilka Nagar, Cross Rd",089190 35680,CCTV ZONE,,,
,"Golconda, 9-4-86/44/21/3",None provided,Tech Shadan,,,
,"PHASE-3, 15-31",096033 94444,Redeye Security Systems India Pvt Ltd,,,
,"4-111, X Road, near Gandamma Temple, beside Golden Chicken Shop",085008 83007,Digital Security Hub,,,
,Abids Sanali Mall 3rd Floor,090000 04877,Secure Vision,,,
,"1st floor, 7-182/1, ECIL Main Rd, opp. Dae Colony",no phone number given,SS security systems,,,
Smart Secures - The CCTV Installation Company,"3rd floor, PN Rao enclive, Rd Number 3",093461 33102,,,,
,"1-2-288/1, 1st Floor, Street Number 7",090000 09939,Needz Security Solutions Pvt. Ltd.,,,
,8-90/36/33/A,,sri maruthi security solutions,,,
,"Pl NO 787, Mallareddy Nagar 2",096763 46179,Anu CC Cameras - CCTV Cameras Installation Services in Hyderabad,,,
,,093901 46381,Hussain Security Solutions,,,
,"7-1-621/259, 5th Floor, Sahithi Arcade beside SR Nagar Traffic Police Station",098858 88835,Brihaspathi Technologies Pvt. Ltd,,,
,"2-40/4/A/2, Hanuman Nagar, Kothaguda",090147 13896,CCTV Installation Services,,,
,"Flat NO:- 601, SM Sai Hills, west block, Manikonda, Near Marri Chettu",099634 11143,CCTV Installation Services,,,
,"2-1-392/1/3/7, Tilak Nagar Rd, near Fever hospital",091001 14439,,THE CAMERA GUY'S CCTV SOLUTIONS,,
,"16-9-409, p/11, Colony",078427 74234,,cctvcamera/installation/services,,
,,,,,"[{'name': 'AS - cctv camera & AC installation repair services', 'address': '16-11-337', 'phone': '080085 10209'}, {'name': 'Dhanlaxmi Security Systems', 'address': '29-488', 'phone': '099639 36964'}, {'name': 'CCTV Camera Supplier, Access Control System Supplier, Fire Alarm, Surveillance', 'address': '7-1-562 Manjulaniyalam Ameerpet', 'phone': '099664 11588'}, {'name': 'TRUEVIEW Security Solutions', 'address': 'H.No.3-6-378/1,new ghmc no 100, Street Number 02, Himayatnagar, Hyderabad-500029', 'phone': '090148 55367'}, {'name': 'Access Solutions', 'address': 'Road no. 4, Banjara Hills 8-2-403/6/39, Beside Lane Patel Panshop, behind BANK', 'phone': None}]",
,"2, Malakpet Rd",078427 74234,GLOBAL SECURITY SOLUTIONS,,,
,"Phisal banda, Phisal Banda, 18-14-5, X Road, near Owiasi Hospital, below a-one tea company",040 2453 5568,techcare solutions,,,
,"4-3-348/3c Gujrati school lane, Bank St",No phone number listed,Kimpex security solutions,,,
,"4-3-348/3c Gujrati school lane, Bank St",099665 13907,security solutions,,,
,12-1-925/7/A/5,,Cctv Camera services,,,
,"4.3.345/1/3, GIRIRAJ LANE, Bank St",,Delivery King Security System,,,
,"2-1-162/1, opp. Moon Cafe",098488 03280,N N Technologies,,,
,Hno:4-103 Hyderabad,,Cctv Dealers,,,
,10-5-39/3,090005 46985,Secure Living Security Systems & Automation | CCTV | Biometric | Access Control | Intruder Alarm System,,,
,"H No: 10, 26, Vinayak Nagar Balanagar Rd",089857 07333,Cam Tech Solutions,,,
,"H.NO.7-1-117, Flat 403, Ananda nilayam apartment, Landmark- Gurudwara Back, side, 500 016, Hyderabad, Swathi Avenue, Ameerpet",Not provided,PRIZOR VIZTECH LIMITED,,,
,"D.No: 12, 4-216, 3rd Line, opp. Devi Grand Hotel",088013 46464,INFYC software and IT solutions,,,
,,,,,"[{'name': 'CP Plus CCTV Cameras Distributor', 'address': None, 'phone': '088013 46464'}, {'name': 'PRROXY TECHNOLOGY', 'address': '66/2RT, opp. Old Airport', 'phone': '079 4256 1558'}, {'name': 'Cyber Vision IT Solutions', 'address': 'near Mana Hospitals Back Side', 'phone': '072888 72886'}, {'name': 'cp plus cctv camera service', 'address': 'Street No. 1', 'phone': '090141 91703'}, {'name': 'NAVEEN CCTV CAMERA&SOLAR CAMERA', 'address': None, 'phone': '090328 40296'}]",
,"Eldorado Estates, 3-6-525, behind GKB Opticals",088855 92776,CCTV Cameras,,,
,16-3-988/4/1,None Provided,IK CCTV Camera Solutions,,,
,None Provided,080196 01188,Super vision CCTV security systems,,,
,"Hema Nagar, 2-20-9/28, X Road",085002 58025,"Delivery Tech Planet - Cctv Camera, Computer Sales & Service, Networking",,,
,None Provided,None Provided,Haritha CCTV Distributors,,,
SVSAV Technologies Security Systems Integrators,"D.NO:103,4-32-41/92/1P, Sri Mukundha Nikethan, Kamala Prasanna Nagar, Allwyn Colony X-Roads, Kukatpally",099491 66582,,,,
,"7-17, First Floor, Suncity Main road Bandlagudajagir, above New SS medical & Ramraj cotton",093477 01712,CCTV Expert Security Solutions,,,
,"The Forum Sujana Mall, Shop No : 3, Plot No. 540/7, 6th Phase, Gayatri Residency, Opposite",092480 04444,"ACCURA - Safety Lockers, CCTV Cameras, Cash Counting Machines",,,
,"Prime Residency,#4-1-107/A Abids,Grand Hotel, opp. Road",099598 40083,AKIVA SECURITY SYSTEM,,,
,"1-2-382/A/D Street no 5, road",Not Available,Loukya cctv camera systems,,,
,,,,,"[{'name': 'Loukya CCTV Camera Systems', 'address': '1-2-382/A/D Street no 5, road', 'phone': '072076 55223'}, {'name': 'Navis Systems and Services', 'address': '312/10, Road-2, Street no 7 Kranti colony, Chengicherla', 'phone': '098850 55537'}, {'name': 'Vertex Security Solutions', 'address': 'Shop No.402/D, Mustafa Towers, Red Hills Rd', 'phone': '099854 14026'}, {'name': 'MBS TECHNOLOGIES', 'address': 'Road Number 5', 'phone': None}, {'name': 'Galli boy CCTV installation', 'address': '4-3-421, Hanuman Tekdi Rd', 'phone': None}, {'name': 'Feel Safe Security Systems', 'address': None, 'phone': None}]",
,,,,,,"[{'name': 'Feel Safe Security Systems', 'address': '4-3-421, Hanuman Tekdi Rd', 'phone': '099851 86486'}, {'name': 'Secure care system', 'address': 'Rd Number 1, opposite to R.K Residency, near taj deccan', 'phone': '098483 77858'}, {'name': 'Mahavir electronics', 'address': '4-3-34/3, bank street, koti, hyderabad', 'phone': '098490 99458'}, {'name': 'Prime Vision Security Solutions', 'address': '10-3-278/1, Masab Tank Road', 'phone': 'Not Available'}, {'name': 'AS CCTV SYSTEMS SALES AND SERVICE', 'address': 'Not Available', 'phone': 'Not Available'}]"
,,,,,"[{'name': 'Best Grade Solutions', 'address': 'shop.no 6-3 668/10/2, Plot No 2', 'phone': None}, {'name': 'Virtual Eye CCTV', 'address': 'H.No.5-1-680/1,681 3rd Floor, Iyengar Plaza, Bank St', 'phone': '095150 60650'}, {'name': 'SAI RAM COMMUNICATION', 'address': '4-4-753, 3rd floor', 'phone': '099894 38013'}, {'name': 'ASPIRE MARKETING', 'address': 'H. No. 4-3-261 to 265, Shop No. G2, Jain Marketing', 'phone': None}]",
,"F5, 4th Floor, Hyderabad Business Centre, Hyderguda Main Rd",040 6697 9797,,Dee Cee Security Systems Pvt. Ltd.,,
,"Flat no. 205, Meridian Plaza, beside Lal Bungalow",Closes soon ⋅ 6:30,,Vashishta Systems,,
,Ews-158,097008 52980,Omega enterprises,,,
,"LANDMARK:K.G.N BAKERS, 8-4-379/M/450",No phone number provided,SYED SECURITY CENTRAL CCTV INSTALLATION AND SERVICES,,,
,"Shop No-C-113,1st Floor, Mayur Kushal Complex, Abids Road",090001 91958,Perfect Tele-System,,,
,,090001 91958,LRS Techno Solutions,,,
,2-3-647/A/177,095506 27742,Praveen Security Solutions,,,
,9-4-29/86/a/1 hakeempet near Sana hotel,078935 42145,ITS-best cctv camera service installation Repair & Sell Services,,,
,Chintal Basti Main Rd,090000 28639,Biometric Devices Hyderabad,,,
,18-14-162/1,098499 25381,Neotech Security Solutions,,,
,"2-1-562/4/1, STREET, NO: 10",,Privateeye Aapki teesari aankh (CCTV dealer),,,
"[{'name': 'Aapki teesari aankh', 'address': '2-1-562/4/1, STREET, NO: 10, Nallakunta Main Rd', 'phone': '094949 49194'}, {'name': 'Legends security solutions', 'address': 'Shop no 206, City Tower, Nalgonda X road', 'phone': None}, {'name': 'ILMATS', 'address': None, 'phone': '091217 26693'}, {'name': 'CCTV INSTALLATION & REPAIR IN HYDERABAD', 'address': None, 'phone': None}, {'name': 'Techno i security systems', 'address': 'Suryalok Complex, A-Block 1st Floor, 109', 'phone': '097009 61170'}, {'name': 'ACCURA - Safety Lockers, CCTV', 'address': None, 'phone': None}]",,,,,,
,,,,,"[{'name': 'ACCURA - Safety Lockers, CCTV Cameras, Cash Counting Machines', 'address': 'Flat No. 206, M S Arcade, D.No. 16-2-703/1/1, Rice Mills Beside Chermas, opp. Gunj, Malakpet', 'phone': '092480 04444'}, {'name': 'CCTV Expert security Solutions', 'address': '7 Tombs Rd, opp. nadeem colony', 'phone': '081437 01712'}, {'name': 'Haritha Technologies- Face and Fingerprint Biometric Attendance,RFID Access Control I Automatic Electric Gates,Boom barriers', 'address': '3-6-525/526, Lane Opp Westside', 'phone': '092468 44419'}, {'name': 'AJAY ELECTRONICS & SECURITY SOLUTIONS', 'address': None, 'phone': None}]",
,"H No. 8, 079, Street No.8, near Chirag Arabian Mandi",,AJAY ELECTRONICS & SECURITY SOLUTIONS,,,
,"1-8-108, ARI Rd, opposite ARI Road",,VIN SECURE SOLUTIONS,,,
,,086883 77926,LA Automation and Security Solutions,,,
,"Shop No 06, Malik Chambers, 3-6-290, Street Number 18, opp. Swathi Coffee Shop",,GreenTech Electronics,,,
,"9-4-29/89/A/7, Jubilee Hills, Road No. 86",093473 42891,SKS Solutions,,,
CSGOCO,"34, Chittaranjan Ave",098317 05959,,,,
ALFIS TECHNOLOGIES,"206B, Shyama Prasad Mukherjee Rd",092392 21155,,,,
I-SPY SECURITY SOLUTION,"RUPNAGAR, near KALI TEMPLE PO & PS",070034 58886,,,,
Epsilon Security Systems,"C S N, 121 2, SN Banerjee Road",098834 35815,,,,
Eye 2 Eye Surveillance CCTV Camera Installation Company,"Krishnapur Rd, near Ganoda sweet",089101 65022,,,,
SILVER SOLUTION,"171/C/1 PICNIC GARDEN ROAD Bellu mart, near kolkata",082966 17660,,,,
CCTV Camera Wifi Camera Spy Camera Shop,4/19 Poddar Nagar Beside Poddar Nagar Park Near South City Shopping Mall,099032 92840,,,,
TPS Digital Waves,"Ground floor, 17L, East",,,,,
TPS Digital Waves,"Ground floor, 17L, East Rd",098301 15008,,,,
Active Lense,"Ground floor, 34, Vivekananda Rd",079808 68144,,,,
Onivo Tech,"37/H/1, Canal E Rd",089818 17228,,,,
CCTV CAMERA installation shop - eshop,"ground floor, 164 e, 164E, Rash Behari Ave, beside computer world",098311 68272,,,,
New India Infocom,"2nd. Floor, Bank of India building, 15, Ganesh Chandra Ave",Not Provided,,,,
kagrana security,"1 shambu, mullick lane A V MARKET 3RD FLOOR",098838 85306,,,,
CCTV Camera Installation Company in Kolkata,D- 141,080505 42595,,,,
Newtech Enterprises,"113, Mother Teresa Sarani",093306 66523,,,,
Global Prana,"Ground Floor, 4/18",None,,,,
,"1st floor, Room no. 1/35, 620, Diamond Harbour Rd",078906 93188,HRB NETWORK,,,
,34,093306 66523,,"zkteco, essl, ravel, edward, hikvision",,
,Esplanade Sovabazar Alipore Saltlake Baguihati Howrah Salkia Laketown Bally Liluah,098742 32176,,Cp plus,,
,"84/7, Ripon St",,,CCTV surveillance,,
,"AG-104, Saurav Abasan, 1st Floor, Room No- F 13, New Market, Baishakhi near 7 No Tank",098316 93179,,"Computer Repair, CCTV, Biometric & Networking Services in Kolkata - TM Technology",,
,381,,,CCTV Camera Installation,,
,,,,UNIQUE IT SOLUTIONS,,
,"83, Old Calcutta Rd",094346 28264,,UNIQUE IT SOLUTIONS,,
,"Ground Floor, 297",090515 06727,,CP Plus,,
Eye 2 Eye Surveillance CCTV Camera Installation Company,"Krishnapur Rd, near Ganoda sweet",089101 65022,,
SILVER SOLUTION,"171/C/1 PICNIC GARDEN ROAD Bellu mart, near kolkata",082966 17660,,
CCTV Camera Wifi Camera Spy Camera Shop,4/19 Poddar Nagar Beside Poddar Nagar Park Near South City Shopping Mall,099032 92840,,
TPS Digital Waves,"Ground floor, 17L, East",Not Provided,,
TPS Digital Waves,"Ground floor, 17L, East Rd",098301 15008,,
Active Lense,"Ground floor, 34, Vivekananda Rd",079808 68144,,
Onivo Tech,"37/H/1, Canal E Rd",089818 17228,,
CCTV CAMERA installation shop - eshop,"ground floor, 164 e, 164E, Rash Behari Ave, beside computer world",098311 68272,,
New India Infocom,"2nd. Floor, Bank of India building, 15, Ganesh Chandra Ave",,,
kagrana security,"1 shambu, mullick lane A V MARKET 3RD FLOOR",098838 85306,,
CCTV Camera Installation Company in Kolkata,D- 141,080505 42595,,
Newtech Enterprises,"113, Mother Teresa Sarani",093306 66523,,
Global Prana,"Ground Floor, 4/18",not specified,,
KD security systems,"51/ 83 A, Dum Dum Rd",093390 96598,,
HRB NETWORK,"1st floor, Room no. 1/35, 620, Diamond Harbour Rd",078906 93188,,
CCTV surveillance,"84/7, Ripon St",Not provided,,
TM Technology,"AG-104, Saurav Abasan, 1st Floor, Room No- F 13, New Market, Baishakhi near 7 No Tank",098316 93179,,
CCTV Camera Installation,381,Not provided,,
UNIQUE IT SOLUTIONS,Not provided,Not provided,,
,"83, Old Calcutta Rd",094346 28264,UNIQUE IT SOLUTIONS,
,"Ground Floor, 297",090515 06727,,CP Plus
the cctv store,"arunodoi path, narayan nargar santipur, guwahati, assam 781009, india sikha gas agency building 3rd floor",097060 34676,,,,,,,
BORUAH CCTV SOLUTIONS,"Ground floor, Rahul complex, Bhola Baba Path",070026 19467,,,,,,,
Aikon IT solutions,"House no.9, National Academy, Bylane 3, near Nayan Path, opposite Guwahati",086381 59704,,,,,,,
CHINMOY ELECTRICAL,Birubari Main Rd,084863 55506,,,,,,,
Cctv technician and store,"Jp agarwala road suite gate Jpagarwala, rode",090855 25883,,,,,,,
SM ENTERPRISE - BEST CCTV CAMERA WHOLESALE IN GUWAHATI | LED TV | DESKTOP COMPUTER,"Bylane-1, Hatinapur Road",070028 70749,,,,,,,
DigiTech Solution,"House No-5, Basisthapur By Lane-4",069002 58682,,,,,,,
Open Eye Solution,CCTV Camera Installation | CCTV Camera Service in Guwahati,076378 12611,,,,,,,
THIRD EYE SYSTEMS & PROJECTS,"KAISAR COMPLEX, BHANGAGARH, GS Rd, opp. BIG BAZAR",098540 92911,,,,,,,
S.G ENTERPRISE CCTV SALES AND SERVICE,RK Mission Rd,070024 38908,,,,,,,
Sun Enterprise,"H/No.1 First Floor, Income",Not provided,,,,,,,
Printer Service | CCTV Camera,"H/No.1 First Floor, Income Tax Colony, Road, near Lakkhi Mandir",098541 43357,,,,,,,
Neophonic IT Solution,"Shop No. 9, Citi Point Building, Assam Trunk Rd, beside Shree Leather",080 6983 1744,,,,,,,
Doorstep Sales & Services,"Rupnagar road, opp. Dekagiri Path, near EREC Lane",086388 33856,,,,,,,
IT TECHNOSYSTEMS INDIA,"S.S ROAD, Sahida Market Ln, near Indian",,,,,,,,
TECHNOSYSTEMS INDIA,"S.S ROAD, Sahida Market Ln, near Indian Bank",,,,,,,,
DigiTech Solution,"Nareswar Rajbanshi path, near Excel Care Hospital",,,,,,,,
I Tech Solution,"Bora Service Station Complex, Deorah College, near S.B",060009 18414,,,,,,,
RB Safe Security System,"GS Road, Hari Mandir Path",084729 96025,,,,,,,
,,,"[{'name': 'Brihaspathi Technologies Pvt Ltd.', 'address': 'House No. - 39, 2nd Floor, SK Baruah Rd, near SBI Learning Centre', 'phone': '095812 34499'}, {'name': 'Digital Check Lab Pvt Ltd', 'address': '5Q86+XXH, AGC Bye Lane, near Shiva Hotel', 'phone': '098599 41210'}, {'name': 'Dynamic Security System', 'address': 'H.No-229, Nizarapar Path', 'phone': '090851 74967'}, {'name': 'BIZARIO', 'address': '94, RG Baruah Rd', 'phone': 'Not provided'}]",,,,,,
Ganpati Infotech,"Shop No. 1, Radha Plaza, GS Rd, opposite Godrej Building, below Flyover",098640 45004,,,,,,,
SSANS SOLUTIONS,"Room No 13, 3rd Floor, Kay M Plaza, GS Rd",097064 44417,,,,,,,
Micro Digit Enterprise,"H.No.-9, 1st Byelane",097077,,,,,,,
,,,"[{'name': 'Rising Merchant', 'address': 'House no 10, Amravati Path, opposite post office', 'phone': '091018 98947'}, {'name': 'Reion Info Solutions', 'address': 'Kasturba Ashram Rd', 'phone': '070021 84329'}, {'name': 'S S TECHNOLOGIES', 'address': 'Shop No-11, 1st Floor, Opp. Gauhati Commerce College, RG Baruah Rd, Above SBI ATM', 'phone': '0361 359 1529'}, {'name': 'Bright Enterprise', 'address': 'The Dove Villa, Bishnu', 'phone': ''}]",,,,,,
,,,,"[{'name': 'Bright Enterprise', 'address': 'The Dove Villa, Bishnu Rabha Path Beltola Tiniali Near beltola jumma masjid, opp. Super OYO Flagship', 'phone': None}, {'name': 'Eastern Networks', 'address': '4Q88+JR5, Lokhra, Hockey Stadium Rd', 'phone': '084860 11691'}, {'name': 'Networkbase solution', 'address': 'shop no 3, Giri complex, Near Kamrup Wine Shop Patharquerry VIP Road, Patharquerry, VIP Rd', 'phone': '096692 16364'}, {'name': 'Antaraattma CCTV CAMERA shop in guwahati', 'address': 'G. N. B. Road, Silpukhuri', 'phone': None}]",,,,,
CAMERA shop in guwahati,"G. N. B. Road, Silpukhuri, near SBI Evening Branch",0361 266 2893,,,,,,,
"TECHNIQUES - Computer, Laptop, CCTV Camera (Sales & Repair)","2nd Floor, Union Bank Building, Hatigaon Main Rd",098642 72395,,,,,,,
Hitech Solutions,"House No.97, 1st Floor, Assam Police Head Quarters, Dr BK Kakati Rd, opp. HDFC ATM, near DGP Office",094350 51771,,,,,,,
Mars Solution,"1st Floor House No. 21, near Darandha Masjid",097069 75508,,,,,,,
JB Enterprise,"2, AK Dev Rd",088940 56987,,,,,,,
Green IT Solutions,"House No. 29, Sabun Factory Rd",097064 48885,,,,,,,
Ai Control,"Maa Arti Niwas, Mahajan Path",084720 80520,,,,,,,
,,,"[{'name': 'AVITECH SOLUTIONS', 'address': 'HN 215A, Bishnu Rabha Path', 'phone': None}, {'name': 'B.D. TRADERS', 'address': 'Ganesh market, House no 1, August karnti path, Beltola bozar, Beltola Jayanagar Rd, near Canara bank', 'phone': None}, {'name': 'Techno-Guro', 'address': 'Beria Complex, Dr B Baruah Rd', 'phone': '088110 34444'}, {'name': 'Cam Quest', 'address': 'Rly Gate no 2', 'phone': '084740 60392'}]",,,,,,
Techxetra Services Pvt. Ltd.,"3, Rajbari Path",084862 06252,,,,,,,
INFRATRADE SOLUTIONS,"GS Rd, behind GRAND PLAZA",099716 96770,,,,,,,
M/S. S.M. Enterprise,"1st Floor, Borah Commercial Complex, Beltola - Basistha Rd",097065 13269,,,,,,,
Business Equipment Engineers,"67, Upaxona Complex, GS Rd",0361 246 4651,,,,,,,
M/S.GLOBEL SOLUTION,"223, Forestgate, Hengrabari, kamrup",,,,,,,,
,,,"[{'name': 'M/S.GLOBEL SOLUTION', 'address': '223, Forestgate, Hengrabari, kamrup', 'phone': '097060 49131'}, {'name': 'J. P. Corporation', 'address': 'Brahmo Samaj Complex, Over Bridge, SS Rd, near Panbazar', 'phone': '094351 00100'}, {'name': 'Prama Hikvision', 'address': '5PPR+Q73 Advika Building, HN:87, MG Rd', 'phone': '022 2846 9900'}, {'name': 'Vision International Tech', 'address': 'Century Apartment, GS Rd', 'phone': '0361 223 6819'}, {'name': 'Vision eGuard Network & CCTV Solutions', 'address': 'Bishnu Rabha Path, near Jame Masjid', 'phone': None}]",,,,,,
,,,,,"{'address': 'BYLANE, 4, Sachal Path, next to HS NO-11', 'phone': '075759 18807'}","{'address': '1st Floor, Ramkumar arcade (near Mayur Heritage residential complex, Haji Safuddin Rd', 'phone': '094350 43934'}","{'address': '1st Floor, Red Chilli Building, S Sarania Rd', 'phone': ''}","{'address': '203, Kejriwal Bhawan, GS Rd', 'phone': '094768 52503'}","{'address': 'NERA FLY OVER', 'phone': ''}"
Rainbow Digital,"DC Complex, SS Rd, below Bank Of Maharashtra",None,,,,,,,
Reliance Digital,"2nd Floor, Central Mall, near Relaince Trends",0361 354 6578,,,,,,,
Natraj Distribution - ND Next,"Gauri Bhawan No. 22, Assam Trunk Rd Kamakhya, Maligaon Chariali, Assam Trunk Rd",094351 14368,,,,,,,
DigiCo - Zoo Road,"256, Radha Bhawan, Zoo Road",None,,,,,,,
,,,"[{'name': 'Delivery DigiCo', 'address': '256, Radha Bhawan, RG Baruah Rd, opp. Usha Court', 'phone': '060032 35854'}, {'name': 'NE TECHNOSYS CO', 'address': 'House No-170, Lachit Path', 'phone': '070024 95151'}, {'name': 'Rajlakshmi Store', 'address': '44, Lakhimandir Path, Mather, Mother Teresa Rd', 'phone': 'Temporarily closed'}, {'name': 'CCTV Camera Shop', 'address': 'Mathgharia, Mother Teresa Rd', 'phone': 'Temporarily closed'}, {'name': 'TECH3', 'address': 'H.N 0- 68, Ward No-2 Opposite: Radisson Blue, NH27 West, near Fat Belly', 'phone': 'Temporarily closed'}, {'name': 'CCTV WORLD - CCTV Camera Installation', 'address': 'House No. 78, 2nd Floor, Hatigaon Bhetapara Rd', 'phone': 'Temporarily closed'}, {'name': 'Shyam Motors', 'address': 'Not Provided', 'phone': 'Not Provided'}]",,,,,,
Shyam Motors,"08, Rankawat Market, Assam Trunk Rd",097070 21707,,,,,,,
IT Security and Consultancy,"House No 8, Santi Ram Road, near sbi",,,,,,,,
Cctv world,"H/NO, 120, Gopinath Nagar Rd, opp. TB Hospital",,,,,,,,
Pearl Technologies,"House No. 18, Hengrabari Rd",,,,,,,,
Gurudev Technovision,Wireless bylane 2 C/o: Mandakinii Sweets,076359 95516,,,,,,,
the cctv store,"arunodoi path, narayan nagar santipur, guwahati, assam 781009, india sikha gas agency building 3rd floor",097060 34676,,,
BORUAH CCTV SOLUTIONS,"Ground floor, Rahul complex, Bhola Baba Path",070026 19467,,,
Aikon IT solutions,"House no.9, National Academy, Bylane 3, near Nayan Path, opposite Guwahati",086381 59704,,,
,Birubari Main Rd,084863 55506,CHINMOY ELECTRICAL,,
,"Bylane-1, Hatinapur Road",070028 70749,SM ENTERPRISE - BEST CCTV CAMERA WHOLESALE IN GUWAHATI,,
,"House No-5, Basisthapur By Lane-4",069002 58682,DigiTech Solution,,
,,,,"[{'name': 'Open Eye Solution', 'address': 'KAISAR COMPLEX, BHANGAGARH, GS Rd, opp. BIG BAZAR', 'phone': '076378 12611'}, {'name': 'THIRD EYE SYSTEMS & PROJECTS', 'address': 'KAISAR COMPLEX, BHANGAGARH, GS Rd, opp. BIG BAZAR', 'phone': '098540 92911'}, {'name': 'S.G ENTERPRISE CCTV SALES AND SERVICE', 'address': 'RK Mission Rd', 'phone': '070024 38908'}, {'name': 'Sun Enterprise', 'address': 'H/No.1 First Floor', 'phone': 'Not provided'}]",
Printer Service | CCTV Camera,"H/No.1 First Floor, Income Tax Colony, Road, near Lakkhi Mandir",098541 43357,,,
Neophonic IT Solution,"Shop No. 9, Citi Point Building, Assam Trunk Rd, beside Shree Leather",080 6983 1744,,,
Doorstep Sales & Services,"Rupnagar road, opp. Dekagiri Path, near EREC Lane",086388 33856,,,
IT TECHNOSYSTEMS INDIA,"S.S ROAD, Sahida Market Ln, near Indian",Not provided,,,
TECHNOSYSTEMS INDIA,"S.S ROAD, Sahida Market Ln, near Indian Bank",,,,
DigiTech Solution,"Nareswar Rajbanshi path, near Excel Care Hospital",,,,
I Tech Solution,"Bora Service Station Complex, Deorah College, near S.B",060009 18414,,,
RB Safe Security System,"GS Road, Hari Mandir Path",084729 96025,,,
Brihaspathi Technologies Pvt Ltd,"House No. - 39, 2nd Floor, SK Baruah Rd, near SBI Learning Centre",095812 34499,,,
Digital Check Lab Pvt Ltd,"5Q86+XXH, AGC Bye Lane, near Shiva Hotel",098599 41210,,,
Dynamic Security System,"H.No-229, Nizarapar Path",090851 74967,,,
BIZARIO,"94, RG Baruah Rd",Not Provided,,,
Ganpati Infotech,"Shop No. 1, Radha Plaza, GS Rd, opposite Godrej Building, below Flyover",098640 45004,,,
SSANS SOLUTIONS,"Room No 13, 3rd Floor, Kay M Plaza, GS Rd",097064 44417,,,
Micro Digit Enterprise,"H.No.-9, 1st Byelane",097077,,,
,,,,"[{'name': 'Rising Merchant', 'address': 'House no 10, Amravati Path, opposite post office', 'phone': '091018 98947'}, {'name': 'Reion Info Solutions', 'address': 'Kasturba Ashram Rd', 'phone': '070021 84329'}, {'name': 'S S TECHNOLOGIES', 'address': 'Shop No-11, 1st Floor, Opp. Gauhati Commerce College, RG Baruah Rd, Above SBI ATM', 'phone': '0361 359 1529'}, {'name': 'Bright Enterprise', 'address': 'The Dove Villa, Bishnu', 'phone': None}]",
,"4Q88+JR5, Lokhra, Hockey Stadium Rd",084860 11691,,,Eastern Networks
CAMERA shop,"G. N. B. Road, Silpukhuri, near SBI Evening Branch",0361 266 2893,,,
TECHNIQUES,"2nd Floor, Union Bank Building, Hatigaon Main Rd",098642 72395,,,
Hitech Solutions,"House No.97, 1st Floor, Assam Police Head Quarters, Dr BK Kakati Rd, opp. HDFC ATM, near DGP Office",094350 51771,,,
Mars Solution,"1st Floor House No. 21, near Darandha Masjid",097069 75508,,,
JB Enterprise,"2, AK Dev Rd",088940 56987,,,
Green IT Solutions,"House No. 29, Sabun Factory Rd",097064 48885,,,
Ai Control,"Maa Arti Niwas, Mahajan Path",084720 80520,,,
AVITECH SOLUTIONS,"HN 215A, Bishnu Rabha Path",,,,
B.D. TRADERS,"Ganesh market, House no 1, August karnti path, Beltola bozar, Beltola Jayanagar Rd, near Canara bank",,,,
Techno-Guro,"Beria Complex, Dr B Baruah Rd",088110 34444,,,
Cam Quest,Rly Gate no 2,084740 60392,,,
Techxetra Services Pvt. Ltd.,"3, Rajbari Path",084862 06252,,,
INFRATRADE SOLUTIONS,"GS Rd, behind GRAND PLAZA",099716 96770,,,
M/S. S.M. Enterprise,"1st Floor, Borah Commercial Complex, Beltola - Basistha Rd",097065 13269,,,
Business Equipment Engineers,"67, Upaxona Complex, GS Rd",0361 246 4651,,,
M/S.GLOBEL SOLUTION,"223, Forestgate, Hengrabari, kamrup",Not Provided,,,
M/S.GLOBEL SOLUTION,"223, Forestgate, Hengrabari, kamrup",097060 49131,,,
J. P. Corporation,"Brahmo Samaj Complex, Over Bridge, SS Rd, near Panbazar",094351 00100,,,
Prama Hikvision,"Advika Building, HN:87, MG Rd",022 2846 9900,,,
Vision International Tech,"Century Apartment, GS Rd",0361 223 6819,,,
Vision eGuard Network & CCTV Solutions,"Bishnu Rabha Path, near Jame Masjid",,,,
Elite Infosys,"BYLANE, 4, Sachal Path, next to HS NO-11",075759 18807,,,
Mahabir Systems MxTek,"1st Floor, Ramkumar arcade (near Mayur Heritage residential complex), Haji Safuddin Rd",094350 43934,,,
Meserve,"1st Floor, Red Chilli Building, S Sarania Rd",,,,
TECHNO POINT,"203, Kejriwal Bhawan, GS Rd",094768 52503,,,
M/S S.M TRADING,NERA FLY OVER,,,,
Rainbow Digital,"DC Complex, SS Rd, below Bank Of Maharashtra",084866 75353,,,
Reliance Digital,"2nd Floor, Central Mall, near Relaince Trends",0361 354 6578,,,
Natraj Distribution - ND Next,"Gauri Bhawan No. 22, Assam Trunk Rd, Kamakhya, Maligaon Chariali, Assam Trunk Rd",094351 14368,,,
DigiCo - Zoo Road,"256, Radha Bhawan",,,,
NE TECHNOSYS CO,"House No-170, Lachit Path",070024 95151,,,
,,,,"[{'name': 'Shyam Motors', 'address': '08, Rankawat Market, Assam Trunk Rd', 'phone': '097070 21707'}, {'name': 'IT Security and Consultancy', 'address': 'House No 8, Santi Ram Road, near sbi', 'phone': None}, {'name': 'Cctv world', 'address': 'H/NO, 120, Gopinath Nagar Rd, opp. TB Hospital', 'phone': None}, {'name': 'Pearl Technologies', 'address': 'House No. 18, Hengrabari Rd', 'phone': None}, {'name': 'Gurudev Technovision', 'address': 'Wireless bylane 2 C/o: Mandakinii Sweets', 'phone': '076359 95516'}]",
"[{'name': 'Sai vision CCTV Camera Dealers Indore CP Plus, Hikvision CCTV Camera Dealers', 'address': 'Shop No-4', 'phone': '081208 31284'}, {'name': 'MS Security System', 'address': 'Kb Mall, F-10, Sapna Sangeeta Rd, near Lotus electronics', 'phone': '062609 65557'}, {'name': 'SMART TECH SOLUTION', 'address': 'SILVER MALL, UG-28, BLOCK-C, RNT Marg', 'phone': None}, {'name': 'Gravity Infotech', 'address': 'F, 28, Sapna Sangeeta Rd', 'phone': '9111107450'}, {'name': 'Sai Security System', 'address': None, 'phone': None}]",,,,,,,,,,
"[{'name': 'Sai Security System', 'address': '98, 11, near Astha Cinema', 'phone': None}, {'name': 'CCTV Solution', 'address': None, 'phone': '098934 56134'}, {'name': 'PIYUSH SECURITY SYSTEM', 'address': '91 PLOT NO, 411 SCHEEM, 411', 'phone': '098260 87185'}, {'name': 'Nawkul Smart Home Solution : Best Home Automation, Security Alarm System, Fire Alarm System, CCTV Camera, Digital Door Lock', 'address': 'C21 Mall, Office No. 127, Orbit mall, AB Road, Besides', 'phone': '091099 49316'}, {'name': 'Swastik Sales', 'address': 'Shop Number. 5, shri ram', 'phone': None}]",,,,,,,,,,
,Swastik Sales,"Shop Number. 5, shri ram darbar building, 15, near american color lab",0731 496 9707,,,,,,,
,Swastik Info Solution,G-32 city center 570M.G. Road,098260 34050,,,,,,,
,Chipcare world (CCTV),"G, 3AYaswant plaza",082258 51920,,,,,,,
,High Vision Security Systems,"METRO STATION, Super Corridor, near GANDHI NAGAR",090399 07269,,,,,,,
,Corebyte Technologies,A/39,099936 87600,,,,,,,
,DELTA SECURITY SYSTEM,"DAYAL GURU GATE, 251 A",090099 37555,,,,,,,
,iSoni Enterprises,"245, Panchkuiya Rd",099076 52310,,,,,,,
,Sai CCTV Solutions,"76 B, behind prafull cinema",091111 80729,,,,,,,
,Network Automation Solutions,"311, Asawa Chambers",Not provided,,,,,,,
,,"311, Asawa Chambers, Sapna Sangeeta Rd, near Lotus Showroom",098260 50302,Network Automation Solutions,,,,,,
,,"7, Manushri Nagar Extension, Aerodrum Rd",088716 03141,Indore Best CCTV and security systems,,,,,,
,,"135, Sunder Nagar Road ext, MR 10 Rd",089822 20819,Vivan Electronic Security,,,,,,
,,"174, Khizrabad Colony",086028 85412,AlifTech Secure,,,,,,
,,"Silver Mall, 205 Block",not provided,CCTV CAMERA AND COMPUTER DEALER IN INDORE-SHREE ENTERPRISES,,,,,,
"[{'name': 'Shree Enterprises', 'address': 'Silver Mall, 205 Block - A 2nd Floor, RNT Marg', 'phone': '098268 85066'}, {'name': 'Gaylord Corporation', 'address': '13/A, Scheme No-71 Ranjeet Hanuman Road, Phooti Kothi Cir', 'phone': '072018 96720'}, {'name': 'Arpita security system CCTV camera installation', 'address': '91', 'phone': '099770 08540'}, {'name': 'Borewell Camera, CCTV Camera, Underwater Camera, Tubewell Scanning Camera, Borewell Inspection Camera', 'address': 'F28, Second Floor, KB Mall, Sapna Sangeeta Rd, near Lotus Electronics', 'phone': 'Not provided'}, {'name': 'Feel Secure Service Indore', 'address': 'Not provided', 'phone': '099078 73569'}, {'name': 'Vasu Communication', 'address': '276', 'phone': 'Not provided'}]",,,,,,,,,,
"[{'name': 'Vasu Communication', 'address': '276 AS3', 'phone': '099266 32244'}, {'name': 'Khetan Security System', 'address': '244 Sanchar Nagar Ext, Kanadia Road, Kanadiya Road Indore', 'phone': '098269 02345'}, {'name': 'Delight Marketing and Services', 'address': 'CF-6 Makvana Complex, Bicholi Mardana, near Shreeji Heights Road', 'phone': None}, {'name': 'Advanced security solution', 'address': '57/ B', 'phone': None}]",,,,,,,,,,
,,"241 Mahesh bagh Colony, near Sunrise Inter Garden School",083053 16060,AP Technology Indore,,,,,,
,,"613, Surya Tower, Khatiwala Tank Main Rd",094256 66698,Balaji Sales & Services,,,,,,
,,66/2,098934 56134,Extreme security solution,,,,,,
,,"27, Nanda Nagar Main Rd",,Cctv Dealers,,,,,,
,PHP TECH SMART,"509, 6th Floor, Onam Plaza, AB Rd",087708 72165,,,,,,,
,Secure Track Security,"23, Peergali",098272 60002,,,,,,,
,ACV Incorporation,"Office No-101, Plot No -100 Sarv Suvidha Nagar Bicholi Hapsi Road In front of New Jain mandir, above State Bank of India",098277 18777,,,,,,,
,Janvi CCTV and Security Systems,,,,,,,,,
,Janvi CCTV and Security Systems,,,,,,,,,
,Soniya Security Solution,101 Mayank Palace 17 F New Palasiya Extention,091792 91444,,,,,,,
,Mahakal vision cctv camera installation surveillance,571,095840 94684,,,,,,,
,Nitin Systems & Securities,"G-20, Johari Palace, Mahatma Gandhi Rd, near TI Mall",098260 79413,,,,,,,
,Servius Infotech Pvt. Ltd. (Indore Office),LG-1,,,,,,,,
"[{'name': 'Servius Infotech Pvt. Ltd.', 'address': 'LG-1, Silver Sanchora Castle, RNT Marg', 'phone': '093299 29101'}, {'name': 'Milins Security System', 'address': 'LG 2, Royal Glory, opp. Sayaji Hotel', 'phone': '0731 409 9725'}, {'name': 'AASTHA TELESOLUTION', 'address': 'No.16-17, District Court Building, Mahatma Gandhi Rd, near kothari market', 'phone': '098266 11222'}, {'name': 'MAX SYSTEMS', 'address': 'G-2, Surya Center, 76, Tilak Nagar Main Rd, near JMB Sweets', 'phone': '093032 40930'}]",,,,,,,,,,
,,,,,"[{'name': 'Arihant Techsol LLP', 'address': 'Vikram Tower, 419-420, Sapna Sangeeta Rd', 'phone': '078283 89444'}, {'name': 'Smart4U Security System', 'address': 'UG-19 B2, Silver Mall, RNT Marg', 'phone': '097700 78644'}, {'name': 'Danisco Security Systems', 'address': '56, Jail Rd', 'phone': '098260 96999'}, {'name': 'Patel Security Systems', 'address': 'not specified', 'phone': 'not specified'}, {'name': 'Fixer Tech', 'address': 'not specified', 'phone': '099260 98750'}]",,,,,
,,,,,"[{'name': 'Gour CCTV Service', 'address': '1246, 11', 'phone': '089891 21235'}, {'name': 'CCTV CAMERAWALA', 'address': '121, Chaitanya Complex, Sikh Mohalla Main Rd, near american color lab', 'phone': ''}, {'name': 'Samarth Security System', 'address': '', 'phone': '090985 81435'}, {'name': 'Sudhir Infotech', 'address': '57, Shankar Bagh', 'phone': '098260 93931'}, {'name': 'Century System and Security Solution', 'address': '5, Jawahar Marg', 'phone': '098270 85896'}, {'name': 'Safe Security Systems', 'address': 'Ug 28 Block C Silver Mall, RNT Marg', 'phone': ''}]",,,,,
,,,,,,"{'address': 'Radhe Krishna apartment, G-5 38A, Hospital', 'phone': 'None provided'}","{'address': '575 M.G. Road, 2nd floor, 208 Classic centre, near Aanand Jewellers', 'phone': 'None provided'}","{'address': 'PRVV+GGX', 'phone': 'None provided'}","{'address': 'FLAT NO 3 E-37 DELUXE APARTMENT', 'phone': '099772 22212'}","{'address': '102 Prem Plaza, First Floor 5-6 Samrath Ashok Nagar, Tower Chouraha, Near Icici Bank', 'phone': 'None provided'}"
,Falodi Enterprises,"264, 60 Feet Rd",095892 10161,,,,,,,
,SAI ENTERPRISES,"M, KB Mall, 15, Sapna Sangeeta Rd",No phone number listed,,,,,,,
,PAREEK ENTERPRISES,310 kabit khedi main road sukhliya sukhliya,094245 89206,,,,,,,
,SKY Networks,"102, Swadesh Bhawan, 02, AB Rd",098930 21600,,,,,,,
,Naman Enterprises,"OFFICE NO.103 Geetashree Apartment, FM-28, Sch. No. 94, opp. Papa Bakery",No phone number listed,,,,,,,
,,,,,"[{'name': 'CCTV Camera Anytime security system', 'address': 'OFFICE NO.103 Geetashree Apartment, FM-28, Sch. No. 94, opp. Papa Bakery', 'phone': '091316 16101'}, {'name': 'TechieJinn', 'address': '71 R.S. Bhandari Marg, opposite Shelby Hospital, Punjab National Bank, near Janjeerwala Square', 'phone': '062624 63634'}, {'name': 'G. G. Enterprises', 'address': 'Chaitanya Complex, 103-104, Sikh Mohalla, near Jail Road', 'phone': '089629 24044'}]",,,,,
,Security system supplier,"Chaitanya Complex, 103-104, Sikh Mohalla, near Jail Road",078084 00019,,,,,,,
,Need Technology,"Yeshwant Plaza, F -117, Opp Railway",,,,,,,,
,cctv camera indore,40/4 solanki nagar barfani dham,,,,,,,,
,Venture security systems and surveillance,117,,,,,,,,
,Godrej Security Solutions (Godrej CCTV),"Sparsh Digital, 311-C, Silver Mall, 3rd Floor, RNT Marg",,,,,,,,
,AASTHA ENTERPRISES,"LG - 24, SILVER MALL, BLOCK – C, RNT Marg",098935 71764,,,,,,,
,,309-M Khatiwala tank mangalam apartment 3 rd floor flat number 302,098935 71764,Solar India,,,,,,
,,"1st Floor Flat No-101,22, Near, Anand Bazar Rd",089669 92969,Security Plus,,,,,,
,,"507 b, Chota Bangarda Rd",062642 16391,Tech Masters,,,,,,
,,"M-88 Mezzanine Floor, Yeshwant Plaza, near Railway Station",078696 84503,R CCTV ENTERPRISES,,,,,,
"{'name': 'Ayush Infotech', 'address': '349-A, 3rd Floor, Sunny Mart', 'phone': '089638 41221'}",,,,,,,,,,,
PREETI SON'S DIGITAL SECURITIY'S - ALL SECURITY SOLUTION | CCTV CAMERA ON RENT,"68, Mangal Vihar, near Near Sabu Hospital",098874 45525,,,,,,,,,
,,,"[{'name': 'Brilliant CCTV Camera Security Service', 'address': 'Vistar, 82, Ajmer Rd', 'phone': '080588 88050'}, {'name': 'Shivansh Infotech', 'address': 'JAI JAWAN, B20, apartments', 'phone': '078276 66122'}, {'name': 'Plush Technologies-Home Automation, Home Theater, Hikvision, CP Plus, Dahua CCTV Dealer, Boom Barrier & Metal Detector Dealer', 'address': '177, Plush Technologies, Behind Union Bank, Vijay path, Gopalpura Bypass Rd', 'phone': '084400 22332'}, {'name': 'Govindam Secure Services CCTV VDP ALARM SYSTEM dealer and installation', 'address': 'Shop No.', 'phone': ''}]",,,,,,,,
,"Shop No. 26, Nandpuri, Swej Farm Rd, near Gayatri Public School",099506 97718,,Sunshine Security Services,,,,,,,
,"2nd Floor, Navjeevan complex, 222, Station Rd",098290 15613,,SS Communications,,,,,,,
,,,"[{'name': 'Infograzy Smart Solution', 'address': 'A-26/G, Bhartiya Path, Kanti Chandra Rd', 'phone': '083858 88855'}, {'name': 'Lunik IT', 'address': '937, New Sanganer Rd', 'phone': '094144 80905'}, {'name': 'Shree Balaji Technologies', 'address': '57-A, 100 Feet Rd', 'phone': '083859 11671'}, {'name': 'Smart Sight Security Solution', 'address': 'Plot No. 14, Deep Nagar, New, New Sanganer Rd, near Vaishno Devi Mandir', 'phone': 'Opens at 10'}]",,,,,,,,
Wafadar Infotech,"Shop no. 49 Sector 03, Shopping Centre",084420 01556,,,,,,,,,
,Jaipur,084400 22332,,"Hikvision, Cp Plus & Dahua CCTV Camera Dealer",,,,,,,
,"59, Agra Rd",096109 49894,,Jaipur Techno Hub - Security Solutions,,,,,,,
,"Plot No. 86, near Airport",090016 00127,,Gyan Host Solutions,,,,,,,
,"Block A-2, Kendriya vihar",070142 23925,,Best CCTV Services,,,,,,,
,,,,,"{'address': 'Shop-11 Ground Floor Gurukripa Tower, Nagar Nigam Rd', 'phone': '087410 08181'}","{'address': 'A1, A2', 'phone': '098290 28271'}","{'address': '1086, Uniyaron Ka Rasta', 'phone': '081077 66701'}","{'address': 'A-91, Manu Path', 'phone': '096671 59928'}",,,
,"5. gali, near Poonam market",084418 70175,,CCTV Camera installation jaipur,,,,,,,
,"1, Mahal Rd",096602 49046,,S M Securities,,,,,,,
,near NEEM PARK,088240 39662,,iSecure Solutions,,,,,,,
,B-76,097821 54121,,Rewind Infotech,,,,,,,
,"G-18, Khetan Tower",Not Provided,,Ganpati Enterprises Security System,,,,,,,
,"G-18, Khetan Tower",086199 52932,,Enterprises Security System,,,,,,,
,"29, New Ramgarh Rd",073749 69422,,"SAGAR TECH ENTERPRISES - CCTV CAMERA, RO Sales, Services and AMC",,,,,,,
,"Shop no. S-52, Upasana Apna Bazar, Kalwar Rd",063770 55764,,Delivery Secure One,,,,,,,
,"4, Trun Complex, Sirsi Rd, opp. Gali Number 5",078520 89400,,Om Enterprise (CCTV Camera Sales & Service),,,,,,,
,,,,Secure vision Cctv camera dealer in jaipur,,,,,,,
,,,"[{'name': 'Secure vision Cctv camera dealer in jaipur', 'address': '23 Mehnat nagar nbc road Near sabji mandi', 'phone': None}, {'name': 'N.k Home & Offices Sarvices & Repair & Installation', 'address': 'A1, Niwaru Rd', 'phone': '078776 07030'}, {'name': 'Jenix CCTV Camera Service Centre', 'address': '63/79', 'phone': '078910 12342'}, {'name': 'Goyal Technocrate', 'address': 'E/14, Gokhle Marg', 'phone': '098290 59402'}, {'name': 'Digital Surveillance Systems', 'address': 'Plot No-4, Shivasadan, Jaipath, Ramnagar', 'phone': None}]",,,,,,,,
,"Plot No-4, Shivasadan, Jaipath, Ramnagar",085628 18389,,Digital Surveillance Systems,,,,,,,
,"3, khori road patel nagar luniyawas Goner road Agra",093581 74768,,"Govindam CCTV, Alarm system, security system",,,,,,,
,"6, near Mandawa House",095713 01512,,M w security solution,,,,,,,
,"594, near radhe radhe choraha",095715 66908,,Dhakad CCTV Installation Security & Service,,,,,,,
,"B-1 Plot 589 Surya Nagar, Bypass, Gopalpura Bypass Rd",,,VGON Security GROUP,,,,,,,
,"Raj Moters ke samne, 30, 60 Feet Road, Kalwar Rd",089553 88236,,SHREE BALAJI ENTERPRISES CCTV CAMERAS SEALS AND SERVICE & INSTALLATION,,,,,,,
,"Shop No 9, Kanta Chouraha, Kailash Puri",,,World Of Vision,,,,,,,
,"Ground Floor, Shop No.2, Homeopathic Clinic, Jagdamba Nagar Rd",099292 63449,,SBM Biometric & CCTV Security Systems,,,,,,,
,"26, Ajmer Rd",098879 56490,,Nice Enterprises,,,,,,,
,"F-7 & F-8, Ram Path, Shyam Nagar Extension, near Metro Pillar No. 96",098877 36664,,,,,,,Star Tech Computer and Security,,
,"2-3A Basement, Sangh Shakti Rd",074128 36836,,,,,,,CCTV OUTLET,,
,"C-45, Nandpuri Colony, Hawa Sarak, Chabra Rd",No phone number listed,,,,,,,XYLOid TECHNOLOGiES,,
,Not fully provided in the text,No phone number listed,,,,,,,Global Securities,,
,,,"[{'name': 'Global Securities', 'address': 'Alankar Plaza, G-93', 'phone': None}, {'name': 'CCTV Camera And All Security Systems', 'address': '107', 'phone': '087420 83993'}, {'name': 'KTC Technologies', 'address': 'T-69, 3rd Floor, Raisar Plaza', 'phone': '093142 56746'}, {'name': 'CCTV Camera Dealer In Jaipur', 'address': '446 Ground Floor', 'phone': '097995 94226'}, {'name': 'PARV TECHNOLOGY', 'address': '54/222, Madhyam Marg, Heera Path, opposite ICICI BANK', 'phone': None}]",,,,,,,,
KPS ENTERPRISES,"AB-606, Goutam Marg, Kings Rd",098290 60742,,,,,,,,,
,,,"[{'name': 'SPS TECHNO SOLUTIONS', 'address': 'F-11, 1st Floor, Vinayak Business Point', 'phone': '090249 06622'}, {'name': 'NISHCHAL CCTV CAMERA SERVICE', 'address': 'E180 First Floor Phase 3rd', 'phone': '079760 29483'}, {'name': 'Waheguru security', 'address': 'TK-09, JAIPUR ELECTRONIC MARKET', 'phone': '070148 73145'}, {'name': 'Jaipur CCTV installer - R TECHNOLOGY', 'address': 'Ajmeri Gate, Raisar Plaza, T-49A', 'phone': '076666 16703'}]",,,,,,,,
,"273, Kali Das Marg",099836 55643,,Data Integrated Solutions,,,,,,,
,"A 316, 80 Feet Rd",097822 66176,,IT SECURITY VISION,,,,,,,
,"3/269, near by Mahaveer bhavan, near SBI ATM",063506 05134,,Balaji Marketing Company,,,,,,,
,"Plot No, 131 C, Tara Nagar",097853 05785,,TECHNOID SYSTEMS SOLUTION,,,,,,,
,CCTV and Security System Supplier,No phone number listed,,Protech Security,,,,,,,
,"T-54 Third Floor, Raisar Plaza",097853 05785,,Protech Security CCTV and Security System Supplier,,,,,,,
,"13/376,377,378",0141 239 1671,,Hyper Technologies,,,,,,,
,"A-337, TARANAGAR, Khirni Phatak, JHOTWARA",095714 16962,,REVIVE CORPORATION,,,,,,,
,"Shree Baba Travels, C/o, Motilal Atal Rd, opp. Natraj Hotel, near Polo Victory Cinema",096027 38675,,Rajesh CCTV Camera,,,,,,,
,"200 Feet Bypass, Kalwar Rd, near Rood Mahal",,,Classic Cctv Solutions - Cctv Dealer and Installation,,,,,,,
,"E-25, near vaishali nagar, opp. KHANDELWAL VAISH GIRLS INSTITUTE",092564 21064,,,,,,,,SHYAM SECURITY,
,opp. nagar nigam,,,,,,,,,Magnite security and cctv system,
,"509, 6th Floor, Onam Plaza, AB Rd",087708 72165,,,,,,,,PHP TECH SMART,
,Unnamed Road,,,,,,,,,Hi-TECH SECURITY SOLUTION,
,"587, Shiva Nagar",097999 95660,,,,,,,,Rainbow Electronics Security Systems,
,22,080763 35885,,,,,,,,SONITECH SECURITY SOLUTION,
,"Raisar Plaza, G-105",079760 39660,,,,,,,,GALAXY INFOTECH,
,"56, Green Park Ext",097843 52391,,,,,,,,Techno Securities (India),
,Shop No,,,,,,,,,IT SOLUTIONS (CCTV camera installation services / CCTV camera maintenance/ IP camera configuration services ),
,,,"[{'name': 'Rajasthan Safety & Security Systems', 'address': 'Parvati Chamber, B 39/40, Tonk Rd, behind Sahara Chambers', 'phone': '0141 274 1753'}, {'name': 'VICOM SECURITY PVT LTD', 'address': '220 PANCHMUKHI HANUMAN JI KA MANDIR, FUTA KORT, NAHARIKA NAKA', 'phone': '098303 21922'}, {'name': 'Balaji infotech', 'address': '1668, Ajmer Rd, near Shanidev Mandir', 'phone': '099822 90979'}, {'name': 'Rawat Security consultant', 'address': '28', 'phone': '099834 44480'}]",,,,,,,,
,"Raisar Plaza, F-84",099834 44480,,,,,,,MARUDHRA CCTV,,
,"G6, Sarsa Plaza, 80 Feet Road Mahesh Nagar",075685 23109,,,,,,,Hardik Techno Vision,,
,"G1 Plot no.3 Govind Srover, Hatoj - Kalwar - Jaipur Rd",,,,,,,,NAGPAL CCTV,,
,"P.No. 262, Nand Marg Sector - 9, Opp Akshardham Temple, Chitrakoot",1800 123 8564,,,,,,,Coreprix,,
,"Sumangal Apartment, Sumangal app, B5 a47, near kawtiya hospital",094140 81702,,Soni Vision Sant S K A Enterprises,,,,,,,
,14 sanjay nagar,,,C P enterprises,,,,,,,
,"Divya Enclave 1, 36, Niwaru Rd",099288 25750,,EsystemCure,,,,,,,
,WQ7Q+547,,,Ajay CCTV & Computer electronic surveillance,,,,,,,
,,,,Vedika Infotech - Best CCTV Installation Services in Jaipur,,,,,,,
,"D-225 jagdamba Nagar, west",Open 24 hours,,,,,,,,,Vedika Infotech - Best CCTV Installation Services in Jaipur
"Sai vision CCTV Camera Dealers Indore CP Plus, Hikvision CCTV Camera Dealers",Shop No-4,081208 31284,,,,
MS Security System (cctv camera & security equipments),"Kb Mall, F-10, Sapna Sangeeta Rd, near Lotus electronics",062609 65557,,,,
Sai Security System cctv camera,"98, 11, near Astha Cinema",,,,,
Gravity Infotech,"F, 28, Sapna Sangeeta Rd",9111107450,,,,
,A/39,099936 87600,Corebyte Technologies,,,
,,,,"[{'name': 'Vasu Communication', 'address': '276 AS3', 'phone': '099266 32244'}, {'name': 'Chipcare world (CCTV)', 'address': 'G, 3AYaswant plaza', 'phone': '082258 51920'}, {'name': 'PIYUSH SECURITY SYSTEM', 'address': '91 PLOT NO, 411 SCHEEM, 411', 'phone': '098260 87185'}, {'name': 'Vivan Electronic Security', 'address': '135, Sunder Nagar Road ext, MR 10 Rd', 'phone': '089822 20819'}, {'name': 'Swastik Sales', 'address': 'Shop Number. 5, shri ram darbar building, 15, near', 'phone': 'Not provided'}]",,
,"7, Manushri Nagar Extension, Aerodrum Rd",088716 03141,,,Indore Best CCTV and security systems,
,"76 B, behind prafull cinema",091111 80729,,,Sai CCTV Solutions,
,"244 Sanchar Nagar Ext, Kanadia Road, Kanadiya Road Indore",098269 02345,,,Khetan Security System,
,,,,"[{'name': 'AlifTech Secure', 'address': '174, Khizrabad Colony', 'phone': '086028 85412'}, {'name': 'SMART TECH SOLUTION', 'address': 'SILVER MALL, UG-28, BLOCK-C, RNT Marg', 'phone': ''}, {'name': 'Cctv Solution', 'address': '', 'phone': '098934 56134'}, {'name': 'Feel Secure Service Indore', 'address': '', 'phone': '099078 73569'}, {'name': 'AP Technology Indore', 'address': '241 Mahesh bagh Colony, near Sunrise Inter Garden School', 'phone': '083053 16060'}]",,
CCTV CAMERA AND COMPUTER DEALER IN INDORE-SHREE ENTERPRISES,"Silver Mall, 205 Block - A 2nd Floor, RNT Marg",098268 85066,,,,
DELTA SECURITY SYSTEM - BEST CCTV CAMERA,"DAYAL GURU GATE, 251 A",090099 37555,,,,
Swastik Info Solution,G-32 city center 570M.G. Road,098260 34050,,,,
ISoni Enterprises,"245, Panchkuiya Rd",099076 52310,,,,
PAREEK ENTERPRISES,310 kabit,unknown,,,,
,310 kabit khedi main road sukhliya sukhliya,094245 89206,,,,PAREEK ENTERPRISES
,"CF-6 Makvana Complex, Bicholi Mardana, near Shreeji Heights Road",,,,,Delight Marketing and Services
,66/2,098934 56134,,,,Extreme security solution
,"311, Asawa Chambers, Sapna Sangeeta Rd, near Lotus Showroom",098260 50302,,,,Network Automation Solutions
,,,,,,On-site services
,"23, Peergali",09827260002,,,,Secure Track Security
,"57/B, Bhaktavar Ram Nagar Rd, near Tiliak Nagar",09926248007,,,,Advanced security solution CCTV Camera
,91,09977008540,,,,Arpita security system
,"1246, 11",08989121235,,,,Gour cctv service
,"G-20, Johari Palace, Mahatma Gandhi Rd, near TI Mall",098260 79413,,,,Nitin Systems & Securities
,"509, 6th Floor, Onam Plaza, AB Rd",087708 72165,,,,PHP TECH SMART
,"Tower Chouraha, Plot No A69, Scheme No 31, Bhawarkua Main Road, opposite Pishori Restaurant",0731 498 9022,,,,Reliance Digital
,"LG 2, Royal Glory, opp. Sayaji Hotel",0731,,,,Milins Security System
,"LG 2, Royal Glory, opp. Sayaji Hotel",0731 409 9725,,,,Mahakal vision cctv camera installation surveillance
,"613, Surya Tower, Khatiwala Tank Main Rd",094256 66698,,,,Balaji Sales & Services
,"Office No-101, Plot No -100 Sarv Suvidha Nagar Bicholi Hapsi Road In front of New Jain mandir, above State Bank of India",098277 18777,,,,ACV Incorporation
,"13/A, Scheme No-71 Ranjeet Hanuman Road, Phooti Kothi Cir",072018 96720,Gaylord Corporation,,,
,,,,"[{'name': 'Soniya Security Solution', 'address': '101 Mayank Palace 17 F New Palasiya Extention', 'phone': '091792 91444'}, {'name': 'AASTHA TELESOLUTION', 'address': 'No.16-17, District Court Building, Mahatma Gandhi Rd, near kothari market', 'phone': '098266 11222'}, {'name': 'Danisco Security Systems', 'address': '56, Jail Rd', 'phone': '098260 96999'}, {'name': 'Verve Grid', 'address': 'Office 203, 508, MR-5, opposite Prayas Garden', 'phone': '088393 43119'}]",,
,,,,"[{'name': 'MAX SYSTEMS (IT and Security)', 'address': 'G-2, Surya Center, 76, Tilak Nagar Main Rd, near JMB Sweets', 'phone': '093032 40930'}, {'name': 'Falodi Enterprises', 'address': '264, 60 Feet Rd', 'phone': '095892 10161'}, {'name': 'Smart4U Security System', 'address': 'UG-19 B2, Silver Mall, RNT Marg', 'phone': '097700 78644'}, {'name': 'Future Computers & security system', 'address': 'Radhe Krishna apartment, G-5 38A, Hospital', 'phone': 'not provided'}, {'name': 'Samarth Security System', 'address': 'not provided', 'phone': '090985 81435'}]",,
,Not provided,090985 81435,,,,Patel Security Systems
,"502, Prakash Tower, Jeevraj Singhi Marg",088898 88280,,,,GharSuraksha.com
,"S-1, Vinayak Avenue, 139, Tilak Path",094253 53355,,,,Subhashis Choudhary
,Not provided,099260 98750,,,,Fixer Tech
,"5, Jawahar Marg",098270 85896,,,,Century System and Security Solution
,"575 M.G. Road, 2nd floor, 208 Classic centre, near Aanand Jewellers",None,,,,Laxmi e Solutions
,"410, Malwa Mill Rd",None,,,,Piyush CCTV | Solar Panel dealer In Indore | Solar panel Company In Indore
,"f, 91, Sukhliya Main Rd",099070 79229,,,,Cctv camera service
,"57, Shankar Bagh",098260 93931,,,,Sudhir Infotech
,"103, plot no.83, near medanta hospital",088173 45776,,,,JK Electrocon
,,,,"[{'name': 'Naman Enterprises', 'address': 'OFFICE NO.103 Geetashree Apartment, FM-28, Sch. No. 94, opp. Papa Bakery', 'phone': '091316 16101'}, {'name': 'SKY Networks', 'address': '102,, Swadesh Bhawan, 02, AB Rd', 'phone': '098930 21600'}, {'name': 'Vidur security system', 'address': 'FLAT NO 3 E-37 DELUXE APARTMENT', 'phone': '099772 22212'}, {'name': 'Mangalam Computer Techno Tech', 'address': '1248, 11, MR 9 Rd, near majdoor chowk', 'phone': '098936 23794'}]",,
,"102 Prem Plaza, First Floor 5-6 Samrath Ashok Nagar, Tower Chouraha, Near Icici Bank",077728 47797,,,,Life Security Solution
,"F.B. -176, SCHEME NO. 94 SERVICE RING ROAD, behind KASLIWAL HONDA SHOWROOM",098260 57904,,,,Focus Eye Technocrafts Private Limited
,"46B, Vijay Nagar, near, Kabit Khedi Main Rd",088784 59056,,,,Security solutions
Universal Syndicate,"Office No. 2, Mezzanine Floor, KB Mall, 15, Sapna Sangeeta Rd",088784 59056,,,,
Safe Security Systems,"Ug 28 Bolck C Silver Mall, RNT Marg",090989 89804,,,,
Global Solution,"UG-28, BLOCK-C SILVER MALL, 8-A",0731 426 6620,,,,
All in one sequrity system,,096913 27065,,,,
Third eye security solution,M 48 yashvant,,,,,
,"M 48 yashvant plaza, in front of railway station",,,,,Third eye security solution
,"Shop No 2 Ground Floor, Plot No.151",092002 57854,,,,Soft Infotech
,"Yeshwant Plaza, G-76, near by Railway Station",088788 72707,,,,Shree Samridhi Computers & Security System
,PRVV+GGX,,,,,Devkripa infotech CCTV security system
,"31, Tilak Path",084355 03550,,,,Samurai Securities
,,,,"[{'name': 'SAI ENTERPRISES', 'address': 'M, KB Mall, 15, Sapna Sangeeta Rd', 'phone': '084355 03550'}, {'name': 'CCTV Camera Service', 'address': '49, Raza clonoy', 'phone': '092299 03786'}, {'name': 'Computer World Technologies', 'address': 'LG-3 Suniket Appartment, Khajrana Main Rd', 'phone': '093016 34914'}, {'name': 'Runfire & Security Systems', 'address': '126/4, Bhagat Singh Nagar, Sector D Road', 'phone': '070246 72240'}, {'name': 'Runfire & Security Systems | Fire Extinguishers Dealer in Indore | Fire Equipment', 'address': '156, Banganaga Main', 'phone': None}]",,
,"71 R.S. Bhandari Marg, opposite Shelby Hospital, Punjab National Bank, near Janjeerwala Square",062624 63634,TechieJinn,,,
,"Yeshwant Plaza, F -117, Opp Railway",,,,,Need Technology
,40/4 solanki nagar barfani dham,,,,,cctv camera indore
,"Sparsh Digital, 311-C, Silver Mall, 3rd Floor, RNT Marg",,,,,Godrej Security Solutions (Godrej CCTV)
,"LG - 24, SILVER MALL, BLOCK – C, RNT Marg",098935 71764,,,,AASTHA ENTERPRISES
,"M-88 Mezzanine Floor, Yeshwant Plaza, near Railway Station",078696 84503,,,,R CCTV ENTERPRISES
,"309-M Khatiwala tank mangalam apartment, 3rd floor, flat number 302",Temporarily closed,,,,Solar India
,"567, Mahatma Gandhi Rd",078692 81516,,,,Global Solution
,"1st Floor Flat No-101, 22, Near, Anand Bazar Rd",089669 92969,,,,Security Plus
,"507 b, Chota Bangarda Rd",062642 16391,,,,Tech Masters
,"3rd Floor, Gemini Tower, Anand Bazar",Temporarily closed,,,,Neetyash Tech Solutions
,"3rd Floor, Gemini Tower, Anand Bazar Rd, above Chhappan Bhog",095222 30103,,,,Neetyash Tech Solutions
,"103 B BLOCK SILVER MALL, 8-A R.N.T. MARG, 8-A",0731 407 4425,,,,Hard-N-Soft Services
