Appsys Security Solutions,"61/2167, Ground Floor, Temple View, Ravipuram Rd",Not Provided,,,,
NEXA SYSTEM,"Sahodaran Ayyappan Road, Janatha Rd, near by EVM Honda, near Metro Pillar 844A",088910 12325,,,,
Hawksight Technologies,"White House, 37/137/B1, Ground Floor, Kaloor - Kadavanthara Rd, opposite Gokul Oottupura",098473 11777,,,,
Eyesecure Security Solutions (ESS),Not Provided,Not Provided,,,,
Eyesecure Security Solutions (ESS),"Pente estate, S Janatha Rd",086069 03001,,,,
NEEMLIF SECURE,"VK BAVA LINE, SRM Road",097442 75117,,,,
A SQUARE Distributors,Judges Ave,095629 66624,,,,
Codeum Labs,"39/723, Model Engineering College Road",096450 92125,,,,
Alpha Smart Systems,"A16, HOLY TUESDAY MALL",086069 36366,,,,
JJMEDIA Digital Security Solutions,"IV/884-A3, Joysland, Parutheli Palam Jn, Near Lulu Mall, Edappally",0484 485 6777,,,,
ElectroNex Technologies,"PRASANTHI, Karimpurath Rd",095395 37779,,,,
SAMS Security,,095622 06718,,,,
I Vision Cctv Camera,,097453 67180,,,,
SG i Netronics,"Amees Building, Mullassery Canal Rd",097475 54459,,,,
International Security Solution,"Moolayil Towers, P O, near TVS Junction",091421 03007,,,,
Infoniks Systems Private Limited,"No. 225, D D Vyaparbhavan, K P Vallom Road, Kochi",Open ⋅ Closes 6 pm,,,,
,"No. 225, K P Vallom Road, Kochi",098460 53985,D D Vyaparbhavan,,,
Creative Security Systems,"SCO-230, Kochar Market Rd, nr. Police Chowki",090231 99040,,,,
Creative Infotech,"Shop No. 111, Kochar Market Rd",099881 31370,,,,
SENIOR SECURITY SYSTEM,"899, 5, Street Number 5",098146 01339,,,,
Avis security systems india,"3301, Bhamian Rd, near tirkona park, opposite",None provided,,,,
KES Security Private Limited,"1st Floor, Bay View Tower, S City Rd",1800 13 7037,,,,
W&J Cctv Camera,Mata Rani Rd,096468 47893,,,,
Tentronix Innovations Pvt. Ltd. - CCTV Company India,24-25,0161 502 5622,,,,
GOYAL MOBILE & CCTV,"Raikot Rd, near PNB Bank",,,,,
CCTV 5.0,"Raikot Rd, near PNB Bank",098766 89344,,,,
City Surveillance Solutions,"63, Kochar Market Rd, opp. Hunjan Hospital",078376 27248,,,,
HIKVISION CCTV camera,"HS Automation Systems 158, Radha swami road, Chandigarh Rd",094632 82746,,,,
Vanmas Group,"1472-D, Model Town Extension Road",090230 82000,,,,
DE HUNT,Unknown,098156 17413,,,,
View Vision India,Unknown,Unknown,,,,
View Vision India,"98, Kochar Market Rd",,,,,
Survellianc Infotech Solutions,"Shivpuri Chauk, Gali Number 2, near Satnam auto",073185 56597,,,,
Realeye,"Amarlaj Tower, Street No 1, Pritam Colony 33 FT, Lohara Rd",1800 123 0121,,,,
Grace CCTV & Security Solution,WR2M+X7C,,,,,
Amulis Security Solutions,"H.no-1446/10, c B1, Street Number 1",,,,,
,"203 2nd Floor, Psr Complex, opp. Rani Park, nr. Kochar Market Road",099150 02192,D.K IT SERVICES,,,
,"2nd Floor, Red Cross Bhawan, The Mall Rd",070352 70354,iBeam Media Solutions,,,
,"First floor, SCO 59, Gill Rd",Not provided,Securer Squad Automation Solution,,,
,Not provided,Not provided,Creative Security Systems,,,
Avis security systems india,"3301, Bhamian Rd, near tirkona park",,,,,
,,,,"[{'name': 'KES Security Private Limited', 'address': '1st Floor, Bay View Tower, S City Rd', 'phone': '1800 13 7037'}, {'name': 'W&J Cctv Camera', 'address': 'Mata Rani Rd', 'phone': '096468 47893'}, {'name': 'Tentronix Innovations Pvt. Ltd. - CCTV Company India', 'address': '24-25', 'phone': '0161 502 5622'}, {'name': 'GOYAL MOBILE & CCTV', 'address': 'Raikot Rd, near PNB Bank', 'phone': 'Not Provided'}]",,
MOBILE & CCTV,"Raikot Rd, near PNB Bank",098766 89344,,,,
,,,,"[{'name': 'View Vision India', 'address': '98, Kochar Market Rd', 'phone': None}, {'name': 'Survellianc Infotech Solutions', 'address': 'Shivpuri Chauk, Gali Number 2, near Satnam auto', 'phone': '073185 56597'}, {'name': 'Realeye', 'address': 'Amarlaj Tower, Street No 1, Pritam Colony 33 FT, Lohara Rd', 'phone': '1800 123 0121'}, {'name': 'Grace CCTV & Security Solution', 'address': 'WR2M+X7C', 'phone': None}, {'name': 'Amulis Security Solutions', 'address': 'H.no-1446/10, c B1, Street Number 1', 'phone': None}]",,
,,,,"[{'name': 'Solutions 5.0', 'address': 'H.no-1446/10, c B1, Street Number 1', 'phone': '098775 65657'}, {'name': 'D.K IT SERVICES', 'address': '203 2nd Floor, Psr Complex, opp. Rani Park, nr. Kochar Market Road', 'phone': '099150 02192'}, {'name': 'iBeam Media Solutions', 'address': '2nd Floor, Red Cross Bhawan, The Mall Rd', 'phone': '070352 70354'}, {'name': 'Securer Squad Automation Solution', 'address': 'First floor, SCO 59, Gill Rd', 'phone': 'Not Provided'}]",,
Avis security systems india,"3301, Bhamian Rd, near tirkona park, opposite khana khazana food point",098554 06567,,,,
GOYAL MOBILE & CCTV,Security system,No phone number listed,,,,
,,,,"[{'name': 'GOYAL MOBILE & CCTV', 'address': 'Raikot Rd, near PNB Bank', 'phone': '098766 89344'}, {'name': 'City Surveillance Solutions', 'address': '63, Kochar Market Rd, opp. Hunjan Hospital', 'phone': '078376 27248'}, {'name': 'HIKVISION CCTV camera', 'address': '158, Radha swami road, Chandigarh Rd', 'phone': '094632 82746'}, {'name': 'Vanmas Group', 'address': '1472-D, Model Town Extension Road', 'phone': '090230 82000'}]",,
,"Shivpuri Chauk, Gali Number 2, near Satnam auto",073185 56597,,,Survellianc Infotech Solutions,
Amulis Security Solutions,"H.no-1446/10, c B1, Street Number 1",098775 65657,,,,
"D.K IT SERVICES - Best CCTV, Data Recovery Centre, Laptop And Printer Sales And Service In Ludhiana","203 2nd Floor, Psr Complex, opp. Rani Park, nr. Kochar Market Road",099150 02192,,,,
iBeam Media Solutions,"2nd Floor, Red Cross Bhawan, The Mall Rd",070352 70354,,,,
Securer Squad Automation Solution,"First floor, SCO 59, Gill Rd",Not available,,,,
Black Ace Security Services Pvt. Ltd.,"710, Main Road, Canal Ave, adjoining Pancham Hospital",094639 00638,,,,
A.R Solution,"12365 St No. 4, Tibba Rd, near Satsang Ghar",092567 28126,,,,
Creative Infotech (CCTV Dealers in Ludhiana),Not specified in the text,Not specified in the text,,,,
KES Security Private Limited,"1st Floor, Bay View Tower, S City Rd",,,,,
,Mata Rani Rd,096468 47893,W&J Cctv Camera,,,
,24-25,0161 502 5622,Tentronix Innovations Pvt. Ltd. - CCTV Company India,,,
,"Raikot Rd, near PNB Bank",098766 89344,GOYAL MOBILE & CCTV,,,
,"63, Kochar Market Rd, opp. Hunjan Hospital",78376,City Surveillance Solutions,,,
HS Automation Systems,"158, Radha swami road, Chandigarh Rd",094632 82746,,,,
DE HUNT,Not specified,098156 17413,,,,
View Vision India,"98, Kochar Market Rd",Not specified,,,,
Survellianc Infotech Solutions,"Shivpuri Chauk, Gali Number 2, near Satnam auto",Not specified,,,,
D.K IT SERVICES,,,,,,
"CCTV, Data Recovery Centre, Laptop And Printer Sales And Service In Ludhiana","203 2nd Floor, Psr Complex, opp. Rani Park, nr. Kochar Market Road",099150 02192,,,,
Securer Squad Automation Solution,"First floor, SCO 59, Gill Rd",No phone number listed,,,,
Professional cctv security system | cctv camera in ludhiana|,"Street no 1, Tibba Rd",095921 25817,,,,
Cctv in Ludhiana,"House no 1, Street no 9, Preet Nagar",No phone number listed,,,,
,,,,"[{'name': 'CCTV HUB AHMEDGARH', 'address': 'BANK ROAD, opp. MAHARAJ FURNITURE PETTY MARKET', 'phone': None}, {'name': 'AMPLE TECH', 'address': '2307', 'phone': None}, {'name': 'R. S. CCTV Camera & Computer - CCTV Camera Dealers', 'address': 'Shop No. 22, Basant Avenue Market, BCM School Road', 'phone': '094175 96605'}, {'name': 'Max Business Systems - CCTV surveillance systems', 'address': 'Bhadur ke Road, Banda BhadurNagar, Gali - 6', 'phone': None}]",,
,"12365 St No. 4, Tibba Rd, near Satsang Ghar",092567 28126,A.R Solution,,,
Avis security systems india,"3301, Bhamian Rd, near tirkona park, opposite",,,,,
systems india,"3301, Bhamian Rd, near tirkona park, opposite khana khazana food point",098554 06567,,,,
GOYAL MOBILE & CCTV,"Raikot Rd, near PNB Bank",incomplete,,,,
DE HUNT,Not Provided,098156 17413,,,,
View Vision India,Not Provided,Not Provided,,,,
Surveillanc Infotech Solutions,"Shivpuri Chauk, Gali Number 2, near Satnam auto",073185 56597,,,,
Realeye : India's Fastest Growing Brand of CCTV and LED TV,"Amarlaj Tower, Street No 1, Pritam Colony 33 FT, Lohara Rd",1800 123 0121,,,,
D.K IT SERVICES,"203 2nd Floor, Psr Complex, opp. Rani Park, nr. Kochar Market Road",099150 02192,,,,
Securer Squad Automation Solution,"First floor, SCO 59, Gill Rd",,,,,
Creative Security Systems,,,,,,
GOYAL MOBILE & CCTV,"Raikot Rd, near PNB Bank",Not Provided,,,,
HIKVISION CCTV camera,"158, Radha swami road, Chandigarh Rd",094632 82746,,,,
Solutions 5.0,"H.no-1446/10, c B1, Street Number 1",098775 65657,,,,
Creative Security Systems,End of list provided,No phone number listed,,,,
GOYAL MOBILE & CCTV,Not specified,Not specified,,,,
GOYAL MOBILE & CCTV,"Raikot Rd, near PNB Bank",098766 89344,,,,
,"98, Kochar Market Rd",098156 17413,View Vision India,,,
,"Shivpuri Chauk, Gali Number 2, near Satnam auto",073185 56597,Survellianc Infotech Solutions,,,
,"Amarlaj Tower, Street No 1, Pritam Colony 33 FT, Lohara Rd",1800 123 0121,Realeye : India's Fastest Growing Brand of CCTV and LED TV,,,
,WR2M+X7C,,Grace CCTV & Security Solution,,,
,H.no-1446/10,,Amulis Security Solutions,,,
Avis security systems india,"3301, Bhamian Rd, near tirkona park",not specified,,,,
GOYAL MOBILE & CCTV,"Raikot Rd, near PNB Bank",unspecified,,,,
View Vision India,Not specified,Not specified,,,,
,Not specified,Not provided,Creative Security Systems,,,
Creative Security Systems,"SCO-230, Kochar Market Rd, nr. Police Chowki",9023199040,,,,
Creative Infotech,"Shop No. 111, Kochar Market Rd",9988131370,,,,
SENIOR SECURITY SYSTEM,"899, 5, Street Number 5",9814601339,,,,
,"Shivpuri Chauk, Gali Number 2, near Satnam auto",073185 56597,,Survellianc Infotech Solutions,,
,"Amarlaj Tower, Street No 1, Pritam Colony 33 FT, Lohara Rd",1800 123 0121,,Realeye,,
,"H.no-1446/10, c B1, Street Number 1",,,Amulis Security Solutions,,
DE HUNT,N/A,098156 17413,,,,
,,,,,"[{'name': 'View Vision India', 'address': '98, Kochar Market Rd', 'phone': 'None provided'}, {'name': 'Surveillanc Infotech Solutions', 'address': 'Shivpuri Chauk, Gali Number 2, near Satnam auto', 'phone': '073185 56597'}, {'name': ""Realeye : India's Fastest Growing Brand of CCTV and LED TV"", 'address': 'Amarlaj Tower, Street No 1, Pritam Colony 33 FT, Lohara Rd', 'phone': '1800 123 0121'}, {'name': 'Grace CCTV & Security Solution', 'address': 'WR2M+X7C', 'phone': 'None provided'}, {'name': 'Amulis Security Solutions', 'address': 'H.no-1446/10', 'phone': 'None provided'}]",
,"H.no-1446/10, c B1, Street Number 1",098775 65657,,Amulis Security Solutions,,
,"203 2nd Floor, Psr Complex, opp. Rani Park, nr. Kochar Market Road",099150 02192,,D.K IT SERVICES,,
,"2nd Floor, Red Cross Bhawan, The Mall Rd",070352 70354,,iBeam Media Solutions,,
,"First floor, SCO 59, Gill Rd",No phone number provided,,Securer Squad Automation Solution,,
,Incomplete,No phone number provided,,CCTV SECURITY ZONE PATNA,,
CCTV SECURITY ZONE PATNA,"90 Feet Rd, near Indicash ATM",062876 29900,,,,
CCTV Patna,,093345 44807,,,,
BR Tech Solutions,"Inside Pillar 35 At, Ashiana - Digha Rd, behind Biryani Mahal",090063 37533,,,,
DIGITAL MEDIA 21,,,,,,
CP PLUS CCTV Camera Dealers,"Jyoti Tower, 305-A, New Dak Bunglow Rd",099051 79259,,,,
Cito Vision India Pvt. Ltd,"1ST FLOOR, Krishna Building, SP Verma Rd",095822 12222,,,,
CP PLUS JMTS CCTV SALE & SERVICES,"3rd floor, Malti Niwas, New Bypass road, near sichai Bhawan",093866 13808,,,,
CCTV PATNA/CP PLUS /HIKVISION/DAHUA/REALTIME BIOMETRIC/CAMERA/INTERCOM,Rd Number 1,077838 66621,,,,
SUMITRA CCTV CAMERA SECURITY SERVICES,"Kaushalya Vilas Sadan, Aanand Gram, Chandmari Road, MIG Rd",093045 24139,,,,
Arman Security Servillance,"HOUSE NO 182, near by APN BY APNA GHARANA MASHJID",062065 78288,,,,
GLOBAL IT ZONE,"3rd Floor, Chandi Vyapar Bhawan, 302(I-3, Exhibition Rd, above Union Bank",073196 66655,,,,
MEGA SECURITY SYSTEMS,"Service Rd, behind DAV Public School",074820 76605,,,,
Narayan Ventures CCTV and Computers,"Gola Rd, below Union Bank",091022 99922,,,,
Patna CCTV Camera,"Shanti Apartment, 90 Feet Rd, near Cake Factory",090310 05264,,,,
Maxmile Tech Solution Pvt Ltd,Unavailable,Unavailable,,,,
,,,,,"[{'name': 'Maxmile Tech Solution Pvt Ltd', 'address': 'B-19, P C Colony Rd', 'phone': '088774 49958'}, {'name': 'DnM CCTV', 'address': 'Kadamkuan Rd, near Gayatri international school', 'phone': '097983 09941'}, {'name': 'Chaman Enterprises', 'address': 'near shinchi bhawan', 'phone': '074884 92967'}, {'name': 'ASTRO TECH', 'address': 'near ITO GOLAMBER, behind ICICI Bank', 'phone': '074640 65594'}, {'name': 'ABS System Solutions', 'address': 'F4, Pakiza Market, Chiraiyatand Chauraha, Postal Park Rd', 'phone': 'Not provided'}]",
Segment 21,"F4, Pakiza Market, Chiraiyatand Chauraha, Postal Park Rd",097710 13222,,,,
LYQA,"Ground Floor 38, near Bittu Gril Shop",073600 06080,,,,
RJS Enterprises,"3, Danapur - Khagaul Rd",098351 90906,,,,
Spy Tech CCTV Security Shop,"Sen Bhawan Gate lane, West Of MIG -33 ,1st floor Laxmi Bhawan",077392 48974,,,,
DOXO TECH,,099311 18888,,,,
CCTV Security World,Adarsh Colony Rd,072776 59885,,,,
Shree Enterprises - CCTV Camera Shop / Installation Service / Video Door Phone / Intercom / Biometric,"Near Kale Mandir, Gola Rd",082106 48810,,,,
EYE CATCH SECURITY SERVICE - CCTV Camera Shop/CCTV Camera Installation & services/CP Plus & Hikvision CCTV Dealers,"Sunita Bhawan, NTC Colony, Khemnichak Rd",095722 04618,,,,
,,,,,"[{'name': 'BR TECHNOLOGY GROUP', 'address': 'Ramdiri House, Dadijee Lane, Boring Rd', 'phone': '073209 33562'}, {'name': 'RR CCTV Camera Dealers,CP Plus CCTV Shop', 'address': 'Mangal Market, 303, 3rd Floor, Bailey Rd', 'phone': '079923 16783'}]",
UNIWORLD VISION PVT LTD,"H4VW+G68 Azad Nagar Road Number 3, Rd Number 3",073600 00121,,,,
Innovative Automation and Communication,"Vikas Colony, Road, Near Utpad Rasayan Parikshak Office, 02, Sandalpur Rd",095406 86356,,,,
Techno Serve,E-78,093341 01442,,,,
"KRISH SECURITY SOLUTIONS, CCTV SELL AND SERVICE","Bala jee Nagar, near Hi-tech Hospital",094300 60401,,,,
KAUSHAL SECURITY CAMERA AND POWERTOOLS,"SHOP NO :F-10, GOPI TOWER, near BALAJI GUEST HOUSE",062027 17601,,,,
Cctv Camera Installation Patna (Shri Enterprises),"Road no.-2, Budhha nagar, 01",090651 95699,,,,
Laxmi Narayan Traders,"Moti Market, Shahpur, Jaganpura Rd, near Shiv Mandir",,,,,
Aradhya Infotech Empire,"Bajaja Gali, near shive mandir",062060 45823,,,,
Genpro Security Systems,Opp.Gorakhnath Complex Sisodia Palace,099559 99078,,,,
Moti Techno Projects,"1st Floor, E/5, P C Colony Rd, opposite Sri Sai Lions Netralaya",None provided,,,,
,"Meer complex, Ranchi Rd",082914 58828,,,,"IT Solutions Bihar: CCTV Camera Dealers in Patna, Nalanda, Bihar Sharif, Munger & Bhagalpur"
,,,,,"[{'name': 'Zis Security System & Surveillance (LLP)', 'address': '307/308 3rd Floor, Kulharia Complex', 'phone': '094734 22255'}, {'name': 'Ashom Security and Facility Management Private Limited', 'address': 'B18', 'phone': '097988 39094'}, {'name': 'Destiny security system', 'address': 'not specified', 'phone': '093088 92708'}, {'name': 'HARSH ENTERPRISES - IT AND OTHER OFFICE EQUIPMENT', 'address': 'First Floor House No - 88, Montessori School Lane, Boring Rd', 'phone': '073710 00304'}]",
HP Ent Trueview Warner CP Plus Hikvision Dahua CCTV camera Wholesaler,"Office 10A, Krishna Apartment, Boring Rd",088040 60430,,,,
CCTV Installation & Service,"MEENA MARKET ANISHABAD CHITKOHRA, Ambedkar Chowk",099312 90721,,,,
Sunway Marketing Services,Road No. 24,095724 00385,,,,
MAURYA'S IT SOLUTIONS Pvt. Ltd.,"11, Danapur - Khagaul Rd",073228 88822,,,,
,Agam Kuan Flyover,082074 85643,,CCTV SALES & SERVICE,,
,"3rd Floor, Geetanjali Palace, Jamal Rd",,,NSS security,,
,"225, IInd Floor",080 4897 5726,,Lakshya Tech Solutions Limited,,
,"Shop no, Panache, Kumar Commercial Complex, 4 & 5, Exhibition Rd, near Hotel",,,Patna Global,,
,"Shyama Niwas, E Boring Canal Rd, near Panchmuki Hanuman Mandir",080847 92035,,SMV IT solution,,
,,,,CCTV CAMERA REPAIR SERVICE IN PATNA,,
SHRI RAM ENTERPRISES,"SECTOR,O-B-59",077391 30936,,,,
CP PLUS,A-12,088009 52952,,,,
VProtect Gurgaon,"Plot no. 10, GNG Building, 4-5 Floor, Sector 44 Rd",0124 417 1800,,,,
Microcare services,"Tajnagar, more, near Nohsa",075201 31302,,,,
Omni Hosting,"Patliputra Kurji Rd, opp. LOYALA HIGH SCHOOL",093086 86345,,,,
OJPL Services,"Nirmal Tower, 1302, 13Th, Barakhamba Rd",083682 88243,,,,
CCTV Camera Security service,"Devpunya Palace, near Devi Sthan",,,,,
Muskan Top Tech Security pvt Ltd,H. N-29,085419 98735,,,,
,,,,,"[{'name': 'Modern sk surveillance installation CCTV camera Sales and Services', 'address': 'city court, Old, Nehru Chowk Ln, near Rk public school', 'phone': '085419 98735'}, {'name': 'Cobra Sentinel P Limited', 'address': 'Mokama Nivas, Kankarbagh Main Rd', 'phone': '093343 12810'}, {'name': 'Wetech plush security solution', 'address': 'haidery colony, Moghalpura naudhal imambara, patna', 'phone': 'Open 24 hours'}]",
DIGITAL MEDIA 21,"Jyoti Tower, 305-A, New Dak",not provided in the text,,,,
PLUS CCTV Camera Dealers,"Jyoti Tower, 305-A, New Dak Bunglow Rd",099051 79259,,,,
,,,"[{'name': 'SUMITRA CCTV CAMERA SECURITY SERVICES', 'address': 'Kaushalya Vilas Sadan, Aanand Gram, Chandmari Road, MIG Rd', 'phone': '093045 24139'}, {'name': 'Arman Security Servillance', 'address': 'HOUSE NO 182, near by APN BY APNA GHARANA MASHJID', 'phone': '062065 78288'}, {'name': 'GLOBAL IT ZONE', 'address': '3rd Floor, Chandi Vyapar Bhawan, 302(I-3, Exhibition Rd, above Union Bank', 'phone': '073196 66655'}, {'name': 'MEGA SECURITY SYSTEMS - CCTV Camera Shop | CCTV', 'address': 'Unspecified', 'phone': 'Unspecified'}]",,,
Maxmile Tech Solution Pvt Ltd,"B-19, P C Colony Rd",,,,,
Tech Solution Pvt Ltd,"B-19, P C Colony Rd",088774 49958,,,,
DnM CCTV,"Kadamkuan Rd, near Gayatri international school",097983 09941,,,,
Chaman Enterprises CCTV camera and R.O sale and service,near shinchi bhawan,074884 92967,,,,
ASTRO TECH,"near ITO GOLAMBER, behind ICICI Bank",074640 65594,,,,
ABS System Solutions,"F4, Pakiza Market, Chiraiyatand Chauraha, Postal Park Rd",097710 13222,,,,
Pakiza Market,"Chiraiyatand Chauraha, Postal Park Rd",097710 13222,,,,
Spy Tech CCTV Security Shop,"Sen Bhawan Gate lane, West Of MIG -33, 1st floor Laxmi Bhawan",077392 48974,,,,
I NEXT INDIA- CCTV CAMERA SHOP-CCTV CAMERA INSTALLATION & SERVICE CP PLUS & HIKVISON-CCTV CAMERA DEALERS,"Opp, East Gate Igims, near Sanni Rest House",086788 32794,,,,
Pixeldote Technologies,Road 14/A,095760 22221,,,,
Uniworld vision Pvt ltd,"Rd Number 3, near Raja utsav hall",092040 57804,,,,
Shree Enterprises,"Near Kale Mandir, Gola Rd",082106 48810,,,,
EYE CATCH SECURITY SERVICE,"Sunita Bhawan, NTC Colony, Khemnichak Rd",095722 04618,,,,
BR TECHNOLOGY GROUP,"Ramdiri House, Dadijee",,,,,
"Hikvision, CP Plus- CCTV Camera Dealers","Ramdiri House, Dadijee Lane, Boring Rd",073209 33562,,,,
"RR CCTV Camera Dealers,CP Plus CCTV Shop","Mangal Market, 303, 3rd Floor, Bailey Rd",079923 16783,,,,
CCTV Solution Patna,"3rd floor, Shashi Complex, K - 180, Kali Mandir Rd",095234 84931,,,,
UNIWORLD VISION PVT LTD,H4VW+G68 Azad Nagar Road,,,,,
"Techno Serve | CCTV Security Camera, Intercom Solutions | Biometric Devices",E-78,093341 01442,,,,
"KRISH SECURITY SOLUTIONS, CCTV SELL AND SERVICE","Bala jee Nagar, near Hi-tech Hospital",94300,,,,
GANPATI CCTV camera installation home services,not specified,082924 33142,,,,
Laxmi Narayan Traders,"Moti Market, Shahpur, Jaganpura Rd, near Shiv Mandir",095074 77343,,,,
,,,"[{'name': 'Aradhya Infotech Empire', 'address': 'Bajaja Gali, near Shive Mandir', 'phone': '062060 45823'}, {'name': 'Genpro Security Systems', 'address': 'Opp.Gorakhnath Complex Sisodia Palace', 'phone': '099559 99078'}, {'name': 'Moti Techno Projects', 'address': '1st Floor, E/5, P C Colony Rd, opposite Sri Sai Lions Netralaya', 'phone': 'None provided'}, {'name': 'CCTV Security World', 'address': 'Not specified', 'phone': '082715 02072'}, {'name': 'M V SECURITY SYSTEM CCTV CAMERA PATNA', 'address': 'Not specified', 'phone': 'Not specified'}]",,,
M V SECURITY SYSTEM CCTV CAMERA PATNA,Saguna Khagaul Rd,095252 30041,,,,
Cctv Service,"A/9, Boring Rd",079090 85740,,,,
Zis Security System & Surveillance (LLP),"307/308 3rd Floor, Kulharia Complex",094734 22255,,,,
Ashom Security and Facility Management Private Limited,B18,097988 39094,,,,
Destiny security system,,093088 92708,,,,
HARSH ENTERPRISES,"First Floor House No - 88, Montessori School Lane, Boring Rd",073710 00304,,,,
MAURYA'S IT SOLUTIONS Pvt. Ltd.,"11, Danapur - Khagaul Rd",Not provided,,,,
,,,"[{'name': 'SOLUTIONS Pvt. Ltd.', 'address': '11, Danapur - Khagaul Rd', 'phone': '073228 88822'}, {'name': 'Cp plus cctv camera patna', 'address': 'Hariniwas Complex, 506 fifth, dakbunglow road', 'phone': None}, {'name': 'NSS SECURITY SERVICES PATNA', 'address': 'Front of Central Bank of India, near SBI ATM', 'phone': None}, {'name': 'CCTV Security World', 'address': 'Adarsh Colony Rd', 'phone': '072776 59885'}, {'name': 'CCTV Biometric System Sale and Service', 'address': '3rd Floor, Geetanjali Palace, Jamal Rd', 'phone': None}]",,,
,"SECTOR,O-B-59",077391 30936,,SHRI RAM ENTERPRISES,,
CCTV Camera Sales & Services - Omni Hosting,"Patliputra Kurji Rd, opp. LOYALA HIGH SCHOOL",093086 86345,,,,
CCTV SALES & SERVICE,Agam Kuan Flyover,082074 85643,,,,
,"Mokama Nivas, Kankarbagh Main Rd",093343 12810,,,Cobra Sentinel P Limited,
,"PRDA Apartment, Near, S.K. Puri, Boring Rd",091423 50754,,,HDi,
,,,"[{'name': 'F Y J Manpower Pvt Ltd', 'address': 'PETROL pump Baldwin school, NH 30 BEGAMPUR APPOSITE, SN MISHRA, road', 'phone': None}, {'name': 'PatnaCCTV', 'address': 'Parvathi Path', 'phone': '098018 32817'}, {'name': 'RLS INFOSYSTEM PRIVATE LIMITED', 'address': 'Kapila Bhawan, 3rd Floor, Telegraph Colony, Near, Income Tax Chauraha', 'phone': '0612 252 8899'}, {'name': 'TECONICA DIGITAL', 'address': 'No, L1/30, Kapil kutit, L-1/47, Boring Rd', 'phone': '093349 78095'}]",,,
FFS Security,"D.S. Bhawan 3rd Floor, West of Choudhary Petrol Pump, Near Chiraiya Tand, Over Bridge",0612 236 2260,,,,
SAVINETX TECHNOLOGIES PVT LTD,"G Floor, Puja Apartment, Rd Number 2 Ext",098350 40651,,,,
,"Shop No.1,2,5, Hera Enclave, New Dak Bangla Road, opposite of Jamal Road",092644 99922,,Elipact Enterprises (Laptop Repair Center),,
DIGITAL MEDIA 21,"Jyoti Tower, 305-A, New Dak",Incomplete address and missing phone number,,,,
,"Jyoti Tower, 305-A, New Dak Bunglow Rd",099051 79259,PLUS CCTV Camera Dealers,,,
,"1ST FLOOR, Krishna Building, SP Verma Rd",095822 12222,Cito Vision India Pvt. Ltd,,,
,"3rd floor, Malti Niwas, New Bypass road, near sichai Bhawan",093866 13808,CP PLUS JMTS CCTV SALE & SERVICES,,,
,Rd Number 1,077838 66621,CCTV PATNA/CP PLUS /HIKVISION/DAHUA/REALTIME BIOMETRIC/CAMERA/INTERCOM,,,
Arman Security Servillance,"HOUSE NO 182, near by APNA GHARANA MASHJID",062065 78288,,,,
,"Service Rd, behind DAV Public School",074820 76605,MEGA SECURITY SYSTEMS,,,
,"Gola Rd, below Union Bank",091022 99922,Narayan Ventures CCTV and Computers,,,
,"Shanti Apartment, 90 Feet Rd, near Cake Factory",090310 05264,Patna CCTV Camera,,,
,"B-19, P C Colony Rd",,Maxmile Tech Solution Pvt Ltd,,,
,"B-19, P C Colony Rd",088774 49958,Tech Solution Pvt Ltd,,,
,"Kadamkuan Rd, near Gayatri international school",097983 09941,DnM CCTV,,,
,near shinchi bhawan,074884 92967,Chaman Enterprises CCTV camera and R.O sale and service,,,
,"near ITO GOLAMBER, behind ICICI Bank",074640 65594,ASTRO TECH,,,
,"F4, Pakiza Market, Chiraiyatand Chauraha, Postal Park Rd",097710 13222,ABS System Solutions,,,
,"Opp, East Gate Igims, near Sanni Rest House",086788 32794,,I NEXT INDIA- CCTV CAMERA SHOP-CCTV CAMERA INSTALLATION & SERVICE CP PLUS & HIKVISON-CCTV CAMERA DEALERS,,
,,099311 18888,DOXO TECH,,,
,"Near Kale Mandir, Gola Rd",082106 48810,Shree Enterprises,,,
,"Sunita Bhawan, NTC Colony, Khemnichak Rd",095722 04618,EYE CATCH SECURITY SERVICE,,,
,"Ramdiri House, Dadijee",,BR TECHNOLOGY GROUP,,,
,"Ramdiri House, Dadijee Lane, Boring Rd",073209 33562,"Hikvision, CP Plus- CCTV Camera Dealers",,,
,"Mangal Market, 303, 3rd Floor, Bailey Rd",079923 16783,"RR CCTV Camera Dealers,CP Plus CCTV Shop",,,
,"3rd floor, Shashi Complex, K - 180, Kali Mandir Rd",095234 84931,CCTV Solution Patna,,,
,H4VW+G68 Azad Nagar Road,,UNIWORLD VISION PVT LTD,,,
,"H4VW+G68 Azad Nagar Road Number 3, Rd Number 3",073600 00121,UNIWORLD VISION PVT LTD,,,
,"Vikas Colony, Road, Near Utpad Rasayan Parikshak Office, 02, Sandalpur Rd",095406 86356,Innovative Automation and Communication,,,
,E-78,093341 01442,"Techno Serve | CCTV Security Camera, Intercom Solutions | Biometric Devices",,,
,"Bala jee Nagar, near Hi-tech Hospital",94300,"KRISH SECURITY SOLUTIONS, CCTV SELL AND SERVICE",,,
,Unknown,082924 33142,GANPATI CCTV camera installation home services,,,
,"SHOP NO :F-10, GOPI TOWER, near BALAJI GUEST HOUSE",062027 17601,KAUSHAL SECURITY CAMERA AND POWERTOOLS,,,
,"Road no.-2, Budhha nagar, 01",090651 95699,Cctv Camera Installation Patna (Shri Enterprises),,,
,"Moti Market, Shahpur, Jaganpura Rd, near Shiv Mandir",095074 77343,Laxmi Narayan Traders,,,
,,,,,"[{'name': 'Aradhya Infotech Empire', 'address': 'Bajaja Gali, near shive mandir', 'phone': '062060 45823'}, {'name': 'Genpro Security Systems', 'address': 'Opp.Gorakhnath Complex, Sisodia Palace', 'phone': '099559 99078'}, {'name': 'Moti Techno Projects', 'address': '1st Floor, E/5, P C Colony Rd, opposite Sri Sai Lions Netralaya', 'phone': None}, {'name': 'CCTV Security World', 'address': None, 'phone': '082715 02072'}, {'name': 'M V SECURITY SYSTEM CCTV CAMERA PATNA', 'address': None, 'phone': None}]",
,Saguna Khagaul Rd,095252 30041,M V SECURITY SYSTEM CCTV CAMERA PATNA,,,
,"A/9, Boring Rd",079090 85740,Cctv Service,,,
,"307/308 3rd Floor, Kulharia Complex",094734 22255,Zis Security System & Surveillance (LLP),,,
,B18,097988 39094,Ashom Security and Facility Management Private Limited,,,
,,093088 92708,Destiny security system,,,
,"11, Danapur - Khagaul Rd",073228 88822,SOLUTIONS Pvt. Ltd.,,,
,"Hariniwas Complex, 506 fifth, dakbunglow road",,Cp plus cctv camera patna,,,
,"Front of Central Bank of India, near SBI ATM",,NSS SECURITY SERVICES PATNA,,,
,Adarsh Colony Rd,072776 59885,CCTV Security World,,,
,"3rd Floor, Geetanjali Palace, Jamal Rd",,CCTV Biometric System Sale and Service,,,
,"3rd Floor, Geetanjali Palace, Jamal Rd",,Patna Global,,,
,"Shyama Niwas, E Boring Canal Rd, near Panchmuki Hanuman Mandir",080847 92035,SMV IT solution,,,
,,090602 29933,CCTV CAMERA REPAIR SERVICE IN PATNA,,,
,"SECTOR,O-B-59",077391 30936,SHRI RAM ENTERPRISES,,,
,"MEENA MARKET ANISHABAD CHITKOHRA, Ambedkar Chowk",099312 90721,,,,CCTV Installation & Service
,"Tajnagar, more, near Nohsa",075201 31302,,,,Microcare services CP PLUS
,"Patliputra Kurji Rd, opp. LOYALA HIGH SCHOOL",093086 86345,,,,CCTV Camera Sales & Services - Omni Hosting
,Agam Kuan Flyover,082074 85643,,,,CCTV SALES & SERVICE
,"Devpunya Palace, near Devi Sthan",,,,,CCTV Camera Security service
,,,,,"[{'name': 'Muskan Top Tech Security pvt Ltd', 'address': 'H. N-29', 'phone': '085419 98735'}, {'name': 'Cobra Sentinel P Limited', 'address': 'Mokama Nivas, Kankarbagh Main Rd', 'phone': '093343 12810'}, {'name': 'Wetech plush security solution', 'address': 'haidery colony, Moghalpura naudhal imambara, patna', 'phone': 'No phone number listed'}, {'name': 'Delivery Repair Club', 'address': '301, Yashvardhan Apartment, Boring Rd', 'phone': '062877 77744'}, {'name': 'HikPlus Technology Pvt. Ltd.', 'address': 'S. S. Market, Jamal Rd, near Bank of India', 'phone': 'No phone number listed'}]",
,Ramna Rd,Not Provided,Alfa infotech (cctv camera wholesaler),,,
,DOCTOR'S COLONY,Not Provided,SHRI RAM CCTV TRAINING INSTITUTE,,,
,"PRDA Apartment, Near, S.K. Puri, Boring Rd",091423 50754,HDi,,,
,"402, CHANDI SANYUKTA APPARTMENT",Not Provided,TECHNOCRAT STUDIO,,,
,"3rd floor, Sushma Sadan, 70 feet bypass Road no 1",Not Provided,CCTV CAMERA,,,
,"Prakesh Market, Rajapul, Boring Canal Rd",Not Provided,Adiva Tech Services- CCTV| Smps| Biometric | Epabx manufacture| Dealer in Patna,,,
,,,,,"[{'name': 'ADIVA TECH SERVICES PVT LTD', 'address': 'Exhibition Rd', 'phone': None}, {'name': 'F Y J Manpower Pvt Ltd', 'address': 'PETROL pump Baldwin school, NH 30 BEGAMPUR APPOSITE, SN MISHRA, road', 'phone': None}, {'name': 'PatnaCCTV', 'address': 'Parvathi Path', 'phone': '098018 32817'}, {'name': 'RLS INFOSYSTEM PRIVATE LIMITED', 'address': 'Kapila Bhawan, 3rd Floor, Telegraph Colony, Near, Income Tax Chauraha', 'phone': '0612 252 8899'}, {'name': 'TECONICA DIGITAL', 'address': 'No, L1/30, Kapil kutit, L-1/47, Boring Rd', 'phone': '093349 78095'}]",
,,,,,"[{'name': 'FFS Security', 'address': 'D.S. Bhawan 3rd Floor, West of Choudhary Petrol Pump, Near Chiraiya Tand, Over Bridge', 'phone': '0612 236 2260'}, {'name': 'Shaurya Infotech', 'address': 'Natuni Mistri Building, Karbigahiya Rd, near Badi Masjid', 'phone': None}, {'name': 'CCTV installation camera', 'address': 'H3F9+7Q3', 'phone': None}, {'name': 'New Electro India', 'address': '2, Adharshila Complex, S Gandhi Maidan Rd, near RBI', 'phone': '098350 40651'}, {'name': 'SAVINETX TECHNOLOGIES PVT', 'address': None, 'phone': None}]",
