Name,Address,Phone
MK CCTV SECURITY SYSTEM,"1453, B/13, Kalkaji",099995 04238
SJ Security Systems Pvt Ltd,"2705/24, Second Floor, Bank St",099100 57500
Shree Ram International,"G-64A, LGF",097118 22301
Balaji Security Solutions,Infornt,
CP PLUS,"Infornt Of Uttsav Inn, SSN Marg",081303 70277
CCTV Camera Repair & installation Service - DIGITAL MULTI SOLUTIONS,"F2, 873, A",095993 27317
Balaji Security Solutions - Best CCTV Camera Shop,"Shop No 1, E-167",097738 35998
Camsense India Private Limited,"4/50, 3rd Floor, Street Number 2, above Campus Showroom, opposite Metro Station Gate",098111 97947
CCTV Delhi Wala (Dhun Solutions),"7832, Ram Nagar, Qutab Rd, near kotak Bank ATM",095408 60007
MK CCTV SECURITY SYSTEM,"opposite opp-A236, A114/3, opp. A236",099995 04238
Computers & Security Brothers,J 4/14,078381 51216
"JMD Surveillance Systems - Best CCTV Camera in Delhi, NCR","12/1, near dcp office",No phone number listed
3D Security Systems,Mehrauli - Badarpur Rd,088106 64802
J S Digital Surveillance,"plot no- 76, khasra no 759, rajeev nagar",
Netra Infotech,"96, 1st Floor, Siddharth Building, 103 H",098712 99498
All Fortech Cctv Wholesale,"G-10, Ground Floor, Siddharth Building, 96, Nehru Pl Market Rd",011 4161 8374
Jasmine Smart Homes CCTV,"2nd Floor, F, 140/15",070049 96883
SHILI CCTV SYSTEMS & TECHNOLOGIES,"103-B, Madhuban Building -55",095404 95050
Affordable Security System,"FIEE Complex, A 19 GF, near C Lal Chowk",088265 33722
TechSecuro,"shop no. 4, B 88, Abul Fazal Enclave Rd",099990 50911
PIONEER SYSTEMS,Shakuntala,
PIONEER SYSTEMS,"Shakuntala Apartments, Nehru Pl Market Rd",093101 59634
Spyder Technology,"Mc 274/4, Abul Fazal Enclave Part 2, New, 271, German Ln",095603 67007
Aadvik Security & Surveillance Solutions,"block -A, A-436",097111 73890
Smart Safety India,"A-96/37, near Saket Metro Station, behind Bikaner Sweets",092050 09768
New A.K.TELECOM & CCTV CAMERA,"O, 67, Nafees Rd",074282 98613
S V Smart Solution,"F/F, RZ-456/13",097173 55143
Karma Security Solutions Pvt. Ltd.,"L-71, Malviya Nagar Rd",011 4103 2151
Empire 24 Security Services,"29/5, near prachin Shiv mandir",079822 12117
4GS Security Services Pvt.Ltd.,"idea Service Center, 55-B, 2nd Floor",011 4016 7848
Victas Security Services,"ANSAL CHAMBER-3, UG - 46",011 4058 0506
SARAL COMMUNICATION,"336, South",No phone number listed
Safeguard and Security Services Private Limited,"H, no 15, near shiv mandir",093540 53006
SHARAD SECURITY SERVICES PRIVATE LIMITED,J-3/213 Second Floor,088004 08221
SECURITY BAZAAR,A BLOCK 3RD FLOOR,011 4927 0303
Red Scorpion Security Solutions,84,087110 21102
Gold HHMD Suppliers,"46, Khirki Ext Rd",097111 45447
CP PLUS HIKVISION CCTV dealer,"129, Chirag",
CP PLUS HIKVISION CCTV dealer,"129, Chirag Enclave Main Rd",085869 06023
Fireball Securitas & Consultants,"1899, Uday Chand Marg",085869 77224
Ankit Security & Vision,"306, 3rd Floor, No.84, Kaison House, Nehru Place",011 4161 8848
SDS Security Group Registered Office,"AB / 14 B, Market",011 4143 7770
Raj Security Services,"Metro Station, 2/2, Main Rd, near Chhattarpur",99108
Topshield Security Services Pvt. Ltd.,"F- 213 E/2, Ground Floor",098111 39361
Absolute Security And Allied Services Pvt. Ltd.,28 DDA Office Complex,089297 56008
Dhruv CCTV Camera Dealers GK Delhi CCTV Camera Dealers,"64, Nandi Vithi Rd, Block B, Zamrudpur",089291 11686
Seven Group Security Services,"T-163, E 3, near Sai Baba Mandir",099110 72489
AVP Security Solutions Pvt Ltd,N-26,011 4155 6737
Websec System India,"Kailash Plaza, 252 - H",098180 09053
K.D. SECURITY AND HOUSEKEEPING SERVICES,"613 GF Flat No, P-2, Deoli Rd, near Holi Chowk",075330 23495
CCTV Camera Installation Services,"RZ-O-45 Chanakya Place, nr. Dalveer Cycle Center, near Dwarka Sec-2",No phone number listed
Numax Technology Pvt. Ltd,Not fully listed in text,No phone number listed
Numax Technology Pvt. Ltd,"405, Sai Sadan, 187-188",084481 06278
Jupiter Administrative & Security Services,B-112,099535 91638
Mfive Security Guard & Allied Services - Mfive Security Pvt. Ltd.,"Green View Apartment, 126, Mandi Rd",011 2680 9999
DSS Securitech Pvt. Ltd.,"Behind Hauzkhas Bus Terminal, T 7 Anupam plaza, Kalu Sarai Road Near Brilliant Tutorials, Kalu Sarai",098111 17970
Black kat Surveillance,"Twin Tower A G.F #107/19, Zakir Nagar, India, near New Friends Colony",099904 45041
JMD Surveillance Systems,"12/1, near dcp office",Not provided
Suraksha Security Systems | Multibillionaire Life Private Limited,"4211 - 4212, Third Floor, Rampura Marg, Lawrence Rd, opposite of Mother Dairy",088001 91932
Sonal Enterprises Pvt. Ltd.,"K-60B, 2nd Floor, Veer Savarkar Marg",098110 85199
Orion Secure,G7M9+GR2,011 2649 5662
Royale 7 Security Group,"L-2/86, Fist floor, Outer Ring Rd, opposite Kangra Niketan",011 4134 5016
MASU INFOTECH PRIVATE LIMITED,"49, near Gurudwara Road",
MASU INFOTECH PRIVATE LIMITED,"49, near Gurudwara Road",098211 60954
Praco Systems,103 Kushal Bazar first floor,095602 94849
Mainguard India,"430/2 Forest Lane, Cross Road # 10, Neb Sarai Extn., Sainik Farms",011 2953 5129
Top Indian Detective Agency,House No-11,096504 90455
AK Security Services PVT. LTD.,"I, 15/1382, Near, Ratiya Marg",099589 69309
SurveillanceKart,"1014, 1015 West End Mall",085888 83873
Urbaforce Solutions Private Limited,"E-3/10, Ground floor",070113 06556
CAMBAYE,"H/N WZ-30A, Village",099903 36653
Secure India co,"1977A/155, A",099909 30464
AGH ISOLUTECH PRIVATE LIMITED,"27-C, FIRST FLOOR, ZAMRUDPUR",011 2923 1757
"IP Camera, Hikvision, CP Plus","RC Plaza, f-15",099904 94041
S R Security System,Laxmi Nagar,Not provided
S R Security System,"4, Aggarwal Chamber, B-1, 27",081303 19077
Bmp Softech Pvt. Ltd.,A-229 First Floor,011 4290 1115
SGPS SECURITAS PVT LTD,"1479, 1st Floor, R.No.-28, Net Ram Complex, Opp � Laxmi Chemist, Gurudwara Road, Kotla Mubarakpur, Wazir Nagar",099990 15480
Ideal Security Solution,"202, 2nd Floor, Vardhman Seven Eleven Plaza, near AU Finance Bank",084670 96239
LOGITECH INC,"F-264,FFC",011 2632 7268
Westech Group,"O-46, II Floor, Lajpat Nagar II",098101 52239
Protek System India Pvt. Ltd.,"B-152, Block T Okhla Industrial Estate Phase 2 Rd",011 4652 7100
A2Z Securities,"AB, Basement, 90/12, near Krishna Mandir",093549 84049
S M Service Solutions,"First Floor, B-II/63, Mohan Cooperative Industrial Estate Badarpur Flyover, Toll, Metro Parking, near Badarpur",098110 35407
Spyon Security Systems,"Shop No. 645 and 636, Central",097110 60636
Altima Security Technologies,"Plot 25, Pocket - 2, Jasola, Behind HDFC Bank, Andhra Bank",011 4106 0960
J S Digital Surveillance,"plot no- 76, khasra no 759, rajeev nagar",no phone number extracted
Phoenix Surveillance Systems Pvt. Ltd,not fully provided in the text,no phone number extracted
Phoenix Surveillance Systems Pvt. Ltd,"J-6, Outer Ring Rd",099990 75315
Howell Protection Systems [India] Pvt. Ltd.,"A 40, Block T Okhla Industrial Estate Phase 2 Rd",011 4162 2550
Shri Ram Enterprises,"B, 5/322, Som Bazar Rd",097172 77700
Security & Management Solutions,"Rz-3036, Street Number 34",not provided
Security & Management Solutions,"Rz-3036, Street Number 34",098118 86674
Golden Solutions,"5/1, Rohtak Rd",098913 73456
"MSSolution-CCTV Camera Sale, Service & Installation",E15/159,090159 66350
Sai Shraddha Technologies Pvt Ltd,B 257 2nd Floor,093117 77620
Dev Vig Security Services Pvt. Ltd.,"18B, Main Chhatarpur Rd",085271 22555
Comtel Communications,"33 B, 1st Floor Saidulla Jab, Mehrauli - Badarpur Rd, near Saket",011 4601 3100
AJEET SECURITY & AUTOMATION PVT LTD,"WZ 631/A, SRINAGAR,RANIBAGH, Guru Harkishan Marg",011 6528 1111
