PRIYADARSHIKA STUDIO,"Shri Ram Market, 68",088965 85467,,,,,,
PickYouPic Film & Photography,"32K/26K Shiv Shadhana Complex, ELGIN ROAD",063942 37652,,,,,,
Photo Visual Digital Studio,"744/888, Colonelganj Rd",070545 44111,,,,,,
Imagic Production,"Sadiyapur Rd, near The four seasons party lawnzz",094529 34357,,,,,,
Memories in frame,1051,088085 53075,,,,,,
CGG Club Wedding Studio Pvt. Ltd.,"Anant Balaji Complex, near Girls High School & Hotel Harsh Ananda",084006 16716,,,,,,
B.R. Tandon & Company (Tandon Studio),"25, 53, Mahatma Gandhi Marg",073095 55888,,,,,,
WT Films,"251A/3, Stanley Rd",089177 44999,,,,,,
Filmography Production & Weddings,"346/20 Dadri, New Market, Kazipur Rd",087075 05905,,,,,,
Roopma studio & photography,"148, Triveni Rd",085744 68373,,,,,,
Photo Vision,"30A, Mahatma Gandhi Marg, near Bank Of Baroda",093894 79111,,,,,,
Studio Foto Point,"32/b, Stanley Rd",099191 91255,,,,,,
PKR Studio & Photographer,"Sameer Plaza, Shop no 2, 3/11A Muir Road Manmohan Park, in front of Bansmandi",096160 00039,,,,,,
Triveni Photo Video Audio Professional & Rental Studio,"39 A, Saraswati Sector, Leelapur, Road, near Mangalam Hospital",097950 17204,,,,,,
Still Sands Photography,"46, Lal Bahadur Shastri Marg",097927 85771,,,,,,
Shutter Shot Studio,"Office, above Union Bank ATM, near NCR Road",087955 32055,,,,,,
B R Tandon Photo Service,"207/53, Mahatma Gandhi Marg",Unavailable,,,,,,
Ambition Film & Photography,Unavailable,075240 55297,,,,,,
WedMedia,"306, behind Rocky Raj Inter College",Unavailable,,,,,,
Khushi Creation the wedding zone & Wedding Planner Events,"near Kendranchal colony, opposite P. A",Unavailable,,,,,,
Suraj Gupta Photography,"in front, Cotton Mill Rd, off deepak gest hause",081740 62274,,,,,,
Arrt Photos,Dolly caterers,079059 46649,,,,,,
HP Wedding Event Allahabad,"223/137/8c SHANKAR GHAT ROAD NEAR MASORIYADEEN INTER COLLEGE PITAMBERNAGAR, NH 96",093079 24779,,,,,,
Malviya Studio,"25/51, Mahatma Gandhi Marg, opposite hotel samrat",082993 38931,,,,,,
Shaan Cinematography & Co.,B-293,073982 11837,,,,,,
Shadow Of Photographer,Unknown,Unknown,,,,,,
Sunny Creationzz Film,"373A/9B/2 Near Sherwani Legecy, Nyay Nagar",088742 01888,,,,,,
MANGALAM PHOTOGRAPHY SERVICES,Infront of Kushwaha Sweet House,074998 05813,,,,,,
Arora Films,"Anand Bazar, 44, Shiv Charan Lal Road, near Mansrowar Cinema",093351 58512,,,,,,
Capturing Wow Photography,Unknown,Unknown,,,,,,
Capturing Wow Photography,Ramleelapark,093898 59523,,,,,,
SRI BALA JI SMILE PHOTOGRAPHY,"III T GATE NO 1, KENDRIYA VIDYALAYA SHAHAPUR, ROD, IIIT Rd",063905 99663,,,,,,
Suri Photo's,"Colonelganj Rd, opposite Swaraj Bhawan",094152 18012,,,,,,
Imagi studios pvt ltd,434,063945 99307,,,,,,
Vansh Photography,"123/100, Colonelganj Rd",073900 24635,,,,,,
Kapcher Memories,"Narayan Singh Nagar, Near Chameli Bai Dharmshala, 571 A / 1 /493",091989 45902,,,,,,
Everhues Cinestudio,Allahabad Rd,099196 97211,,,,,,
Som Photography,Not provided,Not provided,,,,,,
Studio Foto Point,"52 F, Jawaharlal Nehru Rd",Not provided,,,,,,
Studio Foto point,"Colonelganj Rd, near SBI ATM",Not provided,,,,,,
Studio Foto point,"Colonelganj Rd, near SBI ATM",093897 13126,,,,,,
SHEmile studio,"Pura Baldi, 84/109",,,,,,,
Filmata Production,"Ravi Raj Complex, D Rd",088811 55500,,,,,,
Click capture studio,Daraganj Rd,063918 08089,,,,,,
Wedding Photography,behind S.t vishna School,,,,,,,
Photo India the Digital Studio,"MAA LALITA MARKET, 89/276 G-3 MUIR ROAD, TV TOWER CHAURAHA",094156 07298,,,,,,
"[{'name': 'Little White Studio - by Pooja Bansal', 'address': 'Jeevan Jyoti Hospital Premises, 162', 'phone': '097277 98486'}, {'name': 'AKASH VIDEO GALLERY The Digital Studio', 'address': 'Not specified', 'phone': '063908 50097'}, {'name': 'ZKF ZAID KHAN FILMS', 'address': '1D/6', 'phone': '083818 33133'}, {'name': 'Relive the moment', 'address': '193A, University Road, opp. Anand bhavan', 'phone': '070717 34979'}, {'name': 'Click N Click Film & Photography', 'address': 'Not specified', 'phone': 'Not specified'}]",,,,,,,,
"[{'name': 'Click N Click Film & Photography', 'address': 'Dharmshala Chauraha, Sangam Rd', 'phone': '073093 71929'}, {'name': 'Yaadein The Memories Studio', 'address': '3rd floor, Vinayak Triveni Tower, Purushottam Das Tandon Marg', 'phone': '083189 78390'}, {'name': 'Figment Still and Motion Pictures', 'address': '176, Wrap by Suruchi Strokes, 1', 'phone': '095326 18161'}, {'name': ""Naval's Production"", 'address': '250,B', 'phone': 'None provided'}, {'name': 'Allahabad Dreams', 'address': '41/63A', 'phone': '097952 50201'}, {'name': 'The Story Maker', 'address': 'GV24+4FW, Rasulabad Ghat Road', 'phone': 'None provided'}]",,,,,,,,
Chhabra Studio,"18, Grand Trunk Rd",094152 89289,,,,,,
New Khanna Studio,"1180, Near by Kalyani Devi Mandir",098390 77616,,,,,,
Alfa Creator - Film Production House,285/33 mahewa purab patti,082990 92605,,,,,,
Vipin Sharma Photography,"609, Colonelganj Rd",,,,,,,
Vipin Sharma Photography,"609, Colonelganj Rd",093357 36731,,,,,,
Goel Studio,31/18 C,073762 48180,,,,,,
Pankaj Photo Studio,"Barethiya, Rewa Rd",087569 59280,,,,,,
Photo Vision Studio,"120, 146, Colonelganj Rd",073883 97071,,,,,,
Sagar Studio film,"ward no 2, Dharmshala new",084179 02851,,,,,,
Manoj Studio Film & Photography,Begum Bazar Bamrauli prayagraj,Not Available,,,,,,
Wedding Xpose - Wedding Photography & Film,848/166B/10A,099363 63664,,,,,,
OM STUDIOS,"Shree Ram Market, Bahadurghanj, Sulaki Chauraha",090269 69281,,,,,,
Nayan Digital Studio,"Tulsiani Plaza, opposite Coffee House",099841 27708,,,,,,
wecreateproduction,,,,,,,,
Memorable moments,Ews114,,,,,,,
MS Films Photo Studio,416,094537 21009,,,,,,
"JSD STUDIO FILM AND PRODUCTION, WEDDING SHOOT",15/A,,,,,,,
"[{'name': 'JSD STUDIO FILM AND PRODUCTION, WEDDING SHOOT', 'address': '15/A', 'phone': None}, {'name': 'Dharmendra Studio', 'address': 'Shop No. 163, Palace Cinema Building, 37, Mahatma Gandhi Marg', 'phone': '091987 21068'}, {'name': 'Indian Maati Studio', 'address': '125, Katghar Rd', 'phone': '063860 52232'}, {'name': 'Sahil Photography', 'address': 'B-604/11', 'phone': None}, {'name': 'LCL Films & Photography', 'address': '9, Dhobi Ghat Chauraha, 19S, Purushottam Das Tandon Marg, near Hari masjid', 'phone': '090267 44165'}]",,,,,,,,
MIFT,205/1k/v1,098893 53431,,,,,,
"[{'name': 'Gupta Photo Centre', 'address': '397A, Mewa Lal Ki Bagia, Mirzapur Rd, near Central Bank', 'phone': '093351 11826'}, {'name': 'Rishabh Kesarwani Photography', 'address': '862, 578', 'phone': '099351 81370'}, {'name': 'Santosh Digital Studio', 'address': 'Katghar Rd, in front of Samya Maya Mandie', 'phone': '093072 09615'}, {'name': 'Fotofare Studio & Digital Color Labs', 'address': 'shop no.208, 1', 'phone': '078391 72404'}, {'name': 'Anjani Photo Studio', 'address': 'Unavailable', 'phone': 'Unavailable'}, {'name': 'TONY DIGITAL STUDIO', 'address': 'Unavailable', 'phone': 'Unavailable'}]",,,,,,,,
,,,"{'address': '68, A/1, Stanley Rd', 'phone': '096968 10005'}","{'address': 'Sadar bazar ambedkar churaha shop no 4', 'phone': '094506 19076'}","{'address': '131/593', 'phone': '080812 49292'}","{'address': 'Ghanshyam Market 83', 'phone': '094152 53792'}","{'address': 'Cotton Mill Rd', 'phone': '093367 05814'}",
"[{'name': 'Devam Studio', 'address': '284, Mahatma Gandhi Marg', 'phone': '093053 72907'}, {'name': 'VINAYAK WORKS', 'address': 'taxi stand Yadav Hotel, Near, 7 P.D.A Comercial Complex, Kutchery Rd', 'phone': '078808 64593'}, {'name': ""The Wedding's King"", 'address': '49, Sadiyapur Rd, near Gurudwara', 'phone': '093693 38955'}, {'name': 'Pooja Studio and Media World', 'address': 'Katka', 'phone': '079057 64062'}, {'name': 'Rishi Studio', 'address': 'not provided', 'phone': 'not provided'}, {'name': 'The Magenta Weddings', 'address': 'Devrakh Rd', 'phone': 'not provided'}, {'name': 'Shivanki Jaiswal photography', 'address': '41/A vidyanagar colony', 'phone': 'not provided'}, {'name': 'Happy Wedding', 'address': 'not provided', 'phone': 'not provided'}]",,,,,,,,
Happy Wedding,41/A vidyanagar colony,063900 44710,,,,,,
Nivah Wedding Planner,"Wasiabad Rd, near prasansa general store",,,,,,,
Beaux Arts India,,,,,,,,
The Wedding Friends Photography,"108, Shukla Market",,,,,,,
Kohli Photographer,99,094505 92605,,,,,,
Nidhi Digital Studio,Station Rd,096963 80867,,,,,,
SPEED_LIGHT_STUDIO,sargam,,,,,,,
RJ Maha Nirvani Vatika & Resorts,"Near Baghambri Math, opposite of Sangam Apartments",078975 73962,,,,,,
S.K_Photography_Prayagraj,Karma Rd,091251 02972,,,,,,
IRSHAD VIDEO (A Complete Digital Lab),"174/141A, Shilakhana Rd",093367 82218,,,,,,
B.R. Tandon & Company (Tandon Studio),"25, 53, Mahatma Gandhi Marg",Unavailable,,,,,,
NEW FLASH LITE PHOTOGRAPHY,"20, Mahatma Gandhi Marg, opp. Palace Cinema",080092 22888,,,,,,
fs photographer,401,073554 19226,,,,,,
FILM STUDIO ALISHA,Saqib,Details not provided in the text,,,,,,
FILM STUDIO ALISHA (Lady Photographer),"Saqib Plaza, B-2, Guru Teg Bahadur Marg",063072 80835,,,,,,
Roopma studio & photography,"148, Triveni Rd",,,,,,,
"[{'name': 'Roopma studio & photography', 'address': '148, Triveni Rd', 'phone': '085744 68373'}, {'name': 'Ambition Film & Photography', 'address': '', 'phone': '075240 55297'}, {'name': 'Filmography Production & Weddings', 'address': '346/20 Dadri, New Market, Kazipur Rd', 'phone': '087075 05905'}, {'name': 'WT Films', 'address': '251A/3, Stanley Rd', 'phone': '089177 44999'}, {'name': 'Som Photography', 'address': '', 'phone': ''}, {'name': 'Arrt Photos', 'address': 'Dolly caterers', 'phone': '079059 46649'}]",,,,,,,,
"[{'name': 'Triveni Photo Video Audio Professional & Rental Studio', 'address': '39 A, Saraswati Sector, Leelapur, Road, near Mangalam Hospital', 'phone': '097950 17204'}, {'name': 'WT Films', 'address': '251A/3, Stanley Rd', 'phone': '089177 44999'}, {'name': 'Studio Foto Point', 'address': '32/b, Stanley Rd', 'phone': '099191 91255'}, {'name': 'WedMedia', 'address': '306, behind Rocky Raj Inter College', 'phone': 'No phone number provided'}, {'name': 'Imagi studios pvt ltd', 'address': '434', 'phone': '063945 99307'}]",,,,,,,,
Khushi Creation the wedding zone & Wedding Planner Events,"near Kendranchal colony, opposite P. A",070076 16951,,,,,,
NEW ADITYA DIGITAL PHOTO STUDIO,"J9FG+64W, WAZIDPUR, NEAR WATER TANK, SHIV MANDIR WALI GALI, Sector 63 Rd",099369 35968,,,,,,
B R Tandon Photo Service,"207/53, Mahatma Gandhi Marg",Not Available,,,,,,
Suraj Gupta Photography,"in front, Cotton Mill Rd, off deepak gest hause",Not Available,,,,,,
iconicphotographyprayagraj,"near venimadhav mandir, near daraganj",073885 88883,,,,,,
Arora Films - Best Candid Photographer/Best Wedding Photographer/Wedding Videography Service/Best Cinematography in Allahabad,"Anand Bazar, 44, Shiv Charan Lal Road, near Mansrowar Cinema",093351 58512,,,,,,
SRI BALA JI SMILE PHOTOGRAPHY,,,,,,,,
SRI BALA JI SMILE PHOTOGRAPHY,"III T GATE NO 1 . KENDRIYA VIDYALAYA SHAHAPUR, ROD, IIIT Rd",063905 99663,,,,,,
ASR Photography,,093057 99090,,,,,,
AKASH VIDEO GALLERY The Digital Studio,,063908 50097,,,,,,
Best Wedding Service,,063937 61434,,,,,,
Creative Photography,"Shop No. 5, ADA MARKET, near Shri Ram Sweet House",,,,,,,
Shaan Cinematography & Co.,,,,,,,,
,,,"[{'name': 'Shaan Cinematography & Co.', 'address': 'B-293', 'phone': '073982 11837'}, {'name': 'Chhabra Studio', 'address': '18, Grand Trunk Rd', 'phone': '094152 89289'}, {'name': 'Shadow Of Photographer', 'address': 'Not Provided', 'phone': 'Not Provided'}, {'name': 'Figment Still and Motion Pictures', 'address': '176, Wrap by Suruchi Strokes, 1', 'phone': '095326 18161'}, {'name': 'Capturing Wow Photography', 'address': 'Ramleelapark', 'phone': '093898 59523'}, {'name': 'Photo Vision Studio', 'address': '120, 146, Colonelganj Rd', 'phone': '073883'}]",,,,,
Relive the moment,"193A, University Road, opp. Anand bhavan",070717 34979,,,,,,
Gayatri Studio,"New Viman Nagar, opposite Bharti Vidya Mandir Inter College Patel nagar, 208007",099196 94369,,,,,,
LCL Films & Photography,"9, Dhobi Ghat Chauraha, 19S, Purushottam Das Tandon Marg, near Hari masjid",No phone number listed,,,,,,
Phuturm Studio,Mahewa Car Care Centre,Open 24 hours,,,,,,
Kapcher Memories - Best Wedding Photographer in Allahabad/ Wedding Shoot in Allahabad/ Wedding Photographer,Narayan,No phone number listed,,,,,,
Click N Click Film & Photography,"Dharmshala Chauraha, Sangam Rd",073093 71929,,,,,,
Studio Memory Lane- Best Wedding Photographer in Jalandhar,"Bhamian Rd, near TEJ",097790 95000,,,,,,
Sahil Photography,B-604/11,,,,,,,
Photo Lit,"191, Sunder Bazar, Kutchery Rd",094153 67664,,,,,,
Allahabad Dreams,41/63A,097952 50201,,,,,,
Global Digital Studio,"107/84, Colonelganj Rd",098071 00639,,,,,,
Kapoor Films And Photography,"34/69-B, Chak Mundera, Grand Trunk Rd",073983 39831,,,,,,
Raj Colour Lab and Studio,opp sai mandir kund road old bus stand behror,098296 12380,,,,,,
Sundram Studio,131/593,080812 49292,,,,,,
Vanshika HD Photo Studio,"House No. 172, Mohalla- Balak Ram, Near Bhagwati Jr. High School, Gantaghar Wali Gali",095366 51422,,,,,,
Chhavi Mandir Digital Studio,"407, Muir Rd, near Post Office, rajapur, PRAYAGRAJ",099191 33272,,,,,,
KF film&photography,,063873 46495,,,,,,
ZKF ZAID KHAN FILMS,1D/6,083818 33133,,,,,,
Chitram Digital Studio,Rain Basera,094151 74424,,,,,,
MS Films Photo Studio,,094537 21009,,,,,,
Kachnar Digital Studio,Railway Station Rd,,,,,,,
Electro Studio,,097957 78714,,,,,,
Sagar Studio,"397A, Mewa Lal Ki Bagia, Mirzapur Rd, near Central Bank",093351 11826,,,,,,
Laxmi Photo Studio- Candid Wedding photographers in sirathu best wedding photographers,Tewan Rd,087951 29653,,,,,,
Photo Vision,"17, Manmohan Park Rd",073883 97071,,,,,,
Nitin Photographers,463B,093368 26789,,,,,,
Jazz Studio,"34/7, Noorullah Rd",087077 10915,,,,,,
Chauhan photo Studio,"near Old pnb bank, Near, khowa mandi Prayagraj road",081740 16898,,,,,,
Madhur Mehrotra & Co,"Tulsiani Plaza, 118A/16 LGF, Mahatma Gandhi Marg",098392 54911,,,,,,
AMAFHHA PRODUCTION,"Near, Dargah Hazrat Abbas Road",,,,,,,
Mahayogi Digital Photo Studio & Video Mixing Lab,"Near:- central bank, Ramnagar, Lane Number 7",094115 58238,,,,,,
Photo Point Digital Studio,"House No-74A/27, Saryu Colony, Near Shivkuti Road",,,,,,,
Dharmendra Studio,"Shop No. 163, Palace Cinema Building, 37, Mahatma Gandhi Marg",091987 21068,,,,,,
THE Picture Perfect Photography,ADA Colony,,,,,,,
Devam Studio,"284, Mahatma Gandhi Marg",093053 72907,,,,,,
Khanna Photographers,"FV63+QV8, University Road",098391 68298,,,,,,
Shimla Studio,316,77058,,,,,,
Shimla Studio,316,077058 52753,,,,,,
Digital photo studio,Sadar bazar ambedkar churaha shop no 4,094506 19076,,,,,,
Ved Gupta Photography,Angarh Rd,091407 18577,,,,,,
Arora Creative Studio,Cotton Mill Rd,093367 05814,,,,,,
Yash HD Movies,,093351 73698,,,,,,
H. S. Garden,60 Feet Rd,098389 94786,,,,,,
ELEGANT GALLERY,"55-B, 1st Floor, Lowther Rd, near Kriti Scanning Centre",094152 17759,,,,,,
Vishal Photo Studio,Opp. Animal Hospital,097932 67519,,,,,,
JVM Photography,Riziwikhan Near Nager Palika,096168 93795,,,,,,
RAHUL PHOTO STUDIO,Gaur bazar Basti SBI Side,096286 44611,,,,,,
Bakshi Colour Lab,"24/26, Opp. Mansarover Cinema, Shiv Charan Lal Road",092362 46202,,,,,,
Segment 26,"Opp. Mansarover Cinema, Shiv Charan Lal Road",092362 46202,,,,,,
Photo Visual Digital Studio,"744/888, Colonelganj Rd",Not specified,,,,,,
Digital Studio,"744/888, Colonelganj Rd",070545 44111,,,,,,
S.K_Photography_Prayagraj,,,,,,,,
FILM STUDIO ALISHA,"Saqib Plaza, B-2, Guru Teg Bahadur Marg",063072 80835,,,,,,
"[{'name': 'WT Films', 'address': '251A/3, Stanley Rd', 'phone': '089177 44999'}, {'name': 'Studio Foto Point', 'address': '32/b, Stanley Rd', 'phone': '099191 91255'}, {'name': 'Som Photography', 'address': 'not specified', 'phone': 'not specified'}, {'name': 'Imagi studios pvt ltd.', 'address': '434', 'phone': '063945 99307'}, {'name': 'WedMedia', 'address': '306, behind Rocky Raj Inter College', 'phone': 'not specified'}]",,,,,,,,
Khushi Creation,"near Kendranchal colony, opposite P. A",070076 16951,,,,,,
B R Tandon Photo Service,"207/53, Mahatma Gandhi Marg",No phone number listed,,,,,,
"[{'name': 'Malviya Studio', 'address': '25/51, Mahatma Gandhi Marg, opposite hotel samrat', 'phone': '082993 38931'}, {'name': 'Everhues Cinestudio', 'address': 'Allahabad Rd', 'phone': '099196 97211'}, {'name': 'HP Wedding Event Allahabad', 'address': '223/137/8c SHANKAR GHAT ROAD NEAR MASORIYADEEN INTER COLLEGE PITAMBERNAGAR, NH 96', 'phone': '093079 24779'}, {'name': 'Roopma studio & photography', 'address': '148, Triveni Rd', 'phone': '085744 68373'}, {'name': ""Suri Photo's"", 'address': 'Colonelganj Rd, opposite Swaraj Bhawan', 'phone': None}]",,,,,,,,
ImageNclix Film & Photography,opposite HP Petrol Pump,,,,,,,
Studio Foto Point,"52 F, Jawaharlal Nehru Rd",,,,,,,
ASR Photography,72,093057 99090,,,,,,
The Digital Studio,,063908 50097,,,,,,
Shadow Of Photographer,,,,,,,,
Figment Still and Motion Pictures,"176, Wrap by Suruchi Strokes, 1",095326 18161,,,,,,
Capturing Wow Photography,,,,,,,,
Vansh Photography | Top Wedding and Candid Photographer in Prayagraj,"123/100, Colonelganj Rd",073900 24635,,,,,,
LCL Films & Photography,"9, Dhobi Ghat Chauraha, 19S, Purushottam",,,,,,,
"[{'name': 'LCL Films & Photography', 'address': '9, Dhobi Ghat Chauraha, 19S, Purushottam Das Tandon Marg, near Hari masjid', 'phone': '090267 44165'}, {'name': 'New Khanna Studio', 'address': '1180, Near by Kalyani Devi Mandir', 'phone': '098390 77616'}, {'name': 'Phuturm Studio', 'address': 'Mahewa Car Care Centre', 'phone': 'Open 24 hours'}, {'name': 'Vipin Sharma Photography', 'address': '609, Colonelganj Rd', 'phone': '093357 36731'}, {'name': 'Click N Click Film & Photography', 'address': 'Not provided', 'phone': 'Not provided'}]",,,,,,,,
,"Dharmshala Chauraha, Sangam Rd",073093 71929,Click N Click Film & Photography,,,,,
,"Narayan Singh Nagar, Near Chameli Bai Dharmshala, 571 A / 1 /493",091989 45902,Kapcher Memories,,,,,
,B-604/11,No phone number listed,Sahil Photography,,,,,
,"Mundera Bazar, Besides Vishal Tent House, Grand Trunk Rd",099357 44033,Chahat Digital Studio,,,,,
,"Tulsiani Plaza, opposite Coffee House",No phone number listed,Nayan Digital Studio,,,,,
,"Tulsiani Plaza, opposite Coffee House",099841 27708,,Nayan Digital Studio,,,,
,"191, Sunder Bazar, Kutchery Rd",094153 67664,,Photo Lit,,,,
,"Pura Baldi, 84/109",No phone number provided,,SHEmile studio,,,,
,41/63A,097952 50201,,Allahabad Dreams,,,,
,"107/84, Colonelganj Rd",098071 00639,,Global Digital Studio,,,,
,31/18 C,073762 48180,,Goel Studio,,,,
"[{'name': 'Goel Studio', 'address': '31/18 C', 'phone': '073762 48180'}, {'name': 'Kapoor Films And Photography', 'address': '34/69-B, Chak Mundera, Grand Trunk Rd', 'phone': '073983 39831'}, {'name': 'Sundram Studio', 'address': '131/593', 'phone': '080812 49292'}, {'name': 'Chhavi Mandir Digital Studio', 'address': '407, Muir Rd, near Post Office', 'phone': '099191 33272'}, {'name': 'KF film&photography', 'address': 'Not provided', 'phone': '063873 46495'}, {'name': 'ZKF ZAID KHAN FILMS', 'address': '1D/6', 'phone': '083818 33133'}]",,,,,,,,
Electro Studio,61,Unknown,,,,,,
Electro Studio,61,097957 78714,,,,,,
"[{'name': 'AMAFHHA PRODUCTION', 'address': 'Near, Dargah Hazrat Abbas Road', 'phone': '098392 54911'}, {'name': 'Photo Point Digital Studio', 'address': 'House No-74A/27, Saryu Colony, Near Shivkuti Road', 'phone': '099560 55213'}, {'name': 'ankur digital photo studio', 'address': '32, Jayantipur', 'phone': '0532 243 6472'}, {'name': 'Devam Studio', 'address': '284, Mahatma Gandhi Marg', 'phone': '093053 72907'}]",,,,,,,,
"[{'name': 'RJ The Wedding Resort', 'address': 'RJ The Resort, COD Rd', 'phone': '098389 94786'}, {'name': 'ELEGANT GALLERY', 'address': '55-B, 1st Floor, Lowther Rd, near Kriti Scanning Centre', 'phone': '094152 17759'}, {'name': 'Leisure Greens, Banquet Hall (Weddingz.in Partner)', 'address': 'Kamla Nehru Rd, near Le-Leisure Hotel', 'phone': '080 4809 8506'}, {'name': 'Santosh Digital Studio- Cinematic | Wedding Videography in Allahabad|Best Wedding Photographer in Allahabad', 'address': 'Katghar Rd, in front of Samya Maya Mandie', 'phone': '093072 09615'}, {'name': ""AMBI'S CREW"", 'address': 'Chak hariharvan', 'phone': ''}]",,,,,,,,
AMBI'S CREW,"Chak hariharvan, Chhatnag Rd",080525 43669,,,,,,
Kohli Studio,"Plot No-900, 10, Lowther Rd, near Ramakrishna mission",093351 50200,,,,,,
Jai Maa Vaishno Digital Studio,"DK Plaza, Near Ponghat Pul, Chak Mundera, Mundera Chungi 37/2, Ground Floor",093051 41241,,,,,,
The Wedding's King,"49, Sadiyapur Rd, near Gurudwara",093693 38955,,,,,,
"[{'name': 'Wrap by Suruchi Strokes', 'address': '176/1', 'phone': '093366 31920'}, {'name': 'Balajee Memories World', 'address': '343, Colonelganj Rd', 'phone': '084006 98913'}, {'name': 'Star Photo Films Studio', 'address': '93, Near Power House', 'phone': '098894 45663'}, {'name': 'Maa Sharda Digital Photo Studio', 'address': '53/31, Railway Crossing Chhota Baghara', 'phone': '094156 37009'}, {'name': 'MRGD Animation', 'address': 'Anand Hospital, 8/60A, Muir Rd', 'phone': None}]",,,,,,,,
MRGD Animation,"Anand Hospital, 8/60A, Muir Rd, near Pangoria Bhawan",087267 84896,,,,,,
Aanya Photo Studio & Copiers,90/1 New SohbatiyaBagh Allapur Allahabad,098899 75086,,,,,,
Ashok Digital Studio,CRJP+WCV Shakti chaura,087994 86208,,,,,,
CHITRANSH EVENT ORGANISER PVT LIMITED,"Utkarsh Apartment, 239/1",093051 04670,,,,,,
S J Events - Best Event Planner in Allahabad,"722, Gaughat Rd, near ECC college",,,,,,,
Krishna Studio,"Favwara Chauraha, 434, Mumfordganj Rd",093366 18443,,,,,,
Photo Visual Digital Studio,"744/888, Colonelganj Rd",,,,,,,
Ambition Film & Photography,,075240 55297,,,,,,
fs photographer,,073554 19226,,,,,,
Som Photography,,,,,,,,
Imagi studios pvt ltd.,434,063945 99307,,,,,,
WedMedia,"306, behind Rocky Raj Inter College",,,,,,,
"[{'name': 'Khushi Creation the wedding zone & Wedding Planner Events', 'address': 'near Kendranchal colony, opposite P. A', 'phone': '070076 16951'}, {'name': 'Filmography Production & Weddings', 'address': '346/20 Dadri, New Market, Kazipur Rd', 'phone': '087075 05905'}, {'name': 'Still Sands Photography', 'address': '46, Lal Bahadur Shastri Marg', 'phone': '097927 85771'}, {'name': 'Shutter Shot Studio', 'address': 'Office, above Union Bank ATM, near NCR Road', 'phone': '087955 32055'}, {'name': 'B R Tandon Photo Service', 'address': '207/53, Mahatma Gandhi Marg', 'phone': 'Data not provided'}]",,,,,,,,
"[{'name': 'B R Tandon Photo Service', 'address': '207/53, Mahatma Gandhi Marg', 'phone': None}, {'name': 'Sunny Creationzz Film', 'address': '373A/9B/2 Near Sherwani Legecy, Nyay Nagar', 'phone': '088742 01888'}, {'name': 'Suraj Gupta Photography', 'address': 'in front, Cotton Mill Rd, off deepak gest hause', 'phone': '081740 62274'}, {'name': 'Photo India the Digital Studio', 'address': 'MAA LALITA MARKET, 89/276 G-3 MUIR ROAD, TV TOWER CHAURAHA', 'phone': '094156 07298'}, {'name': 'iconicphotographyprayagraj', 'address': 'near venimadhav mandir, near daraganj', 'phone': '073885 88883'}]",,,,,,,,
Suri Photo's,"Colonelganj Rd, opposite Swaraj Bhawan",not specified,,,,,,
ImageNclix Film & Photography,opposite HP Petrol Pump,Not provided,,,,,,
Studio Foto Point,"52 F, Jawaharlal Nehru Rd",None provided,,,,,,
Best Wedding Service,None provided,063937 61434,,,,,,
AKASH VIDEO GALLERY The Digital Studio,None provided,063908 50097,,,,,,
"[{'name': 'The Digital Studio', 'address': None, 'phone': '063908 50097'}, {'name': 'Creative Photography', 'address': 'Shop No. 5, ADA MARKET, near Shri Ram Sweet House', 'phone': None}, {'name': 'Shaan Cinematography & Co.', 'address': 'B-293', 'phone': '073982 11837'}, {'name': 'Chhabra Studio', 'address': '18, Grand Trunk Rd', 'phone': '094152 89289'}, {'name': 'Shadow Of Photographer', 'address': None, 'phone': None}, {'name': 'Figment Still and Motion Pictures', 'address': '176, Wrap by Suruchi Strokes, 1', 'phone': '095326 18161'}, {'name': 'Capturing Wow Photography', 'address': None, 'phone': None}]",,,,,,,,
LCL Films & Photography,"9, Dhobi Ghat Chauraha, 19S, Purushottam",Not specified,,,,,,
LCL Films & Photography,"9, Dhobi Ghat Chauraha, 19S, Purushottam Das Tandon Marg, near Hari masjid",090267 44165,,,,,,
Phuturm Studio,Mahewa Car Care Centre,N/A,,,,,,
Click N Click Film & Photography,N/A,N/A,,,,,,
Kapcher Memories - Best Wedding Photographer in Allahabad,"Narayan Singh Nagar, Near Chameli Bai Dharmshala, 571 A / 1 /493",091989 45902,,,,,,
Chahat Digital Studio,"Mundera Bazar, Besides Vishal Tent House, Grand Trunk Rd",099357 44033,,,,,,
Nayan Digital Studio,"Tulsiani Plaza, opposite Coffee House",,,,,,,
,31/18 C,073762 48180,Goel Studio,,,,,
,"34/69-B, Chak Mundera, Grand Trunk Rd",073983 39831,Kapoor Films And Photography,,,,,
,131/593,080812 49292,Sundram Studio,,,,,
,"407, Muir Rd, near Post Office",099191 33272,Chhavi Mandir Digital Studio,,,,,
,N/A,063873 46495,KF film&photography,,,,,
,1D/6,083818 33133,ZKF ZAID KHAN FILMS,,,,,
"[{'name': 'OM STUDIOS', 'address': 'Shree Ram Market, Bahadurghanj, Sulaki Chauraha', 'phone': '090269 69281'}, {'name': 'MS Films Photo Studio', 'address': '416', 'phone': '094537 21009'}, {'name': 'Chitram Digital Studio', 'address': 'Rain Basera', 'phone': '094151 74424'}, {'name': 'Sagar Studio', 'address': '397A, Mewa Lal Ki Bagia, Mirzapur Rd, near Central Bank', 'phone': '093351 11826'}, {'name': 'Electro Studio', 'address': '61', 'phone': ''}]",,,,,,,,
Electro Studio,61,9795778714,,,,,,
Photo Vision,"17, Manmohan Park Rd",7388397071,,,,,,
Nitin Photographers,463B,9336826789,,,,,,
Jazz Studio,"34/7, Noorullah Rd",8707710915,,,,,,
Wedding Xpose - Wedding Photography & Film,848/166B/10A,9936363664,,,,,,
Madhur Mehrotra & Co,"Tulsiani Plaza, 118A/16 LGF, Mahatma Gandhi Marg",9839254911,,,,,,
Devam Studio,"284, Mahatma Gandhi Marg",9305372907,,,,,,
Khanna Photographers,"FV63+QV8, University Road",9839168298,,,,,,
Arora Creative Studio,Cotton Mill Rd,9336705814,,,,,,
Digital photo studio,Sadar bazar ambedkar churaha shop no 4,9450619076,,,,,,
Yash HD Movies,,9335173698,,,,,,
Nidhi Digital Studio,Station Rd,9696380867,,,,,,
H. S. Garden,60 Feet Rd,9838994786,,,,,,
prigs film & production,,,,,,,,
Wrap by Suruchi,,,,,,,,
"[{'name': 'Wrap by Suruchi Strokes', 'address': '176/1', 'phone': '093366 31920'}, {'name': 'The Wedding Friends Photogarphy', 'address': '108, Shukla Market', 'phone': None}, {'name': 'Balajee Memories World', 'address': '343, Colonelganj Rd', 'phone': '084006 98913'}, {'name': 'Star Photo Films Studio', 'address': '93, Near Power House', 'phone': '098894 45663'}, {'name': 'Maa Sharda Digital Photo Studio', 'address': '53/31, Raliway Crossing Chhota Baghara', 'phone': '094156 37009'}, {'name': 'MRGD Animation', 'address': 'Anand Hospital, 8/60A, Muir Rd', 'phone': None}]",,,,,,,,
S J Events - Best Event Planner in Allahabad/ Top Event Planner & Decoration / Event Decorator & Planner in Allahabad,"722, Gaughat Rd, near ECC college",,,,,,,
"[{'name': 'Planner in Allahabad', 'address': '722, Gaughat Rd, near ECC college', 'phone': '096701 53104'}, {'name': 'Krishna Studio', 'address': 'Favwara Chauraha, 434, Mumfordganj Rd', 'phone': '093366 18443'}]",,,,,,,,
,Karma Rd,091251 02972,S.K_Photography_Prayagraj,,,,,
,"20, Mahatma Gandhi Marg, opp. Palace Cinema",080092 22888,NEW FLASH LITE PHOTOGRAPHY,,,,,
,"Sameer Plaza, Shop no 2, 3/11A Muir Road Manmohan Park, in front of Bansmandi",096160 00039,PKR Studio & Photographer,,,,,
,"Saqib Plaza, B-2, Guru Teg Bahadur Marg",063072 80835,FILM STUDIO ALISHA ( Lady Photographer),,,,,
"[{'name': 'Khushi Creation the wedding zone & Wedding Planner Events', 'address': 'near Kendranchal colony, opposite P. A', 'phone': '070076 16951'}, {'name': 'Filmography Production & Weddings', 'address': '346/20 Dadri, New Market, Kazipur Rd', 'phone': '087075 05905'}, {'name': 'Still Sands Photography', 'address': '46, Lal Bahadur Shastri Marg', 'phone': '097927 85771'}, {'name': 'Shutter Shot Studio', 'address': 'Office, above Union Bank ATM, near NCR Road', 'phone': '087955 32055'}, {'name': 'B R Tandon Photo Service', 'address': '207/53, Mahatma Gandhi Marg', 'phone': 'Open 24'}]",,,,,,,,
"[{'name': 'B R Tandon Photo Service', 'address': '207/53, Mahatma Gandhi Marg', 'phone': 'N/A'}, {'name': 'Sunny Creationzz Film', 'address': '373A/9B/2 Near Sherwani Legecy, Nyay Nagar', 'phone': '088742 01888'}, {'name': 'Suraj Gupta Photography', 'address': 'in front, Cotton Mill Rd, off deepak gest hause', 'phone': '081740 62274'}, {'name': 'Photo India the Digital Studio', 'address': 'MAA LALITA MARKET, 89/276 G-3 MUIR ROAD, TV TOWER CHAURAHA', 'phone': '094156 07298'}, {'name': 'iconicphotographyprayagraj', 'address': 'near venimadhav mandir, near daraganj', 'phone': '073885 88883'}]",,,,,,,,
Suri Photo's,"Colonelganj Rd, opposite Swaraj Bhawan",Not Provided,,,,,,
ImageNclix Film & Photography,opposite HP Petrol Pump,unavailable,,,,,,
"[{'name': 'Studio Foto Point', 'address': '52 F, Jawaharlal Nehru Rd', 'phone': 'Not Provided'}, {'name': 'ASR Photography', 'address': '72', 'phone': '093057 99090'}, {'name': 'Filmata Production', 'address': 'Ravi Raj Complex, D Rd', 'phone': '088811 55500'}, {'name': 'Best Wedding Service', 'address': 'Not Provided', 'phone': '063937 61434'}, {'name': 'AKASH VIDEO GALLERY The Digital Studio', 'address': 'Not Provided', 'phone': '063908 50097'}]",,,,,,,,
"[{'name': 'Capturing Wow Photography', 'address': 'Ramleelapark', 'phone': '093898 59523'}, {'name': 'Photo Vision Studio', 'address': '120, 146, Colonelganj Rd', 'phone': '073883 97071'}, {'name': 'Relive the moment', 'address': '193A, University Road, opp. Anand bhavan', 'phone': '070717 34979'}, {'name': 'Vansh Photography | Top Wedding and Candid Photographer in Prayagraj', 'address': '123/100, Colonelganj Rd', 'phone': '073900 24635'}, {'name': 'LCL Films & Photography', 'address': '9, Dhobi Ghat Chauraha, 19S, Purushottam', 'phone': None}]",,,,,,,,
Click N Click Film & Photography,Wedding photographer,Not provided,,,,,,
,,,,"{'address': 'Near, Dargah Hazrat Abbas Road', 'phone': '098392 54911'}","{'address': 'ADA Colony', 'phone': None}","{'address': 'House No-74A/27, Saryu Colony, Near Shivkuti Road', 'phone': '099560 55213'}","{'address': '32, Jayantipur', 'phone': '0532 243 6472'}","{'address': '284, Mahatma Gandhi Marg', 'phone': '093053 72907'}"
RJ The Wedding Resort,"RJ The Resort, COD Rd",098389 94786,,,,,,
"Leisure Greens, Banquet Hall (Weddingz.in Partner)","Kamla Nehru Rd, near Le-Leisure Hotel",080 4809 8506,,,,,,
Santosh Digital Studio- Cinematic | Wedding Videography in Allahabad|Best Wedding Photographer in Allahabad,"Katghar Rd, in front of Samya Maya Mandie",093072 09615,,,,,,
AMBI'S CREW,Chak hariharvan,No phone number available,,,,,,
"[{'name': 'Wrap by Suruchi Strokes', 'address': '176/1', 'phone': '093366 31920'}, {'name': 'The Wedding Friends Photogarphy', 'address': '108,Shukla Market', 'phone': ''}, {'name': 'Balajee Memories World', 'address': '343, Colonelganj Rd', 'phone': '084006 98913'}, {'name': 'Star Photo Films Studio', 'address': '93, Near Power House', 'phone': '098894 45663'}, {'name': 'Maa Sharda Digital Photo Studio', 'address': '53/31, Raliway Crossing Chhota Baghara', 'phone': '094156 37009'}, {'name': 'MRGD Animation', 'address': 'Anand Hospital, 8/60A, Muir Rd', 'phone': ''}]",,,,,,,,
"[{'name': 'MRGD Animation', 'address': 'Anand Hospital, 8/60A, Muir Rd, near Pangoria Bhawan', 'phone': '087267 84896'}, {'name': 'Aanya Photo Studio & Copiers', 'address': '90/1 New SohbatiyaBagh Allapur Allahabad', 'phone': '098899 75086'}, {'name': 'Ashok Digital Studio', 'address': 'CRJP+WCV Shakti chaura', 'phone': '087994 86208'}, {'name': 'CHITRANSH EVENT ORGANISER PVT LIMITED', 'address': 'Utkarsh Apartment, 239/1', 'phone': '093051 04670'}, {'name': 'S J Events - Best Event Planner in Allahabad/ Top Event Planner & Decoration / Event Decorator & Planner in Allahabad', 'address': '722, Gaughat Rd, near ECC college', 'phone': None}]",,,,,,,,
Planner in Allahabad,"722, Gaughat Rd, near ECC college",096701 53104,,,,,,
Vijay Studio Pvt.Ltd,"LGF 1 TO 3, New Janpath Complex, Ashok Marg",063900 00639,,,,,,
Lucknow Wedding Studio,Shop 12 Cooperative,073940 19474,,,,,,
Harsh Photography Lucknow,"478, Kanpur Rd, near Mamta Gass Agency",094150 02714,,,,,,
Absolute Wedding Studio,"TC 34/V-2, Levana, Cyber Tower, 80J 8th floor",080054 54000,,,,,,
Click Weds,"Basement, preeti bhawan, near leela cinema",Not Specified,,,,,,
Weddings Clicker,"1st Floor, Mirza Tower, Love Lane",075053 06003,,,,,,
Ravi Digital Photography,"Gate No-3, Sahara Plaza, D-117, near Nova Hospital",094151 58703,,,,,,
Random Clicks Photography,Random Clicks Photography D2 / 46-47 Shyama Shiv Square,073174 79556,,,,,,
New Sahu Digital Studio,"B-24, First Floor, near P & T",,,,,,,
Sahu Digital Studio,"B-24, First Floor, near P & T Colony",099359 88992,,,,,,
CelebLuk Weddings(Lucknow),,099996 02319,,,,,,
Glossy Picture Factory,274 Shankarpuri Colony,095066 95760,,,,,,
Flyer Production,"12th Floor, Summit Building",090267 50379,,,,,,
DJ Photography,1/127,063862 07845,,,,,,
Shaadinama wedding photography,Banyan Tree School,080054 54000,,,,,,
Saavi Photography,"631/176, Universal Palace",094150 06118,,,,,,
Rajneesh Srivastava Photography,Gomti Nagar Extention Road,070079 85763,,,,,,
Shivank Jalan Photo Gallery,"Shop No 12, Bhopal House, opposite Sharma Chai",073888 80851,,,,,,
MBphotography,"Vrindavan Rd, near petrol pump",Not fully provided,,,,,,
Shor Sharaba Wedding,"Basement, Priti Bhawan, behind Sahu Cinema, Lucknow",085275 06732,,,,,,
R.K.Studio,"Shop No- 31, Nirala Market, Near I.T.Collage Chauraha",099365 28999,,,,,,
Ratan Studio Photography,"Kursi Rd, near Gayatri Mandir",093161 61685,,,,,,
Two Be Weds,Krishna Tower,093361 84570,,,,,,
EDP STUDIO,C-1544,074080 88889,,,,,,
Muto's Studio,D-2/26,099116 68617,,,,,,
Time Freeze Studios,"Shitla Prasad Road, Rakabganj kundri near Shastri Nagar, Aishbagh",088818 88227,,,,,,
The Lucknowgrapher,H/N 599/287 bb2 budheswer vihar colony,078438 17595,,,,,,
BLUEFOX CAMERA STUDIOS,Not provided,094154 63402,,,,,,
Perfect capture,"E3/753, Sec-H, Aashiyana Chauraha, near DN public school",090441 10001,,,,,,
KRMPIX PRODUCTION PVT. LTD.,1/334,099352 10000,,,,,,
Deep Studio,"Shop# 1 &2 Ghazi market, Ghazinagar, Mayawati Colony Rd",094522 55557,,,,,,
On Click Photography & Events,"Narayan Plaza, Sector B, Aliganj, near Engineering College Road",080099 77189,,,,,,
Picsmania Studio,"c 23 forest colony, 17, Rana Pratap Marg",082998 99112,,,,,,
Mobeen Photography,House Number 460,099116 68876,,,,,,
PIXKALA,D-2017,81759,,,,,,
,D-2017,081759 15665,PIXKALA,,,,,
,"Shop no.24, LGF Block-B Annapurna Complex, Kanpur - Lucknow Rd, near Nabard Bank",072753 03103,D.K. Studio film,,,,,
,"Gomtinagar, 4/72",087073 65943,Nitish Asthana Photography,,,,,
,"Indradeep Complex, G-17, Faizabad Rd",098390 74639,Amit photo Studio,,,,,
,"Thakurganj Chauraha,, State Highway 25",,Theweddingbells |Best wedding photographer in Lucknow,,,,,
"[{'name': 'Priyanka Studio', 'address': 'Flat no-07, Uday Raj plaza, Road', 'phone': '094507 64014'}, {'name': 'Lucknow wedding photographers', 'address': '5bd, 176, Vrindavan Colony Rd', 'phone': None}, {'name': 'The Memory Makers Photography', 'address': 'Ground Floor JJ5', 'phone': '083182 03727'}, {'name': 'FotoFiesta', 'address': 'E-79, Raibareilly Road, near Millennium School', 'phone': '072919 75229'}, {'name': 'Trend Wedding Company', 'address': None, 'phone': None}]",,,,,,,,
"[{'name': 'Trend Wedding Company', 'address': 'Rahim Nagar Khudaan, Dudauli Rd', 'phone': '094555 27540'}, {'name': 'Foto Press Lucknow', 'address': '2nd Floor, JSV Hyundai Building, CP-53, Engineering College Rd', 'phone': '088811 30112'}, {'name': 'Makker Studio', 'address': 'Terhi Pulia, Kanpur Rd', 'phone': '099364 77777'}, {'name': 'Srivastava Films & Studio', 'address': 'Awadh Shopping Centre, LGF 10, Opp, Jama Masjid Rd', 'phone': '0522 401 6441'}, {'name': 'Lucknow Wedding Photography', 'address': 'near एसबीआई बैंक', 'phone': None}]",,,,,,,,
,near एसबीआई बैंक,099567 47302,Lucknow Wedding Photography,,,,,
,"Gadbad Jhala, near Gad Bad jhala Market, 111/5",063872 93399,Memories Mirror,,,,,
,Hera Plaza,099363 01541,Three Pictures Studio,,,,,
,14/592,099849 33339,wedding clicks photography & films,,,,,
,169D Rest Camp,098076 38190,Akku Photography,,,,,
"[{'name': 'Flash N Click by Galaxy & Mudit', 'address': ""Seth's Mansion, A-1300, Kanpur Rd"", 'phone': '09839222007'}, {'name': 'Spectrum Photographers', 'address': '1, Maqbara Rd', 'phone': '09415028893'}, {'name': 'PR Modern Studio: Capturing Memories - Wedding Photographer & Best Wedding Photographer in Lucknow', 'address': '442/450A, Chowk', 'phone': '09793537111'}, {'name': 'Wedding Fotografia', 'address': 'GF - C 41, near Fun Republic Mall', 'phone': '07007095442'}]",,,,,,,,
Husain Studio,"Gopala Apartment, A-203, Ramtirth Marg",094509 60005,,,,,,
WEDDINGWOOD,"Park road, AA complex, 2nd floor",095655 08888,,,,,,
Nawab studios,"ESIB-526, Sitapur Rd",088811 00066,,,,,,
HIGH PIXEL ZONE,"548/v368, near new lucknow montessori school",091186 88337,,,,,,
Saajan studio,539KHA/5,093058 95443,,,,,,
Stilkraft Photography,MIG A-4,073767 61003,,,,,,
Prashiva Photography,"268/623, Aishbagh Rd",,,,,,,
Amit Films,"Shiva Chambers, 7, Capper Rd",093055 21911,,,,,,
Shubham Reigns photography,"C5, 3,4, Hardoi Rd",,,,,,,
Pratibimbh by RG,,,,,,,,
"[{'name': 'Pratibimbh by RG', 'address': '486\\27', 'phone': None}, {'name': 'IMAGE POINT', 'address': '3 / 518, behind Trinca residency', 'phone': '092358 79836'}, {'name': 'Picture Perfect Studio', 'address': 'Sec -14 near Bank of Baroda', 'phone': '079057 46104'}, {'name': 'FINE WEDDING STUDIO', 'address': 'B-32, near Anurag Apartment', 'phone': '085459 14138'}, {'name': 'Karan Makker Studio', 'address': 'QWQ6+7M3, K-283, Kanpur Rd, near Emerald Mall', 'phone': '095807 06030'}]",,,,,,,,
"[{'name': 'THE TIME MACHINE FILMS', 'address': None, 'phone': '093058 58218'}, {'name': 'Ajayraj Productions', 'address': 'Lavanya Studio, Crossing', 'phone': '073984 13465'}, {'name': 'Camera Angles Production', 'address': 'Ramanand Market, Sitapur Rd', 'phone': '094157 87903'}, {'name': 'AAWAAZ STUDIO', 'address': 'C2149, Hanuman Mandir Marg', 'phone': '070715 65393'}, {'name': 'Galaxy Studio', 'address': 'Alambagh Chauraha, near Central Bank', 'phone': None}, {'name': 'Himanshu Dixit Photography', 'address': None, 'phone': None}]",,,,,,,,
Himanshu Dixit Photography,"Metro Station, near Munshi Pulia",082991 78255,,,,,,
RL Film Production,"Sitapur Road, 60, fit road, near shanti Vatika",099368 77741,,,,,,
Ananta Memories - Best Pre Wedding Photographer in Gomti Nagar Lucknow,"1, 124, Lohia Park Rd",079053 00847,,,,,,
RB Wedding Films,"Shop No LG 12, Square One Plaza",070079 04182,,,,,,
Rohi Photography lko,"Shop No 07, near Phoenix United Mall",090444 47714,,,,,,
Shubh Wedding Films,The Woods Apartment,076518 90550,,,,,,
Stories By Ajay Singh - All Time Best Wedding Photographer In Lucknow,60 Feet Rd,087370 61349,,,,,,
Harshit Gupta Photography & Studio,Aa Complex Park road 5,094527 07145,,,,,,
The Royal Productions,"Chandralok, C-25, Aliganj, Alkapuri tiraha, Lucknow",080099 09901,,,,,,
Foto Kheech,"155 2, SBI Rd",Not Provided,,,,,,
"[{'name': 'Dream Wedding photography studio', 'address': 'Not specified', 'phone': 'Not specified'}, {'name': 'Cinefilms Production', 'address': 'GYAN KRISNA BHAWAN, near omninet', 'phone': 'Not specified'}, {'name': 'Kumar Photography Studio', 'address': '449/2, Nagaria, near Thakurganj', 'phone': '082991 64511'}, {'name': 'Close-up-studio', 'address': 'Opposite Manas Complex, Charche Road, Aliganj, Aliganj, near Petrolpump', 'phone': 'Not specified'}, {'name': 'Saurabh photo Studio', 'address': 'Picup Bhawan Rd, near RAM MANOHAR LOHIYA HOSPITAL', 'phone': 'Not specified'}]",,,,,,,,
photo Studio,"Picup Bhawan Rd, near RAM MANOHAR LOHIYA HOSPITAL",093053 39821,,,,,,
Friends Studio,"Shop No. 16, Friends Market B-Block Chauraha, opp. Sai Mandir",080044 33260,,,,,,
Versatile Vision,"Prince Complex, behind Sahu Cinema",083188 89430,,,,,,
Gomti studio,,094150 18387,,,,,,
The Artist Photography Lko,,079054 46316,,,,,,
Sachdeva Studio,,,,,,,,
"[{'name': 'Sachdeva Studio', 'address': 'Alambagh Crossing', 'phone': '094155 49885'}, {'name': 'Lucknow Wedding Photography', 'address': '548cha/257 surya nagar manak nagar rdso gurudwara', 'phone': None}, {'name': 'Fotoshoot', 'address': '24/339, 24', 'phone': '094155 97493'}, {'name': 'The Wedding Weds', 'address': '31, Avadh Plaza, Chauraha, Tedhi Pulia Ring Rd', 'phone': None}, {'name': 'Wedding Shutter Photography', 'address': '1/441', 'phone': '081188 09480'}, {'name': 'The Creative Durbar', 'address': None, 'phone': None}]",,,,,,,,
The Creative Durbar,A-781,083180 68776,,,,,,
agphotography,C-483,090448 81167,,,,,,
Spiceshoot Studio Lucknow,"3/16, near Mithai wala",,,,,,,
Doorstep Wedding,"2nd floor, 5/72",,,,,,,
Tales in Frame -- Best Wedding Photographer in Lucknow,"1st Floor, In building of Fusion Fitness Gym, Its, near Kendriya Bhawan",089573 21852,,,,,,
The Mandap Diary - Best Wedding planner in Lucknow,"Plot No. 3, Milenia Regency, Matiyari Chauraha, Faizabad Rd",096515 59555,,,,,,
"[{'name': 'Vijay Studio Pvt.Ltd', 'address': 'LGF 1 TO 3, New Janpath Complex, Ashok Marg', 'phone': '063900 00639'}, {'name': 'Lucknow Wedding Studio', 'address': 'Shop 12 Cooperative', 'phone': '073940 19474'}, {'name': 'Absolute Wedding Studio', 'address': 'TC 34/V-2, Levana, Cyber Tower, 80J 8th floor', 'phone': '080054 54000'}, {'name': 'Harsh Photography Lucknow', 'address': '478, Kanpur Rd, near Mamta Gass Agency', 'phone': '094150 02714'}, {'name': 'Click Weds', 'address': 'Basement, preeti bhawan, near leela cinema', 'phone': None}]",,,,,,,,
Ravi Digital Photography - Pre Wedding & Wedding Photographer in Lucknow,"Gate No-3, Sahara Plaza, D-117, near Nova Hospital",094151 58703,,,,,,
New Sahu Digital Studio,"B-24, First Floor, near P & T Colony",099359 88992,,,,,,
"[{'name': 'Random Clicks Photography', 'address': 'D2 / 46-47 Shyama Shiv Square', 'phone': '073174 79556'}, {'name': 'Glossy Picture Factory', 'address': '274 Shankarpuri Colony', 'phone': '095066 95760'}, {'name': 'Flyer Production', 'address': '12th Floor, Summit Building', 'phone': '090267 50379'}, {'name': 'CelebLuk Weddings(Lucknow)', 'address': 'No specified address', 'phone': '099996 02319'}, {'name': 'NARAYAN DIGITAL STUDIO AND WEDDING PHOTOGRAPHY', 'address': 'LS-2/543', 'phone': '078004 65488'}, {'name': 'Saavi Photography - Wedding Photographer in Lucknow', 'address': '631/176, Universal Palace', 'phone': 'No specified phone number'}]",,,,,,,,
Shoot It Creation,"11, Galaxy Apartment, Picnic Spot Rd, near Royal Trade Plaza",091404 22729,,,,,,
Shor Sharaba Wedding,"Basement, Priti Bhawan, behind Sahu Cinema",085275 06732,,,,,,
"[{'name': 'MBphotography', 'address': 'Vrindavan Rd, near petrol pump', 'phone': '073766 33287'}, {'name': 'EDP STUDIO', 'address': 'C-1544', 'phone': '074080 88889'}, {'name': 'Two Be Weds', 'address': 'Krishna Tower', 'phone': '093361 84570'}, {'name': 'DWS Studio', 'address': '1/334', 'phone': '095591 13395'}, {'name': 'The Lucknowgrapher', 'address': 'Branch Office: H/N 599/287 bb2 budheswer', 'phone': 'Not Provided'}]",,,,,,,,
BLUEFOX CAMERA STUDIOS,N/A,094154 63402,,,,,,
Weddings by Karma Pixel KRMPIX PRODUCTION PVT. LTD.,N/A,099352 10000,,,,,,
"[{'name': 'P.K. Films & Studio', 'address': 'Shop-S2/48-49, Sivaji,Market', 'phone': '070072 49150'}, {'name': 'On Click Photography & Events', 'address': 'Narayan Plaza, Sector B, Aliganj, near Engineering College Road', 'phone': '080099 77189'}, {'name': 'XPRESSIONS PHOTOGRAPHY', 'address': 'Nabiullah Rd', 'phone': '070813 96664'}, {'name': 'Tiny Memories', 'address': 'Gomti Greens Emaar Mgf, G6-24, near Police Headquarters', 'phone': '088084 40844'}]",,,,,,,,
Foto's studio,"44/28,Ka-Aparna Bhawan, near Sahu Theater",078608 72978,,,,,,
Amit Mahendru Photography,"6, B, Way Rd, opp. CID Office",093059 09090,,,,,,
Perfect capture-Best Photographer In Lucknow-Near Me Photography In Lucknow,"E3/753, Sec-H, Aashiyana Chauraha, near DN public school",090441 10001,,,,,,
HDRI STUDIO,"Asha Apartment 2nd Floor Ram Mohan Rai Marg, Gokhale Vihar, Butler Colony",094155 61457,,,,,,
The Precious Memories,"2, 510, near Jaipuriya Institute",075188 37733,,,,,,
PIXKALA,D-2017,081759 15665,,,,,,
Mobeen Photography,House Number 460,082998 99112,,,,,,
Amit photo Studio,"Indradeep Complex, G-17, Faizabad Rd",098390 74639,,,,,,
Trend Wedding Company,"Rahim Nagar Khudaan, Dudauli Rd",094555 27540,,,,,,
Theweddingbells,"Thakurganj Chauraha,, State Highway 25",No phone number listed,,,,,,
Foto Press Lucknow,"2nd Floor, JSV Hyundai Building, CP-53, Engineering College Rd",088811 30112,,,,,,
Nitish Asthana Photography,"Gomtinagar, 4/72",087073 65943,,,,,,
D.K. Studio film,"Shop no.24, LGF Block-B Annapurna Complex, Kanpur - Lucknow Rd, near Nabard Bank",072753 03103,,,,,,
स्वतंत्रता स्टूडियो,Not provided,099188 04711,,,,,,
The Memory Makers Photography,Ground Floor JJ5,083182 03727,,,,,,
Priyanka Studio,"Flat no-07, Uday Raj plaza, Road",Not provided,,,,,,
Studio 5.0,"Flat no-07, Uday Raj plaza, Road",094507 64014,,,,,,
Srivastava Films & Studio,"Awadh Shopping Centre, LGF 10, Opp, Jama Masjid Rd",0522 401 6441,,,,,,
Three Pictures Studio,Hera Plaza,099363 01541,,,,,,
PR Modern Studio: Capturing Memories - Wedding Photographer & Best Wedding Photographer in Lucknow,"442/450A, Chowk",097935 37111,,,,,,
Makker Studio,"Terhi Pulia, Kanpur Rd",099364 77777,,,,,,
Memories Mirror,"Gadbad Jhala, near Gad Bad jhala Market, 111/5",063872 93399,,,,,,
FotoFiesta,"E-79, Raibareilly Road, near Millennium School",072919 75229,,,,,,
Lucknow wedding photographers,"5bd, 176, Vrindavan Colony Rd",,,,,,,
Akku Photography,169D Rest Camp,098076 38190,,,,,,
WeBrozz,"204, Shakti Palace, Avadh vihar Colony, Malhaur, st. road",080819 09487,,,,,,
Wedding Fotografia,"GF - C 41, near Fun Republic Mall",070070 95442,,,,,,
Flash N Click by Galaxy & Mudit,"Seth's Mansion, A-1300, Kanpur Rd",098392 22007,,,,,,
Lucknow Wedding Photography,near एसबीआई बैंक,099567 47302,,,,,,
"[{'name': 'WEDDINGWOOD', 'address': 'Park road, AA complex, 2nd floor', 'phone': '095655 08888'}, {'name': 'Shubham Reigns photography', 'address': 'C5, 3,4, Hardoi Rd', 'phone': 'None'}, {'name': 'Saajan studio', 'address': '539KHA/5', 'phone': '093058 95443'}, {'name': 'HIGH PIXEL ZONE', 'address': '548/v368, near new lucknow montessori school', 'phone': '091186 88337'}, {'name': 'Prashiva Photography', 'address': '268/623, Aishbagh Rd', 'phone': 'None'}]",,,,,,,,
Pratibimbh by RG,486\27,,,,,,,
D Lens Photography,1/398 A,096530 52257,,,,,,
Picture Perfect Studio,Sec -14 near Bank of Baroda,079057 46104,,,,,,
FINE WEDDING STUDIO,"B-32, near Anurag Apartment",085459 14138,,,,,,
"[{'name': 'photo vision lucknow', 'address': 'Raibareli road, Vrindavan Rd, near Sai Guest House', 'phone': '094533 79118'}, {'name': 'Camera Angles Production', 'address': 'Ramanand Market, Sitapur Rd', 'phone': '094157 87903'}, {'name': 'Karan Makker Studio', 'address': 'K-283, Kanpur Rd, near Emerald Mall', 'phone': '095807 06030'}, {'name': 'AAWAAZ STUDIO', 'address': 'C2149, Hanuman Mandir Marg', 'phone': '070715 65393'}]",,,,,,,,
Ajayraj Productions,"Lavanya Studio, Crossing",073984 13465,,,,,,
THE TIME MACHINE FILMS,Best Wedding Photographer in Lucknow,093058 58218,,,,,,
JR photography,,089538 99249,,,,,,
Galaxy Studio,"Alambagh Chauraha, near Central Bank",,,,,,,
Hawaijahaj,"2nd floor, 617/new B",,,,,,,
Prabhakar Studio,"H . O A11/1,siddhart house,LDA Road,behind balaji complex, Krishna Nagar kanpur road",093352 10300,,,,,,
Kd photography,"Shop no.7, vihar, Kanhaiya Kunj Complex",097939 96391,,,,,,
Stories By Ajay Singh,60 Feet Rd,087370 61349,,,,,,
Akriti Digital Photo Studio,"Sho no. 24, Eldeco Highway Plaza, Utrathia, Raibareli Rd",093350 97053,,,,,,
The Royal Productions,Chandralok,,,,,,,
Kumar Photography Studio,"449/2, Nagaria, near Thakurganj",082991 64511,,,,,,
Close-up-studio,"Opposite Manas Complex, Charche Road, Aliganj, Aliganj, near Petrolpump",Data Not Available,,,,,,
Foto Kheech,"155 2, SBI Rd",090442 50829,,,,,,
,"Picup Bhawan Rd, near RAM MANOHAR LOHIYA HOSPITAL",093053 39821,Saurabh Photo Studio,,,,,
,,094150 18387,Gomti Studio,,,,,
,,079054 46316,The Artist Photography Lko,,,,,
,,,Dream Wedding Photography Studio,,,,,
,"31, Avadh Plaza, Chauraha, Tedhi Pulia Ring Rd",,The Wedding Weds,,,,,
Fotoshoot - Best Wedding Photographer / Pre / Post Wedding / Portfolio / Best Photographer In Lucknow,"24/339, 24",094155 97493,,,,,,
Sachdeva Studio,Alambagh Crossing,094155 49885,,,,,,
Lucknow Wedding Photography,548cha/257 surya nagar manak nagar rdso gurudwara,,,,,,,
Tales in Frame -- Best Wedding Photographer in Lucknow,,,,,,,,
"[{'name': 'Tales in Frame', 'address': '1st Floor, In building of Fusion Fitness Gym, near Kendriya Bhawan', 'phone': '089573 21852'}, {'name': 'Doorstep Wedding', 'address': '2nd floor, 5/72', 'phone': 'No phone number provided'}, {'name': 'agphotography', 'address': 'C-483', 'phone': '090448 81167'}, {'name': 'Wedding Shutter Photography', 'address': '1/441', 'phone': '081188 09480'}, {'name': 'Spiceshoot Studio Lucknow', 'address': '3/16, near Mithai wala', 'phone': 'No phone number provided'}, {'name': 'Ashish gaurav photography', 'address': 'Information not provided', 'phone': 'Information not provided'}]",,,,,,,,
Ashish gaurav photography,14/51/11,072758 83354,,,,,,
The Mandap Diary - Best Wedding planner in Lucknow | Event planner in Lucknow | Corporate event planner in Lucknow,"Plot No. 3, Milenia Regency, Matiyari Chauraha, Faizabad Rd",096515 59555,,,,,,
New Aman Studio,Shop no A7,070713 17064,,,,,,
Click Weds,"Basement, preeti bhawan, near leela cinema",,,,,,,
Ravi Digital Photography -Pre Wedding & Wedding Photographer in Lucknow,"Gate No-3, Sahara Plaza, D-117, near Nova Hospital",094151 58703,,,,,,
"[{'name': 'Random Clicks Photography', 'address': 'D2 / 46-47 Shyama Shiv Square', 'phone': '073174 79556'}, {'name': 'Glossy Picture Factory', 'address': '274 Shankarpuri Colony', 'phone': '095066 95760'}, {'name': 'Flyer Production', 'address': '12th Floor, Summit Building', 'phone': '090267 50379'}, {'name': 'CelebLuk Weddings(Lucknow)', 'phone': '099996 02319'}, {'name': 'NARAYAN DIGITAL STUDIO AND WEDDING PHOTOGRAPHY', 'address': 'LS-2/543', 'phone': '078004 65488'}, {'name': 'Saavi Photography - Wedding Photographer in Lucknow', 'address': '631/176, Universal Palace', 'phone': None}]",,,,,,,,
,"11, Galaxy Apartment, Picnic Spot Rd, near Royal Trade Plaza",091404 22729,Shoot It Creation,,,,,
,"Kursi Rd, near Gayatri Mandir",093161 61685,Ratan Studio Photography,,,,,
,"Basement, Priti Bhawan, behind Sahu Cinema",085275 06732,Shor Sharaba Wedding,,,,,
,"Shop No- 31, Nirala Market, Near I.T.Collage Chauraha",099365 28999,R.K.Studio,,,,,
"[{'name': 'MBphotography', 'address': 'Vrindavan Rd, near petrol pump', 'phone': '073766 33287'}, {'name': 'EDP STUDIO', 'address': 'C-1544', 'phone': '074080 88889'}, {'name': 'Two Be Weds', 'address': 'Krishna Tower', 'phone': '093361 84570'}, {'name': 'DWS Studio', 'address': '1/334', 'phone': '095591 13395'}, {'name': 'The Lucknowgrapher', 'address': 'Branch Office: H/N 599/287 bb2 budheswer', 'phone': 'Not available'}]",,,,,,,,
"[{'name': 'The Lucknowgrapher', 'address': 'H/N 599/287 bb2 budheswer vihar colony', 'phone': '078438 17595'}, {'name': ""Muto's Studio"", 'address': 'D-2/26', 'phone': '099116 68617'}, {'name': 'Time Freeze Studios - Best Wedding Photographer in Lucknow', 'address': 'Shitla Prasad Road, Rakabganj kundri near Shastri Nagar, Aishbagh', 'phone': '088818 88227'}, {'name': 'BLUEFOX CAMERA STUDIOS', 'address': '', 'phone': '094154 63402'}, {'name': 'Weddings by Karma Pixel KRMPIX PRODUCTION PVT. LTD.', 'address': '', 'phone': '099352 10000'}]",,,,,,,,
P.K. Films & Studio,"Shop-S2/48-49, Sivaji,Market",070072 49150,,,,,,
XPRESSIONS PHOTOGRAPHY,Nabiullah Rd,070813 96664,,,,,,
Tiny Memories best baby shoot lucknow,"Gomti Greens Emaar Mgf, G6-24, near Police Headquarters",088084 40844,,,,,,
Foto's studio,"44/28, Ka-Aparna Bhawan, near Sahu Theater",078608 72978,,,,,,
Mobeen Photography,House Number 460,,,,,,,
"[{'name': 'Mobeen Photography', 'address': 'House Number 460', 'phone': '099116 68876'}, {'name': 'Amit photo Studio', 'address': 'Indradeep Complex, G-17, Faizabad Rd', 'phone': '098390 74639'}, {'name': 'Trend Wedding Company', 'address': 'Rahim Nagar Khudaan, Dudauli Rd', 'phone': '094555 27540'}, {'name': 'Theweddingbells', 'address': 'Thakurganj Chauraha, State Highway 25', 'phone': 'Not Provided'}, {'name': 'Foto Press Lucknow', 'address': '2nd Floor, JSV Hyundai Building, CP-53, Engineering College Rd', 'phone': '088811 30112'}]",,,,,,,,
स्वतंत्रता स्टूडियो,N/A,099188 04711,,,,,,
Priyanka Studio,"Flat no-07, Uday Raj plaza, Road",N/A,,,,,,
PR Modern Studio: Capturing Memories,"442/450A, Chowk",097935 37111,,,,,,
"[{'name': 'Memories Mirror', 'address': 'Gadbad Jhala, near Gad Bad jhala Market, 111/5', 'phone': '063872 93399'}, {'name': 'Lenspro Photography', 'address': 'H5/259 Amrapali Yojna (Near Lucknow Model Inter College', 'phone': '079859 55273'}, {'name': 'FotoFiesta', 'address': 'E-79, Raibareilly Road, near', 'phone': 'Not Provided'}]",,,,,,,,
HIGH PIXEL ZONE - Best Wedding Photographer / Pre Wedding / Portfolio / Best Photographer In Lucknow,"548/v368, near new lucknow montessori school",091186 88337,,,,,,
"[{'name': 'Prashiva Photography', 'address': '268/623, Aishbagh Rd', 'phone': None}, {'name': 'Amit Films', 'address': 'Shiva Chambers, 7, Capper Rd', 'phone': '093055 21911'}, {'name': 'Pratibimbh by RG', 'address': '486\\27', 'phone': None}, {'name': 'D Lens Photography', 'address': '1/398 A', 'phone': '096530 52257'}, {'name': 'Picture Perfect Studio', 'address': 'Sec -14 near Bank of Baroda', 'phone': '079057 46104'}, {'name': 'FINE WEDDING STUDIO', 'address': 'B-32, near Anurag Apartment', 'phone': '085459 14138'}]",,,,,,,,
photo vision lucknow,"Raibareli road, Vrindavan Rd, near Sai Guest House",094533 79118,,,,,,
Camera Angles Production,"Ramanand Market, Sitapur Rd",094157 87903,,,,,,
Karan Makker Studio,"QWQ6+7M3, K-283, Kanpur Rd, near Emerald Mall",095807 06030,,,,,,
AAWAAZ STUDIO,"C2149, Hanuman Mandir Marg",070715 65393,,,,,,
JR photography,Photography studio,089538 99249,,,,,,
Galaxy Studio,"Alambagh Chauraha, near Central Bank",N/A,,,,,,
Hawaijahaj,"2nd floor, 617/new B",N/A,,,,,,
Vijay Studio Pvt.Ltd,"LGF 1 TO 3, New Janpath Complex, Ashok Marg",063900 00639
Lucknow Wedding Studio,Shop 12 Cooperative,073940 19474
Absolute Wedding Studio,"TC 34/V-2, Levana, Cyber Tower, 80J 8th floor",080054 54000
Harsh Photography Lucknow,"478, Kanpur Rd, near Mamta Gass Agency",094150 02714
Click Weds,"Basement, preeti bhawan, near leela cinema",No phone number listed
Weddings Clicker,"1st Floor, Mirza Tower, Love Lane",075053 06003
Ravi Digital Photography -Pre Wedding & Wedding Photographer,"Gate No-3, Sahara Plaza, D-117, near Nova Hospital",094151 58703
New Sahu Digital Studio,"B-24, First Floor, near P & T Colony",099359 88992
Random Clicks Photography,Random Clicks Photography D2 / 46-47,
Random Clicks Photography,D2 / 46-47 Shyama Shiv Square,073174 79556
Glossy Picture Factory,274 Shankarpuri Colony,095066 95760
Flyer Production,"12th Floor, Summit Building",090267 50379
CelebLuk Weddings(Lucknow),Not Provided,099996 02319
NARAYAN DIGITAL STUDIO AND WEDDING PHOTOGRAPHY,LS-2/543,078004 65488
Saavi Photography - Wedding Photographer in Lucknow,"631/176, Universal Palace",Not Provided
Saavi Photography,"631/176, Universal Palace",094150 06118
Shaadinama wedding photography,Banyan Tree School,080054 54000
DJ Photography,1/127,063862 07845
Shivank Jalan Photo Gallery,"Shop No 12, Bhopal House, opposite Sharma Chai",073888 80851
Rajneesh Srivastava Photography,Gomti Nagar Extention Road,070079 85763
Shoot It Creation,"11, Galaxy Apartment, Picnic Spot Rd, near Royal Trade Plaza",091404 22729
Ratan Studio Photography,"Kursi Rd, near Gayatri Mandir",093161 61685
Shor Sharaba Wedding,"Basement, Priti Bhawan, behind Sahu Cinema",085275 06732
R.K.Studio,"Shop No- 31, Nirala Market, Near I.T.Collage Chauraha",099365 28999
MBphotography,"Vrindavan Rd, near petrol pump",073766 33287
EDP STUDIO,C-1544,074080 88889
Two Be Weds,Krishna Tower,093361 84570
DWS Studio,1/334,095591 13395
The Lucknowgrapher,Branch Office: H/N 599/287 bb2 budheswer,not provided
The Lucknowgrapher,H/N 599/287 bb2 budheswer vihar colony,078438 17595
Muto's Studio,D-2/26,099116 68617
Time Freeze Studios - Best Wedding Photographer in Lucknow,"Shitla Prasad Road, Rakabganj kundri near Shastri Nagar, Aishbagh",088818 88227
BLUEFOX CAMERA STUDIOS,Not specified,094154 63402
Weddings by Karma Pixel KRMPIX PRODUCTION PVT. LTD.,Not specified,099352 10000
P.K. Films & Studio,"Shop-S2/48-49, Sivaji Market",070072 49150
On Click Photography & Events,"Narayan Plaza, Sector B, Aliganj, near Engineering College Road",080099 77189
XPRESSIONS PHOTOGRAPHY,Nabiullah Rd,070813 96664
Tiny Memories,"Gomti Greens Emaar Mgf, G6-24, near Police Headquarters",088084 40844
"[{'name': ""Foto's studio"", 'address': '44/28,Ka-Aparna Bhawan, near Sahu Theater', 'phone': '078608 72978'}, {'name': 'Deep Studio', 'address': 'Shop# 1 &2 Ghazi market, Ghazinagar, Mayawati Colony Rd', 'phone': '094522 55557'}, {'name': 'Amit Mahendru Photography', 'address': '6, B, Way Rd, opp. CID Office', 'phone': '093059 09090'}, {'name': 'Perfect capture', 'address': 'E3/753, Sec-H, Aashiyana Chauraha, near DN public school', 'phone': '090441 10001'}]",,
"[{'name': 'HDRI STUDIO', 'address': 'Asha Apartment 2nd Floor Ram Mohan Rai Marg, Gokhale Vihar, Butler Colony', 'phone': '094155 61457'}, {'name': 'The Precious Memories', 'address': '2, 510, near Jaipuriya Institute', 'phone': '075188 37733'}, {'name': 'Picsmania Studio', 'address': 'c 23 forest colony, 17, Rana Pratap Marg', 'phone': '082998 99112'}, {'name': 'PIXKALA', 'address': 'D-2017', 'phone': '081759 15665'}, {'name': 'Mobeen Photography', 'address': 'House Number 460', 'phone': ''}]",,
Mobeen Photography,House Number 460,099116 68876
Amit photo Studio,"Indradeep Complex, G-17, Faizabad Rd",098390 74639
Trend Wedding Company,"Rahim Nagar Khudaan, Dudauli Rd",094555 27540
Theweddingbells,"Thakurganj Chauraha, State Highway 25",088811 30112
Foto Press Lucknow,"2nd Floor, JSV Hyundai Building, CP-53, Engineering College Rd",088811 30112
Nitish Asthana Photography,"Gomtinagar, 4/72",087073 65943
D.K. Studio film,"Shop no.24, LGF Block-B Annapurna Complex, Kanpur - Lucknow Rd, near Nabard Bank",072753 03103
स्वतंत्रता स्टूडियो,,099188 04711
The Memory Makers Photography,Ground Floor JJ5,083182 03727
Priyanka Studio,"Flat no-07, Uday Raj",
Priyanka Studio,"Flat no-07, Uday Raj plaza, Road",094507 64014
Srivastava Films & Studio,"Awadh Shopping Centre, LGF 10, Opp, Jama Masjid Rd",0522 401 6441
Three Pictures Studio,Hera Plaza,099363 01541
PR Modern Studio: Capturing Memories,"442/450A, Chowk",097935 37111
Makker Studio,"Terhi Pulia, Kanpur Rd",not provided
"[{'name': 'FotoFiesta', 'address': 'E-79, Raibareilly Road, near Millennium School', 'phone': '072919 75229'}, {'name': 'Lucknow wedding photographers', 'address': '5bd, 176, Vrindavan Colony Rd', 'phone': ''}, {'name': 'Akku Photography', 'address': '169D Rest Camp', 'phone': '098076 38190'}, {'name': 'WeBrozz', 'address': '204, Shakti Palace, Avadh vihar Colony, Malhaur, st. road', 'phone': '080819 09487'}, {'name': 'Wedding Fotografia', 'address': 'GF - C 41, near Fun Republic Mall', 'phone': '070070'}]",,
"[{'name': 'Stilkraft Photography', 'address': 'MIG A-4', 'phone': '073767 61003'}, {'name': 'Husain Studio', 'address': 'Gopala Apartment, A-203, Ramtirth Marg', 'phone': '094509 60005'}, {'name': 'Flash N Click by Galaxy & Mudit', 'address': ""Seth's Mansion, A-1300, Kanpur Rd"", 'phone': '098392 22007'}, {'name': 'Lucknow Wedding Photography', 'address': 'near एसबीआई बैंक', 'phone': '099567 47302'}, {'name': 'WEDDINGWOOD', 'address': 'unspecified', 'phone': 'unspecified'}]",,
WEDDINGWOOD,"Park road, AA complex, 2nd floor",095655 08888
Prashiva Photography,"268/623, Aishbagh Rd",
Amit Films,"Shiva Chambers, 7, Capper Rd",093055 21911
Pratibimbh by RG,486\27,
D Lens Photography,1/398 A,096530 52257
Picture Perfect Studio,Sec -14 near Bank of Baroda,079057 46104
FINE WEDDING STUDIO,"B-32, near Anurag Apartment",
FINE WEDDING STUDIO,"B-32, near Anurag Apartment",085459 14138
photo vision lucknow,"Raibareli road, Vrindavan Rd, near Sai Guest House",094533 79118
Camera Angles Production,"Ramanand Market, Sitapur Rd",094157 87903
Karan Makker Studio,"QWQ6+7M3, K-283, Kanpur Rd, near Emerald Mall",095807 06030
AAWAAZ STUDIO,"C2149, Hanuman Mandir Marg",070715 65393
Himanshu Dixit Photography,"Metro Station, near Munshi Pulia",082991 78255
Ajayraj Productions,"Lavanya Studio, Crossing",073984 13465
THE TIME MACHINE FILMS,Best Wedding Photographer in Lucknow,093058 58218
JR photography,Photography studio,089538 99249
Galaxy Studio,"Alambagh Chauraha, near Central Bank",Unknown
Hawaijahaj,"2nd floor, 617/new B",Unknown
"[{'name': 'Prabhakar Studio', 'address': 'H . O A11/1, siddhart house, LDA Road, behind balaji complex, Krishna Nagar kanpur road', 'phone': '093352 10300'}, {'name': 'Kd photography', 'address': 'Shop no.7, vihar, Kanhaiya Kunj Complex', 'phone': '097939 96391'}, {'name': 'Ananta Memories - Best Pre Wedding Photographer in Gomti Nagar Lucknow', 'address': '1, 124, Lohia Park Rd', 'phone': '079053 00847'}, {'name': 'Shubh Wedding Films', 'address': 'The Woods Apartment', 'phone': '076518 90550'}]",,
Stories By Ajay Singh,60 Feet Rd,087370 61349
Akriti Digital Photo Studio,"Sho no. 24, Eldeco Highway Plaza, Utrathia, Raibareli Rd",093350 97053
Rohi Photography lko,"Shop No 07, near Phoenix United Mall",090444 47714
RB Wedding Films,"Shop No LG 12, Square One Plaza",070079 04182
The Royal Productions,,
The Royal Productions,"Chandralok, C-25, Aliganj, Alkapuri tiraha, Lucknow",080099 09901
Kumar Photography Studio,"449/2, Nagaria, near Thakurganj",082991 64511
Close-up-studio,"Opposite Manas Complex, Charche Road, Aliganj, Aliganj, near Petrolpump",
Foto Kheech,"155 2, SBI Rd",090442 50829
Friends Studio,"Shop No. 16, Friends Market B-Block Chauraha, opp. Sai Mandir",080044 33260
Saurabh Photo Studio,"Picup Bhawan Rd, near RAM MANOHAR LOHIYA HOSPITAL",093053 39821
Gomti Studio,,094150 18387
The Artist Photography,,079054 46316
Dream Wedding Photography Studio,,
The Wedding Weds,"31, Avadh Plaza, Chauraha",
"[{'name': 'Fotoshoot - Best Wedding Photographer / Pre / Post Wedding / Portfolio / Best Photographer In Lucknow', 'address': '24/339, 24', 'phone': '094155 97493'}, {'name': 'Sachdeva Studio', 'address': 'Alambagh Crossing', 'phone': '094155 49885'}, {'name': 'Lucknow Wedding Photography', 'address': '548cha/257 surya nagar manak nagar rdso gurudwara', 'phone': ''}, {'name': 'The Creative Durbar', 'address': 'A-781', 'phone': '083180 68776'}]",,
Ashish gaurav photography,14/51/11,072758 83354
The Mandap Diary - Best Wedding planner in Lucknow | Event planner in Lucknow | Corporate event planner in Lucknow,"Plot No. 3, Milenia Regency, Matiyari Chauraha, Faizabad Rd",096515 59555
New Aman Studio,Shop no A7,070713 17064
