Results Click Weds,"Basement, preeti bhawan, near leela cinema",084679 88926,,,,,
P.K. Films & Studio,"Shop-S2/48-49, Sivaji,Market",070072 49150,,,,,
Tales in Frame,"1st Floor, In building of Fusion Fitness Gym, Its, near Kendriya Bhawan",089573 21852,,,,,
Fountain Events,"10th Floor, Wing A, Summit Building",095111 18936,,,,,
Mani Sharma Photografy,"Bharat Apartment, Plot No 31",096505 34395,,,,,
"[{'name': 'Photo Portray', 'address': 'no. 17, H-66, Street', 'phone': '098735 90199'}, {'name': 'Dipak Studios', 'address': 'B-14 First Floor, Lala Lajpat Rai Rd, near Lajpat Nagar Metro Station', 'phone': '085272 74260'}, {'name': 'WEDDING FEVER FILMS', 'address': 'FIRST FLOOR, A-72, Hansraj Sethi Marg', 'phone': '098911 77384'}, {'name': 'SL Art Production | Top Candid Wedding Photographer In Delhi NCR', 'address': 'C5- 3rd Floor, D-Mall', 'phone': '099995 99243'}]",,,,,,,
Wedding Point Photography,"VISHAL MARKET, POLICE STATION, A-20, near RAJOURI GARDEN",099680 28003,,,,,
Wedpro Photography,"Shop No, A2/128, Prateek Apartments, opp. CA Apartments",078348 83359,,,,,
The Wedding Book,"2, JP7, Gopal Mandir Road, Pitampura, Delhi - 110034",099999 66676,,,,,
Portfolio Studio,"A-1/28, Janak Puri, 627, Shivaji Marg, opp. Metro Pillar No",098710 10110,,,,,
First Frame Studio,"N Block, N-5, Basement",098999 88614,,,,,
Intown Photography,"472, 11, Gali Number 2",098887 47534,,,,,
"[{'name': 'Lenseyezia Productions', 'address': 'Block B, A-86 Inderpuri', 'phone': '083758 55616'}, {'name': 'Rolling Arcs- Rollingarcs Best Candid Wedding Photographer', 'address': 'H1/11, Best Candid Wedding Photographer in Delhi', 'phone': '099107 47779'}, {'name': '7 Vows Production', 'address': '65, Chowk', 'phone': '082870 00008'}]",,,,,,,
U.D.Photography,"F/B - 250, Lajpat Nagar, near Ambay Hospital",093113 55669,,,,,
Foreverbond Wedding Studios,"Office No. - 205, MP Mall",098111 20069,,,,,
High click production,"30 House Number 198, near God Grace Banquet",092503 70360,,,,,
Kumar Movies & Photography,"45 & 49, behind SN Depot",099997 17279,,,,,
"[{'name': 'Studio Vision Photography', 'address': 'Plot no. 144, First floor', 'phone': '087458 30830'}, {'name': 'Gauri Studio (Wedding Photography)', 'address': 'Shop No. 7, Rajan House, H-Block Market, Ashok Vihar Phase 1 Rd', 'phone': '098718 17755'}, {'name': 'MAK IMAGES - BEST WEDDING PHOTOGRAPHY IN DELHI', 'address': '204, Aggarwal City Mall', 'phone': '087007 04693'}]",,,,,,,
Wedding Tulips,189,098111 39918,,,,,
Minakshi Studio,66,082870 00008,,,,,
"[{'name': 'Delhi Films', 'address': 'G-9 Second Floor, Vikas Marg', 'phone': '091303 23456'}, {'name': 'Lalit Kumar Films (Wedding Photography, Pre-Wedding Photography)', 'address': 'Near HDFC Bank, Amar Colony', 'phone': ''}, {'name': 'PhotoTantra', 'address': 'A105 Ground Floor', 'phone': '011 4552 7175'}, {'name': 'Jalaj Dhall Films - Luxury Wedding Photographers/Cinematographers in Delhi', 'address': '7/100', 'phone': '079827 02801'}]",,,,,,,
Studio Vijay,"47/2, Masjid Rd",098993 93357,,,,,
Wedding X Studios,"A-510, West, near State Bank of India",Not provided,,,,,
Sumit Chopra Photography,"PD-15-A, near ND Market",098111 42003,,,,,
Picfiniti Studios,"Vardhman Fortune Mall, G-69, near Gujranwala Town",099710 05335,,,,,
TrioBliss Photography,"Second Floor, F-8",093108 02019,,,,,
"[{'name': 'WeddingLens', 'address': 'B590 Ground Floor, near Deep Chand Bandhu Hospital', 'phone': '082876 61515'}, {'name': 'Studio Creative Art', 'address': 'Pocket B-9/68 Near Ramlila Ground', 'phone': '092114 85430'}, {'name': 'Kush Sharma Photography', 'address': 'I-2/4', 'phone': '093540 65122'}, {'name': 'Vows & Tales', 'address': '', 'phone': '083830 84989'}, {'name': 'Weddings By Kt Productions', 'address': 'A3/97, near Vishram chowk', 'phone': '072890 79054'}]",,,,,,,
Chakshu Photography & Films,"Wz - 4/183 Mukharjee Park, Vishnu Garden Subhash Nagar, New Delhi 110087 Vishnu Garden Subhash Nagar, New Delhi 110087",082875 62808,,,,,
Ananta Memories,"Basement, preeti bhawan, near leela cinema",084679 88926,,,,,
Lucknow wedding photographers,"5bd, 176, Vrindavan Colony Rd",No phone number provided,,,,,
Fountain Events,Lucknow,Not provided,,,,,
Happy wedding photography,A-64,098103 49614,,,,,
Wedding Photo Planet,"D-14,(Old No.12-A",No phone number provided,,,,,
Wedpro Photography,"Shop No, A2,/128, Prateek Apartments, opp. CA Apartments",078348 83359,,,,,
Event wedding photography (EWP),"2 - Shakti kiran building , first floor , Shakti Nagar chowk, 7",099118 81668,,,,,
Portfolio Studio,"A-1/28, Janak Puri, 627, Shivaji Marg, opp. Metro Pillar No",9871010110,,,,,
"[{'name': 'Wedding Twinkles', 'address': 'HOUSE NOS 141', 'phone': '098105 52122'}, {'name': 'Images Partner', 'address': 'N.D-110003, 1799, D-57', 'phone': '070427 75060'}, {'name': 'First Frame Studio', 'address': 'N Block, N-5, Basement', 'phone': '098999 88614'}, {'name': 'Last Cut Production', 'address': '#91C', 'phone': '098887 47534'}, {'name': 'Intown Photography', 'address': '472', 'phone': 'not available'}]",,,,,,,
Intown Photography,"472, 11, Gali Number 2",N/A,,,,,
The Photo Junction,"A-5, Main, Shohan Lal Marg, Suraj Kund Rd",097185 10001,,,,,
Studio Photo Vision,"CSC 10, Shop no. 23, DDA Market Sector 3",098110 98155,,,,,
MakSiff Studio,H76P+V74,098127 17449,,,,,
MAK IMAGES - BEST WEDDING PHOTOGRAPHY IN DELHI,"204, Aggarwal City Mall",087007 04693,,,,,
Euphoria Films - Premium Wedding Photography (Delhi Branch),J-5/101A,096670 51991,,,,,
Weddingimage,13/175-B,079825 95830,,,,,
"[{'name': 'Delhi Films', 'address': 'G-9 Second Floor, Vikas Marg', 'phone': '091303 23456'}, {'name': 'Lalit Kumar Films (Wedding Photography, Pre-Wedding Photography)', 'address': 'Near HDFC Bank, Amar Colony', 'phone': 'Not provided'}, {'name': 'PhotoTantra', 'address': 'A105 Ground Floor', 'phone': '011 4552 7175'}, {'name': 'Jalaj Dhall Films - Luxury Wedding Photographers/Cinematographers in Delhi', 'address': '7/100', 'phone': '079827 02801'}, {'name': 'Studio Vijay', 'address': '47/2, Masjid Rd', 'phone': 'Not provided'}]",,,,,,,
Studio Vijay,"47/2, Masjid Rd",9899393357,,,,,
State Bank of India,"201, Laxmi Tower, Main Mkt",098186 10861,,,,,
Life Moments Productions,"3360, opp. Union Bank Of India",098998 90898,,,,,
Wedding Glue - Best Wedding Photographer in Delhi,32,088608 52587,,,,,
"['TrioBliss Photography', 'Emotiongraphers', 'Hashtag Affairs', 'Naman Photography| Wedding Photography| Pre Wedding Shoot| Social Media Photography', 'WeddingLens']","['Second Floor, F-8', 'U & V Block', '51B( Basement, 80, Malviya Nagar Road, near H block', 'D, 85 restaurant, 6/264, Sector 6 Rd', 'B590 Ground Floor, near Deep Chand Bandhu Hospital']","['09310802019', '08368812595', '08527272125', '07827254318', '082876']",,,,,
Twogether Studios,"1st Floor, 9, M-11",072890 79054,,,,,
"[{'name': 'Twogether Studios', 'address': '1st Floor, 9, M-11', 'phone': '098101 65810'}, {'name': 'Chakshu Photography & Films', 'address': 'Wz - 4/183 Mukharjee Park, Vishnu Garden Subhash Nagar, New Delhi 110087', 'phone': '082875 62808'}, {'name': 'raj foto studio', 'address': '228', 'phone': '092127 10864'}]",,,,,,,
Tales in Frame -- Best Wedding Photographer in Lucknow,"1st Floor, In building of Fusion Fitness Gym, Its, near Kendriya Bhawan",089573 21852,,,,,
Upasna Studio Photography,Plot No. A.42 Shop No. 02,95601,,,,,
"[{'name': 'Wedpro Photography', 'address': 'Shop No, A2,/128, Prateek Apartments, opp. CA Apartments', 'phone': '078348 83359'}, {'name': 'Wedding Saga India', 'address': '7/19, Landmark BSES OFFICE, Masjid Rd', 'phone': '093550 27974'}, {'name': 'CelebLuk Weddings - Delhi', 'address': '', 'phone': '0487 348 3670'}, {'name': 'ClickBySam Studio', 'address': 'ClickbySam studio Office No.B-14, 252 nazar singh palace', 'phone': '099996 65699'}]",,,,,,,
Shri Krishna Photography,"KIMTI LAL & SONS JEWELLERS, 10/26",098730 05671,,,,,
Images Partner - Best Wedding Photography | Best Pre Wedding Photography,"N.D-110003, 1799, D-57",070427 75060,,,,,
Neeru Studio by Sandeep Shokeen,"Best Wedding Photographers, Candid Photographers, Pre Wedding Photographer",092929 20505,,,,,
7 Vows Production,"65, Chowk",082870 00008,,,,,
Shaadi Mubarak Officials,"ews5807 Dlf, Dlf Capital Greens, West Open",099103 58331,,,,,
Sumit Studio,"H, 4, 1",098911 57232,,,,,
Studio Vision Photography,"Plot no. 144, First floor",087458 30830,,,,,
"[{'name': 'Photodote - Wedding Photography', 'address': '372 SFS', 'phone': '098111 87887'}, {'name': 'Euphoria Films - Premium Wedding Photography ( Delhi Branch )', 'address': 'J-5/101A', 'phone': '096670 51991'}, {'name': 'Snapsoul', 'address': 'Z-2, Sainik Farms, Club Rd', 'phone': '097186 08379'}, {'name': 'Sona Sachdeva Photography', 'phone': '088003 38808'}]",,,,,,,
Wedding Photographer Gurpreet,"1728, Ground floor",088026 12201,,,,,
Minakshi Studio,"66, Delhi",082870 00008,,,,,
AN Wedding X Studios,"A-510, West, near State Bank of India",099999 95830,,,,,
Snapture Studios,"A-708 Sector-2, Rohini",099716 40884,,,,,
Wedding Glue,Not specified in the given text,Not specified in the given text,,,,,
"[{'name': 'Wedding Glue', 'address': 'Delhi', 'phone': '088608 52587'}, {'name': 'TrioBliss Photography', 'address': 'Second Floor, F-8', 'phone': '093108 02019'}, {'name': 'Emotiongraphers', 'address': 'U & V Block', 'phone': '083688 12595'}, {'name': 'Hashtag Affairs', 'address': '51B( Basement, 80, Malviya Nagar Road, near H block', 'phone': '085272 72125'}, {'name': 'Naman Photography', 'address': 'D, 85 restaurant, 6/264, Sector 6 Rd', 'phone': 'Unavailable'}]",,,,,,,
WeddingLens,"B590 Ground Floor, near Deep Chand Bandhu Hospital",082876 61515,,,,,
Weddings By Kt Productions,"A3/97, near Vishram chowk",072890 79054,,,,,
"[{'name': 'Witty Shadows', 'address': ""F-8, Kalkaji Main Rd, above Nirula's"", 'phone': '093153 96662'}, {'name': 'WEDDING FEVER FILMS', 'address': 'FIRST FLOOR, A-72, Hansraj Sethi Marg', 'phone': '098911 77384'}, {'name': 'Niladri Photography', 'address': 'C-114, C Block , Kalkaji Near Gate no 4 Nehru Enclave Metro Station', 'phone': '083779 96954'}, {'name': 'ClickBySam Studio', 'address': 'ClickbySam studio Office No.B-14, 252 nazar singh palace', 'phone': '099996 65699'}, {'name': 'Happy wedding photography', 'address': 'A-64', 'phone': '098103 49614'}]",,,,,,,
Ckstudio Ltd.,"Old kirshna tample, Near Hanuman Tample, 1666/01",087002 58773,,,,,
VivekkVikas Photography - Anjalis Studio,"905, CHIRANJIV TOWER, 43",083838 70407,,,,,
JUST CLICK PHOTOGRAPHY,"LG 25, in front of Sai Baba Mandir",Not available,,,,,
PhotoNest,"L, 66",Not available,,,,,
Bhavi Media,"157-A1, 5th Floor, Street No. 2, Govind Puri",095822 18821,,,,,
KK SNAP PHOTOGRAPHY,"C, 35C, Gangotri Enclave Rd",088005 04569,,,,,
PAUL COLOR LAB & STUDIO,"F-14, MAIN ROAD, MARKET, opposite KHIDMAT RESTAURANT, near DESHBANDHU",099107 47779,,,,,
STUDIO 4.4 (204),"F-14, MAIN ROAD, MARKET, opposite KHIDMAT RESTAURANT, near DESHBANDHU COLLEGE",098110 82158,,,,,
N.K Photography Solution,"RZ-2952, Street Number 33",097111 80017,,,,,
Impreso Wedding Photography,"2nd Floor, 1, Pocket, 1",N/A,,,,,
PhotoTantra,A105 Ground Floor,011 4552 7175,,,,,
"{'name': 'PhotoHub', 'address': 'HOUSE NO.- 40 FLAT NO.- 6', 'phone': '095551 31136'}",,,,,,,
Harish Verma - Video Production Services,"157, A, 2nd Floor",N/A,,,,,
Azuri India,G 1293 LGF Basement Chittaranjanpark,096543 67256,,,,,
Rose Studio,H-17 416,096509 62206,,,,,
Yatish Photography,"549 Pocket, 40/203",088840 41000,,,,,
Go Commerce Production,Kalkaji Main Rd,095603 65687,,,,,
Wed Me Wow by Amit Puri,"B3, 94, adjacent to neelam cinema, near Neelam Chowk",Not Provided,,,,,
Kepturolic Production,"C1/7, Lal Mandir Rd",098180 38038,,,,,
Witty Shadows,"F-8, Kalkaji Main Rd, above Nirula's",093153 96662,,,,,
Sumita's Photography,"Plot No. 85, Block, C, Sohna Rd",099716 66232,,,,,
Rolling Arcs,"H1/11, Best Candid Wedding Photographer in Delhi",099107 47779,,,,,
"[{'name': 'EventGraphia', 'address': '191 P, Lower Ground Floor, near Unicosmos School', 'phone': '098993 12999'}, {'name': 'Banjara Studios', 'address': 'First Floor, N- 14/29 B, N -14, DLF City – 2', 'phone': '084474 96878'}, {'name': 'Dream studios Photography & Gift gallery', 'address': 'Shiv Mandir Rd', 'phone': '087299 36877'}, {'name': 'VsnapU Photography - Wedding Photographers in Gurgaon', 'address': '2016', 'phone': '076172 52525'}, {'name': 'I DONT SAY CHEESE', 'address': '1031', 'phone': '098999 81119'}]",,,,,,,
Hm wedding production(PHOTO STUDIO),"shop no 71, 72, Huda Market Road",095993 76047,,,,,
Just Click Photography,"UG 15, Hong Kong Bazaar",098919 21933,,,,,
Babal Productions,"H-7, 8",088822 27882,,,,,
Studio Pearl Photography,"Pearl Weddings & Entertainment, M4",099990 10133,,,,,
Umbrella Clicks,Not provided,095555 47779,,,,,
RS PHOTO STUDIO,"703, Chakkarpur Road, behind Sahara Mall",098105 28217,,,,,
Meghna Rathore Photography,"8 Bajghera Road, Underpass, near Railway Line",088262 76089,,,,,
TUSHAR BATRA FILMS,"Golf Course Road, Sector 28, Building no 84, 2nd Floor Near DLF Phase 1 Rapid Metro Station",070174 22011,,,,,
SNAPSHOT PHOTO STUDIO,market,098107 38273,,,,,
Dynamic Digital Studio & Photo Frames,"SCO 29, First Floor Sector 10 A Market, near Om Sweets & Snacks",098716 26669,,,,,
Click Studio ( Wedding Photographer In Gurgaon ),"SCO- 107, Market, Haldiram Lane",098218 66130,,,,,
Life Style Photography,"UGF 8, AVA Court, opp. Park Hospital Road",095993 11717,,,,,
Park Hospital,Segment 17: Park Hospital Road,095993 11717,,,,,
Subhash Movies Digital Studio,"shop no. 06, opp. ashirwad garden, near Geeta Bhawan Mandir",099113 89260,,,,,
Shubham Digital Color Lab & Studio,"Old Railway Rd, near State Bank of India",098119 25199,,,,,
Hand In Hand Films,"Nill, 66- b",078389 97237,,,,,
Raj Rajeshwar Digital Colour Lab & Studio,"Naya Bazar Road, opposite Zevar Mahal",098102 35273,,,,,
"[{'name': 'Frame-n-Fame photography', 'address': 'Fifth floor, Vipul Trade Center, Badshahpur Sohna Rd Hwy', 'phone': '092895 60292'}, {'name': 'Sharma photo studio', 'address': 'Oppsite Daultabad Fly Over, Old Railway Rd, near Apna Enclave', 'phone': '099909 20707'}, {'name': 'MJ Arts and Photography', 'address': '360/7, Old Railway Rd', 'phone': '080763 80192'}, {'name': 'Happy Frame Studios - Wedding Photography & Portfolio Specialist', 'address': 'Plot No. 23, Sector 18 Maruti, Industrial Development Area, Sector 18', 'phone': ''}, {'name': 'All Side Perspective', 'address': 'C-1710', 'phone': ''}]",,,,,,,
Weddings Knots,"1st floor, 5H-1, Dada Jungi House Ln",076783 54037,,,,,
Light Chamber - Wedding Photography & Films,M3M Cosmopolitan,No phone number provided,,,,,
Vikram Kher Photography,"Park View City 1, Badshahpur Sohna Rd Hwy",099100 90975,,,,,
Unicorn Studios,"Plot No.795, Second Floor Sector 31",063501 41690,,,,,
Rudransh Perfect Photography,"LG-15, Krishna Palace, Old Railway Rd, near Sadar Bazar",087009 23800,,,,,
Moments Photography,"3rd Floor, Ambience Mall, next to Nando's, near Haldirams",099104 15711,,,,,
Twogether Studios,"1st Floor, Mall, near Nando's, near Haldirams, Mehrauli-Gurgaon Rd",099104 15711,,,,,
Twogether Studios,"1st Floor, 9, M-11",098101 65810,,,,,
ShutterDown Photograhy and Films,"1st Floor, 9, M-11",098101 65810,,,,,
Elegant Photos studio,"Vyapar Sadan, SCO -73, Mehrauli-Gurgaon Rd",087990 05005,,,,,
The Wedding Conteurs,"Segment 6: SCO -73, Mehrauli-Gurgaon Rd",087990 05005,,,,,
The Wedding Conteurs,"210, DLF, QUTUB PLAZA",098100 12198,,,,,
,"Plot No. 85, Block, C, Sohna Rd",,Sumita's Photography,099716 66232,,,
Rolling Arcs- Rollingarcs Best Candid Wedding Photographer,"H1/11, Best Candid Wedding Photographer in Delhi, 11",099107 47779,,,,,
Deepak Studio Wedding Photography,above study by janak,099585 54260,,,,,
Pixels Photography and Events,"WeWork, DLF Forum Cybercity",072176 46852,,,,,
Nitin Arora Photography,"6402, Basement, Iris Avenue",079825 05131,,,,,
Banjara Studios,"191 P, Lower Ground Floor, near Unicosmos School",098993 12999,,,,,
Banjara Studios,"First Floor, N- 14/29 B, N -14, DLF City – 2",084474 96878,,,,,
Dream studios Photography & Gift gallery,Shiv Mandir Rd,087299 36877,,,,,
VsnapU Photography,Shiv Mandir Rd,076172 52525,,,,,
"[{'name': 'I DONT SAY CHEESE', 'address': '1031', 'phone': '098999 81119'}, {'name': 'eye of Turtle', 'address': '', 'phone': ''}]",,,,,,,
Wedding Shoot Photographers,Segment 18,088002 29430,,,,,
Wedding Shoot Photographers,"Shop no, 14, Palam Vihar Rd",087006 09950,,,,,
Canvera Wedding Photographers,"Unit no 702,7th Floor,Golf course road Sector 56, Land mark 55,56 Rapid metro station",098115 46320,,,,,
Vogueshaire,"Tower B3, Spaze",N/A,,,,,
Vogueshaire,"Tower B3, Spaze i-Tech Park, 432 - 433",099103 36808,,,,,
Prateek Studio (Yash Pahuja Photography),"Lane No. 2, Gurgaon",098180 48771,,,,,
Just Click Photography,"H.no, 1044P, D block",084480 64616,,,,,
Hong Kong Bazaar,"UG 15, Hong Kong Bazaar",098919 21933,,,,,
Pooja Studio,"Old Railway Rd, near Raj Mahal Hotel, opp. HDFC Bank",099711 44446,,,,,
Fotobar,1276 (Basement),099584 90943,,,,,
Weddigrams,"1276, basement",099584 90943,,,,,
Prism Lens Photography,1389,088822 27882,,,,,
,"H-7, 8",,Prism Lens Photography,088822 27882,,,
WEDDING COLORS BEST WEDDING PHOTOGRAPHER,A101 Above SBI Bank,099993 08143,,,,,
Memento of Shades Photography,"D-1504, SHREE VARDHMAN VICTORIA",097163 85711,,,,,
TheWeddingShoots,"20, H-33 Rd",098217 78125,,,,,
LG,"20, H-33 Rd",098217 78125,,,,,
Karan Sidhu Photography,"20, H-33 Rd",088601 32777,,,,,
Umbrella Clicks,"Plot No, 2015",098110 98155,,,,,
Kunal Gupta Photography,"Plot No, 2015",095555 47779,,,,,
Hims Production,Good Earth City Center,Not Available,,,,,
Hims Production,Good Earth City Center,096509 88373,,,,,
RS PHOTO STUDIO,"703, Chakkarpur Road, behind",099100 40305,,,,,
,"Shop No - 99 & 100, Huda Market",,Pixel Snaps Studio,098715 83016,,,
Bindal Studio,"F-1, Baani Square, Sector 50, near Hilton Hotel",085058 80888,,,,,
Shadow Captures Studio,"Gali no.6, near Berlin Motors",085058 80888,,,,,
SGG Photography Studio,"Gali no.6, near Berlin Motors, Gurugram",096502 74510,,,,,
Raj Rajeshwar Digital Colour Lab & Studio,"Shop No. 207, Huda Market, near om sweets opp axis bank, Sector 31",098102 35273,,,,,
axis bank,Sector 31,098102 35273,,,,,
Believe Collective by Ujjwal Vanvari,Sector 21A,098115 21277,,,,,
SandyFlicks photography,1st Floor,Not provided,,,,,
SandyFlicks photography,"1st Floor, Ashoka Complex, 122003",093155 60555,,,,,
"['Segment 55', 'Weddings by Contrasto', 'Farazdak Studio']","['1st Floor, Ashoka Complex, 122003', '', 'A189 GF']","['093155 60555', '086308 90227', '']",,,,,
Farazdak Studio,A189 GF,083183 87396,,,,,
SNAPSHOT PHOTO STUDIO,Segment 57: Photographer · A189 GF,083183 87396,,,,,
Knot Just Frames,"Southend Floors C-7, Ground Floor, Sosohna Rd",099100 61939,,,,,
Natraj Studio,"Shop No. 218/228, South Point Mall, Golf Course Rd",092131 15454,,,,,
Dynamic Digital Studio & Photo Frames,"206, Q-1 Block, S City Rd",093197 44406,,,,,
Om Sweets & Snacks,"W-1C-21, WELLINGTON ESTATE",098716 26669,,,,,
R digital studio,"UG 02-03, Ganga Complex Market",099580 54444,,,,,
ShaadiWish,"C-543, Basement",098218 66130,,,,,
ShaadiWish,"C-543, Basement",098127 17449,,,,,
Camotions by Shashank Priyadarshi,D/108 FF,096432 17563,,,,,
SVS Creations,"Ansal API Palam Corporate Plaza, UG-216, Tower-B",088829 53303,,,,,
API Palam Corporate Plaza,"UG-216, Tower-B",8882953303,,,,,
The Wedding Files,C1/2831,099999 37544,,,,,
,415 basement,075600 08899,Misty Visuals,,,,
,SCO 147,,"Ritzz baby, maternity & newborn photography",092890 11402,,,
CandidShutters,"F5, 5, GF, VATIKA INDIA NEXT",080804 70280,,,,,
Voila Studio,"SF 707-708, 7th Floor, JMD MEGAPOLIS, Badshahpur Sohna Rd Hwy",084472 41706,,,,,
Betterhalf Private Limited,"Unit 1007-08A, WellDone TechPark, Badshahpur Sohna Rd Hwy",098105 54548,,,,,
Betterhalf Private Limited (Weddings by Betterhalf),"1st Floor, Unitech Trade Center",098105 54548,,,,,
Subhash Movies Digital Studio,"1st Floor, Unitech Trade Center",099999 95412,,,,,
mTPHOTOGRAPHY by TRIBHUVAN SETHI,"EMAAR MGF THE PALM DRIVE, B Tower 502",099900 00189,,,,,
The Memories Photo Studio,"Old Railway Rd, near State Bank of India",098119 25199,,,,,
The Memories Photo Studio,"Shop no. 121 Ground Floor, Style Plaza, near Relience Smart",092504 08088,,,,,
Pankaj Digital Studio,205/4,096506 44369,,,,,
Akash Digital,"Krishna Palace, Sohna Chowk, L-5, near",098115 35491,,,,,
Pankaj Digital Studio,205/4,098115 35491,,,,,
Fotuwalle by DHP Labs,"833, Sector 5 Rd",097116 26281,,,,,
Shashank Priyadarshi Photography,"2,SF,K2",096432 17563,,,,,
Raj Rajeshwar Digital Colour Lab & Studio,"Flyover, near Basai",099054 25204,,,,,
Sunil Deepak Photography,D-11,098108 08583,,,,,
Frame-n-Fame photography,"Fifth floor, Vipul Trade Center, Badshahpur Sohna Rd Hwy",092895 60292,,,,,
Vipul Trade Center,Badshahpur Sohna Rd Hwy,092895 60292,,,,,
MJ Arts and Photography,"360/7, Old Railway Rd",080763 80192,,,,,
Happy Frame Studios,"Plot No. 23, Sector 18 Maruti, Industrial Development Area, Sector 18",080763 80192,,,,,
Parth Garg photography,"Segment 95: 23, Sector 18 Maruti, Industrial Development Area, Sector 18",7721,,,,,
Parth Garg photography,7721,099269 19299,,,,,
MomentsKart,Not provided in the text,Not provided in the text,,,,,
Bosco's Productions,Infinity Tower,N/A,,,,,
Weddings Knots,"1st floor, Infinity Tower",N/A,,,,,
Weddings Knots,"1st floor, 5H-1, Dada Jungi House Ln",7678354037,,,,,
The Newly Weds Studios,"Huda City Centre, Sushant Shopping Arcade, F-39, Road",084476 22458,,,,,
Light Chamber - Wedding Photography & Films,M3M Cosmopolitan,Not available,,,,,
& Films,M3M Cosmopolitan,,,,,,
Segment 104,"808, 8th floor, M3M cosmopolitan",N/A,,,,,
Beginnings For You,"B3, Uniworld Gardens 2 Rd",078350 05005,,,,,
Simran Photography,"B3, Uniworld Gardens 2 Rd, Gurugram",980 088400 55234,,,,,
Wedding Photographer Gurugram,"Ground Floor, D/107",980 088400 55234,,,,,
A2MK Photography,Gali No.,097189 11287,,,,,
HAPPY WEDDING STUDIO,Palam Vyapar Kendra,097189 11287,,,,,
Candid Capture,"Segment 110: 01, opposite BSF Camp",089300 96668,,,,,
Pik Focus Production,"Park View City 1, Badshahpur Sohna Rd Hwy",099100 90975,,,,,
Unicorn Studios,"Plot No.795, City 1, Badshahpur Sohna Rd Hwy",Not provided,,,,,
,"Plot No.795, Second Floor Sector 31",063501 41690,Unicorn Studios,,,,
Oye Shaadi | The Band Company,"19th, DLF Building No. 5 Tower C",063501 41690,,,,,
NEXT LEVEL,"557/9, Circular Rd, near Gauba Ki Kothi",081465 92922,,,,,
,GS 72,,Mavrick Productions,Not available,,,
,"I-031, The",,THE PHOTOROOSTERS PRODUCTIONS,087009 23800,,,
THE PHOTOROOSTERS PRODUCTIONS,"I-031, The Westerlies Rd",N/A,,,,,
PHOTOROOSTERS PRODUCTIONS,"I-031, The Westerlies Rd",0124 430 7835,,,,,
First Frame Studio,"First Floor, FIEE Complex, A-19",088821 89049,,,,,
Dipak Studios,"LG 25, in front of Sai Baba Mandir",070117 82246,,,,,
Dipak Studios,"B-14 First Floor, Lala Lajpat Rai Rd, near Lajpat Nagar Metro Station",085272 74260,,,,,
Upasna Studio Photography,Plot No. A.42 Shop No. 02,095601 14449,,,,,
The Wedding Focus,A101 Above SBI Bank,9999308143,,,,,
The Wedding Focus,"106, 9A/1, Vishnu Mandir Marg",093106 55576,,,,,
CelebLuk Weddings,"9A/1, Vishnu Mandir Marg, Delhi",0487 348 3670,,,,,
Photo Portray,"no. 17, H-66, Street",098735 90199,,,,,
Last Cut Production,"no. 17, H-66, Street",098887 47534,,,,,
Segment 12,"Marg, Suraj Kund Rd",097185 10001,,,,,
Images Partner - Best Wedding Photography | Best Pre Wedding Photography,"Segment 13: Enclave - 1, L G Floor, N.D-110003, 1799, D-57",070427 75060,,,,,
Clickbysam photography,"B-188 / 189, Deoli Rd",098186 27074,,,,,
Asw photography,"B-188 / 189, Deoli Rd",098186 27074,,,,,
Studio Photolius,"No 122, Plot no 1, kh, 2",096549 11453,,,,,
The Wedding Shooters,"T-31, Okhla Phase-2",099900 07459,,,,,
Diwan Photocreations,2nd Floor,N/A,,,,,
Diwan Photocreations,"2nd Floor, Carnoustie Tower, Plot 1, Film City, Sector 16A",096439 33646,,,,,
Ringing Bells Production,"17/110, National Park Rd",097178 94006,,,,,
The Wed Makers,"Segment 25: 17/110, National Park Rd",083778 68063,,,,,
Candid Shooters Studio,"Basement H, 3, Block H Lajpat Nagar 2 Rd",098718 49518,,,,,
,,,Candid Shooters Studio,"K 324 B, Gali No. 6A, Saket Rd",9971474505,,
MakSiff Studio,"Segment 28: Ph - 997I, 474505 K 324 B, Gali No. 6A, Saket Rd",Not provided in the given text,,,,,
Vishal Thakwani Photography,"Nagar Jaitpur, I 7, Gali No. 18",No phone number provided,,,,,
RG PRODUCTIONS,"F7 M50, M7",072176 78078,,,,,
Infinite Memories,"F7 M50, M7",072176 78078,,,,,
Wedding Twinkles - Wedding Photographer Delhi,HOUSE NOS 141,098105 52122,,,,,
Click Studio Photography & Films,"32/16-A, Block H Sri Niwaspuri, Market, near Lajpat Nagar",096257 69186,,,,,
The Wedding Studio,"RZG 593, Lohiya Marg",092125 33655,,,,,
Rolling Arcs,"Shop No. 28 & 25, Ground Floor, DDA CSC Market, opposite SDM Office",099908 91489,,,,,
Wedding Vibes Studios,"E block, E-90 lajpat nagar 1 Basement Vaishno devi marg",083839 04123,,,,,
Hari Kiran Agnur Photography,"74-B, 2nd Floor, opposite select City mall",083839 04123,,,,,
Shaadi Mubarak Officials,372 SFS,098111 87887,,,,,
Shaadi Mubarak Officials,"ews5807 Dlf, Dlf Capital Greens, West",099103 58331,,,,,
Dee Color Producers Pvt. Ltd.,"7/19, Landmark BSES OFFICE, Masjid Rd",093550 27974,,,,,
Dee Color Producers Pvt. Ltd.,"27-J/4, opposite Gurudwara",098102 55309,,,,,
Photo Paparazzo,"Baba House 284/2, 1st floor, Champa Gali, Gali 3, Westend Marg",093155 42376,,,,,
CinemaMate International,"Ground Floor, FIEE",N/A,,,,,
CinemaMate International,"Ground Floor, FIEE Complex, A-19",088823 23527,,,,,
Wedding Clicker Studio,"42, Ansal, Village",098112 42594,,,,,
Wedding Clicker Studio,"Gali no. 37/B Bharat Vihar Rd Raja Puri, opp. Dwarka",098914 54035,,,,,
The Impresio,"Segment 50: Raja Puri, opp. Dwarka",098914 54035,,,,,
Weddings by Lifeworks,H-36,099100 84360,,,,,
Impreso Wedding Photography,2nd,088026 12201,,,,,
Impreso Wedding Photography,"2nd Floor, 1, Pocket, 1",088026 12201,,,,,
Foto Cruise,"187A, GROUND FLOOR, Kohat Enclave",099998 53123,,,,,
Studio Kelly Photography,"Segment 55: GROUND FLOOR, Kohat Enclave",098681 64136,,,,,
Studio Kelly Photography,"UG-8, Westend Mall",098188 25848,,,,,
The Ram Sham Production,"UG-8, Westend Mall",098188 25848,,,,,
Delhi Films,"G-9 Second Floor, Vikas Marg",091303 23456,,,,,
Om Photographyz Studio,"E1, Budh Vihar Rd",081780 51914,,,,,
Sumit Productions,"First Floor, 26, Club Rd, next to",Phone number not provided in the text,,,,,
Sumit Productions,"First Floor, 26, Club Rd, next to Bikanervala",097165 90860,,,,,
THE WED CAFE,"Segment 62: Rd, next to Bikanervala",097165 90860,,,,,
Portfolio Studio,"A-1/28, Janak Puri, 627, Shivaji Marg, opp. Metro Pillar",098710 10110,,,,,
Shaadi Studio,"8728, 14B, E Park Rd",098710 10110,,,,,
Wedding Point Photography,"8728, 14B, E Park Rd",099680 28003,,,,,
Rose Studio,"Segment 66: A-20, near RAJOURI GARDEN",099680 28003,,,,,
Neeru Studio by Sandeep Shokeen,"487/63, Chaudhary Prem Sukh Marg, opp. Punjab National Bank",098101 56138,,,,,
Pick N Click Studio,"K52 2nd Floor, Near Sager Ratana, Connaught Cir",098114 12419,,,,,
Minakshi Studio,66,N/A,,,,,
Minakshi Studio,"90/4, Basement, Malviya Nagar Rd",9711857031,,,,,
Shri Krishna Photography,KIMTI LAL & SONS JEWELLERS,098730 05671,,,,,
& SONS JEWELLERS,Oct-26,098730 05671,,,,,
The Shooting Village,"Bharat Apartment, Plot No 31",096505 34395,,,,,
The Shooting Village,"Segment 74: Apartment, Plot No 31",099997 00350,,,,,
,J-5/101A,,,,,Euphoria Films,096670 51991
The Wedding Book,"2, JP7, Gopal Mandir Road, Pitampura, Delhi - 110034",9999966676,,,,,
SKG Photography,"Segment 78, 1st Floor, 9, M-11",098101 65810,,,,,
ShutterDown Photography and Films,"First Floor, 74",095993 14849,,,,,
,A2,,,,,Luthra Productions,092120 54550
Luthra Productions,"29/181, near Moolchand Metro Station",098186 88020,,,,,
Studio Pep Photography,"DSIDC Complex, A-46",099997 04902,,,,,
The Fairy Bride Photography,"B-5, Krishna park, Deoli Rd",072755 45515,,,,,
Lovers Films,"BI-28A, Club",079-45515,,,,,
,"BI-28A, Club Rd, opposite BP market",,,,,Lovers Films,098180 77667
,548/3 1st,,,,,Classy Clicks Photography,078272 54318
,"548/3 1st Floor, Classy Clicks Photography, Club Rd",,,,,Classy Clicks Photography,098110 09627
Clicks Photography,Club Rd,098110 09627,,,,,
The Perfect Valley,"Farm no 4, Near Subhash Chowk via, Hiranki Rd",088823 53065,,,,,
The Wedding Galaxy,"C-1624 SBI Road, near Airforce Station",N/A,,,,,
,"C-1624 SBI Road, near Airforce Station",,,,,The Wedding Galaxy,099588 80269
Filmy Weddings,"152 C-8, Outer Ring Rd",099999 95830,,,,,
,"Pocket G -30 House Number 198, near God Grace Banquet",,,,,Yogesh Gupta Photography (YG Photography),092503 70360
Yogesh Gupta Photography (YG Photography),"62-63, Gurudwara Rd, near Laxmi Dairy",070111 35663,,,,,
Deys Photography,"B2 B14, next to Cafe Coffee Day",098736 67729,,,,,
Cafe Coffee Day,Segment 99,098736 67729,,,,,
"['Top Studio', 'Studio Photo Vision']","['201, Laxmi Tower, Main Mkt']",['098186 10861'],,,,,
Fopic Studio,"School Block, Building No S-512, Shop No B-1, Shakarpur, Main, Vikas Marg",095825 71848,,,,,
SL Art Production,"C5- 3rd Floor, D-Mall",099995 99243,,,,,
Snapsoul,"Z-2, Sainik Farms, Club Rd",097186 08379,,,,,
Knot Just Pictures,"Lila Ram Market, 403, Block 273, Agarwal sweets Building, 4th",098711 02104,,,,,
Sheru photography,C-101,7503884632,,,,,
Wedlock Cinematography,"7th Floor, Kings Mall, near Rohini West Metro Station",097112 88897,,,,,
My Photo Club,"A1, 54, Sector 6 Rd",099116 66626,,,,,
,"3360, opp. Union Bank Of India",,,,,Life Moments Productions,098998 90898
,"DSM 426, DLF Towers Shivaji Marg",,,,,The Wedding Snaper,084474 41419
The Candid Stories Photography,D-166,097117 11746,,,,,
Wedding Photo Planet,"D-14, (Old No.12-A Third Floor, Back Side Main, near Royal Enfield Bike Showroom",099909 51995,,,,,
Bring It Online Media Pvt Ltd,"3rd Floor, Plot No 4, KH.132, IGNOU Main Rd, opposite Hero Service Center",070424 89884,,,,,
Vehemence Pictures,"Segment 114: Main Rd, opposite Hero Service Center",070424 89884,,,,,
Gauri Studio,"Shop No. 7, Rajan House, H-Block Market, Ashok Vihar Phase 1 Rd",098718 17755,,,,,
The Wedding Dreams Studio,Wisteria Club Road Dlf Green Valley Farms,099998 01078,,,,,
The Wedding Dreams Studio,"D-14/114, Shop, No. 5, Shiva Rd",099535 48841,,,,,
ShutterDown Photograhy,"Shop no, 14, Palam Vihar Rd",087006 09950,,,,,
Prism Lens Photography,"1st Floor, 9, M-11",087500 00570,,,,,
VsnapU Photography,Gurgaon,076172 52525,,,,,
image line photography,Mehrauli-Gurgaon Rd,089293 95969,,,,,
Knot Just Frames,"20, H-33 Rd",099539 89756,,,,,
Knot Just Frames,"Southend Floors C-7, Ground Floor, Sohna Rd",099100 61939,,,,,
Segment 11,"Ground Floor, Sohna Rd",099100 61939,,,,,
,6829 Green Meadows,,Deepak Studio Wedding Photography,098996 62233,,,
Prateek Studio(Yash Pahuja Photography),Lane No. 2,098180 48771,,,,,
The Wedding Cult,"Plot No, 2015",098110 98155,,,,,
EventGraphia,"191 P, Lower Ground Floor, near Unicosmos School",098993 12999,,,,,
Studio Future Forward,"Valley View Green, Farm House, 18, Faridabad - Gurgaon Rd",072900 93497,,,,,
Just Click Photography,"T6 Flat No. - 001 ( LG, BPTP Park Generation",098217 78125,,,,,
Segment 19,"UG 15, Hong Kong Bazaar",098919 21933,,,,,
Third eye illusion media,Sector 21A,088002 29430,,,,,
"['Ashok Verma Photography', 'Vogueshaire']","['Shiv Mandir Rd', 'Tower B3, Spaze']","['099910 20218', 'Unknown']",,,,,
Shadow Captures Studio,"Segment 24: Park, 432 - 433",099999 87161,,,,,
Shadow Captures Studio,"Gali no.6, near Berlin Motors",099999 87161,,,,,
Believe Collective by Ujjwal Vanvari,"Gali no.6, near Berlin Motors",098115 21277,,,,,
Collective by Ujjwal Vanvari,93,098115 21277,,,,,
Good Earth City Center,Wisteria Club Road Dlf Green Valley Farms,099998 01078,,,,,
Click Studio,"SCO-107, Market, Haldiram Lane",098218 66130,,,,,
Click Studio,"SCO-107, Market, Haldiram Lane",9821866130,,,,,
Naresh Photography,"Sector 37, Delhi - Jaipur Expy",099990 10133,,,,,
WeWork,DLF Forum Cybercity,072176 46852,,,,,
Mohit Arora Productions,"2nd Floor, 39 A, Jacaranda Marg, Delhi/NCR",099100 40305,,,,,
Mohit Arora Productions,"SF 707-708, 7th Floor, JMD MEGAPOLIS, Badshahpur Sohna Rd Hwy",084472 41706,,,,,
JMD MEGAPOLIS,Badshahpur Sohna Rd Hwy,084472 41706,,,,,
Bhagat outdoor studio,"Segment 46: 360/7, Old Railway Rd",080763 80192,,,,,
Hm wedding production(PHOTO STUDIO),"shop no 71, 72, Huda",085273 94989,,,,,
Hm wedding production,"shop no 71, 72, Huda Market Road",095993 76047,,,,,
Shutter Bracket Studio,"Shop No. 0174, First Floor Elan Town Centre",070429 12121,,,,,
,C1/2831,,weddingrams,099999 37544,,,
Vipul Greens,Segment 52,092000 06666,,,,,
Weddingrams,"1276, basement",099584 90943,,,,,
Gurgaon Photography,Address not provided,088020 04477,,,,,
Wedding Photographer Gurugram,"H.no, 1044P , D block",084480 64616,,,,,
"Ritzz baby, maternity & newborn","D block, Gurugram",980 088400 55234,,,,,
"Ritzz baby, maternity & newborn photography",SCO 147,9289011402,,,,,
The Impresio Maternity & Baby Shoot,"1st Floor, Ashoka Complex, 122003",093155 60555,,,,,
Raj Rajeshwar Digital Colour Lab & Studio,Unknown,086308 90227,,,,,
Beginnings For You,"B3, Anand farm house, 458, Sector 30 M Wide Rd",095997 52899,,,,,
Beginnings For You,"B3, Uniworld Gardens 2 Rd",095997 52899,,,,,
Segment 64,Uniworld Gardens 2 Rd,096502 74510,,,,,
"['Pooja Studio', 'Meghna Rathore Photography']","['Old Railway Rd, near Raj Mahal Hotel, opp. HDFC Bank']",['099711 44446'],,,,,
Pankaj Digital Studio,"8 Bajghera Road, Underpass, near Railway Line",088262 76089,,,,,
Manish Anand Photography,"5th Floor, Abl work spaces, Plot no 44",098100 76411,,,,,
Memories by Barkha,"Plot 605, near The Aralias",085954 19756,,,,,
,D-11,,Sunil Deepak Photography,9810808583,,,
Karan Sidhu Photography,D-229,088601 32777,,,,,
Mommy The Photographer - Ritika Sawhney,"W-1C-21, WELLINGTON ESTATE",099580 54444,,,,,
,"Fifth floor, Vipul Trade Center",,Frame-n-Fame photography,Not mentioned,,,
& Films,M3M Cosmopolitan,N/A,,,,,
Wd Studios Gurgaon,415 basement,075600 08899,,,,,
Wd Studios,Gurgaon,075600 08899,,,,,
Wd Studios,Gurgaon,Not mentioned,,,,,
Cambuz - Photo & Video,"206, Q-1",096506 44369,,,,,
Real Shoot Events,"206, Q-1 Block, S City Rd",093197 44406,,,,,
Real Shoot Events,"Segment 81: Block, S City Rd",093197 44406,,,,,
THE PHOTOROOSTERS PRODUCTIONS,I-031,099999 95412,,,,,
THE PHOTOROOSTERS PRODUCTIONS,"I-031, The Westerlies Rd",Not provided,,,,,
PHOTOROOSTERS PRODUCTIONS,"I-031, The Westerlies Rd",Not available,,,,,
Gauba Photo Studio,"Basai Rd, opposite Oriental Bank Of Commerce",098116 28176,,,,,
Pik Focus Production (PFP),68/3,087008 44823,,,,,
The Newly Weds Studios,"Huda City Centre, Sushant Shopping Arcade, F-39",084476 22458,,,,,
Dynamic Digital Studio & Photo Frames,"Huda City Centre, Sushant Shopping Arcade, F-39, Road 084476",098101 32036,,,,,
Om Sweets & Snacks,Segment 91,098716 26669,,,,,
Camotions by shashank Priyadarshi,D/108,N/A,,,,,
Camotions by Shashank Priyadarshi,"Segment 93: C-88 , Sf A-Block",084475 16361,,,,,
All Side Perspective,C-1710,096432 17563,,,,,
RS PHOTO STUDIO,,095820 10632,,,,,
Pixel Snaps Studio,"Shop No - 99 & 100, Huda Market",098715 83016,,,,,
SVS Creations,"Ansal API Palam Corporate Plaza, UG-216, Tower-B",096432 17563,,,,,
SVS Creations,"Ansal API Palam Corporate Plaza, UG-216, Tower-B",8882953303,,,,,
API Palam Corporate Plaza,"UG-216, Tower-B",088829 53303,,,,,
Happy Frame Studios - Wedding Photography & Portfolio Specialist,"Plot No. 23, Sector 18 Maruti, Industrial Development Area, Sector 18",099900 00189,,,,,
The Camera Shoot,"Vatika G-21, in front of Matrikiran School",088000 61640,,,,,
MOHIT SRIVASTAV PHOTOGRAPHY,"875, b, Palam Vyapar Kendra",088000 61640,,,,,
Voila Studio,Unit 1007-08A,N/A,,,,,
Clickofy,"Unit 1007-08A, WellDone TechPark, Badshahpur Sohna Rd Hwy",098105 54548,,,,,
CandidShutters,"F5, 5, GF, VATIKA INDIA NEXT",088002 54807,,,,,
NEXT LEVEL,"557/9, Circular Rd, near Gauba Ki Kothi",N/A,,,,,
Slice of Life Pictures,"557/9, Circular Rd, near Gauba Ki Kothi",081465 92922,,,,,
Slice of Life Pictures,"5th Floor, Ocus Technopolis, Golf Course Rd",088002 76555,,,,,
Aman Sidhu Photography Gurugram,"D-BLOCK, 305 plot 36-A",098882 38352,,,,,
Evolution Motions Studio,"D-BLOCK, 305 plot 36-A",093508 30385,,,,,
Covershot Photography and Studio,Amrapali Corporate Hub,093508 30385,,,,,
Impressio,Amrapali Corporate Hub,,,,,,
Covershot Photography and Studio,"596, The Basement",098911 99090,,,,,
Kamal Studio Faridabad,"Shop No. 2B-1 Near 1-2, Chowk",093133 06303,,,,,
The Impresio Maternity & Newborn Photoshoot,"Ph - 997l4745O5, A 12",070111 35663,,,,,
Impresio,"Shop no.2-3, SCO-12",088602 26316,,,,,
Dipak Studios Photography,"Shop no.2-3, SCO-12",099717 10131,,,,,
Dipak Studios Photography,"5R, right wing, 8, Neelam Chowk",070424 43131,,,,,
Photosynthesis Photography Services,"Ashoka Enclave-II, House No. C-59, Sector 37",098184 72804,,,,,
Seedigital Photo Studio & Video Lab,B-6 #1504 RPS SAVANA,084474 91489,,,,,
,B-6 #1504 RPS SAVANA,,Seedigital Photo Studio & Video Lab,084474 91489,,,
Virmani Films Production,3-E/76 1st Floor,098104 48187,,,,,
Amtrend Studio Productions,House number 649,088008 11627,,,,,
Shine Studio,"1071 Wisteria Club Road, Dlf Green Valley Farms",099998 01078,,,,,
Fine Touch Productions,,,,,,,
Fine Touch Productions,"HUDA MARKET, SCF-36",096547 78995,,,,,
Shubham Mehta Photography,House no 1 block no 7 spring field,070117 68666,,,,,
ZEE COLOR LAB & STUDIO,"scf 71-72, main market, near hdfc bank",099997 33631,,,,,
Yuvraj Studios - Wedding Photography,"shop no 119, block A, Aryasamaj Rd, near Nathi chowk",098714 27767,,,,,
Yuvraj Studios - Wedding Photography,"Shop -15 First Floor, Kheri Rd",095404 99112,,,,,
RIDDHI PHOTOGRAPHY,"Segment 20: First Floor, Kheri Rd",095404 99112,,,,,
Anurag's Photography & Events,H.,099114 21007,,,,,
Anurag's Photography & Events,"H. no 79 sector 3, Hospital, near Sirohi",080105 76040,,,,,
KB STUDIO PRODUCTIONS,"SCF 67, Sector 15, Market",098107 57700,,,,,
KB STUDIO PRODUCTIONS,"1007, Business Hub, Puri 81 High Street, Greater",097111 77032,,,,,
The Impresio Maternity & Baby Shoot,"A22, Sec 11C",9971474505,,,,,
Sharique Sarwar Films,"First Floor, FIEE Complex, A-19",088821 89049,,,,,
Rajesh Color Lab,"A-5, Main, Shohan Lal Marg, Suraj Kund Rd",097185 10001,,,,,
Rajesh Digital - Premium Wedding Photographer,B- 443,098101 75575,,,,,
Rajesh Digital - Premium Wedding Photographer,B- 440-441,098101 75575,,,,,
Studio Photo Palace,"5C-91,first floor,shop no.2, above lenskart, near Easyday club",099582 06505,,,,,
Lenskart,"House Number-45, N BLOCK",099582 06505,,,,,
Segment 32: studio,"House Number-45, N BLOCK",087001 41697,,,,,
Wedding Nirvana - Wedding Photographer,"BB3, City Plaza Building (Backside), SCO 9 Sector 16",093130 40404,,,,,
Akash Photography,"Segment 34: Building (Backside), SCO 9 Sector 16",070429 95429,,,,,
Impresio studio,Segment 35: On-site services Akash Photography 4.8 (28) Photography studio Open 24 hours,070429 95429,,,,,
Impresio studio,"6320, 33 Feet Rd, near M.i. Convent School",Ph 9971 474505,,,,,
Picture star photography,C 3 PNB Atm Roshan Nagar,099991 42299,,,,,
,53 1st floor,,Metrimonialstudio wedding photography,079032 15768,,,
K S PHOTOGRAPHY,scf 48-50 sec 15 main market,098100 85704,,,,,
Shaadi Clicks photography,"building, 178, on, Nansat, 9-10 Dividing Rd",098100 85704,,,,,
Mansi Studio Wedding Films,"2d-51, 1",093126 89884,,,,,
Glamour Studio,"A- 104, First Floor, Puri High street Mall, Greater",087504 72849,,,,,
First Frame Studio,"Shop no 12, SCO-20, HUDA Market",098112 32097,,,,,
Witty Shadows,"N Block, N-5, Basement",098999 88614,,,,,
Impresio studio,"Segment 46: Main Rd, above Nirula's, Faridabad",078385 94758,,,,,
Impresio studio,"Segment 47: Shop No. 246, near HDFC ATM",078385 94758,,,,,
JUST CLICK PHOTOGRAPHY,Green Fields Colony Block A,085878 62428,,,,,
JUST CLICK PHOTOGRAPHY,"LG 25, in front of Sai Baba Mandir",070117 82246,,,,,
Sahil Arora Photography,"SSI Plot No.16, Market, behind bagga electronics",098915 81400,,,,,
Dipak Studios,"Rao Rajkumar Niwas, Mcf 35, Old Sher Shah Suri Rd, near Bajrang Chowk",093107 58715,,,,,
Mamta Studio,3F-121,070429 19605,,,,,
Classic Studio,2187,098713 65813,,,,,
YS Productions,"3180, near Old Petrol Pump",087002 69228,,,,,
Cosmic Stills and Films,"Shop no : 132, near Old Petrol Pump",087500 01511,,,,,
Karmaa Production,"OFFICE NO 4 BLOCK-16 FIRST FLOOR FRONT SIDE, Spring Field Colony, Faridabad",087500 01511,,,,,
STUDIO WEDDING,OFFICE NO 4 BLOCK-16 FIRST FLOOR FRONT SIDE,Not provided,,,,,
,1782 First Floor,,STUDIO WEDDING MILESTONE,N/A,,,
Vows & Tales,1782 First Floor,083830 84989,,,,,
Clickbysam photography,Not provided,083778 68063,,,,,
Photuvala,"SCO 6, near World Street",073734 24273,,,,,
NR photography,House no-607 gali no-05 near petrol pump,095557 56664,,,,,
Naman Studio,Segment 67: no-607 gali no-05 near petrol pump,098736 72580,,,,,
Naman Studio,"Shop no.17/9, Old Main Market",099102 49898,,,,,
Wedding_phy,"Tilpat rod bagwali Gali, near SR pubilc school",099102 49898,,,,,
Delight Era Photography,"Tilpat rod bagwali Gali, near SR pubilc school",098914 05477,,,,,
Prateek Wadhwa photography,"Sardar Kulbir, Sukhdev Singh Marg",098914 05477,,,,,
Prateek Wadhwa photography,"Sardar Kulbir, Sukhdev Singh Marg",N/A,,,,,
SKG Photography,"Segment 73: H 169/5, 2nd floor",099901 44668,,,,,
Momentz RM Photography,"Shop no -G-1, Civitech Central",099901 44668,,,,,
Gautam Dua Studios,"1st Floor, A-129",097115 83758,,,,,
The Baby Films,,098887 47534,,,,,
Motion wedding studio,Segment 78: Cut Production 4.9 (140) Wedding photographer,098887 47534,,,,,
Motion wedding studio,"Near 2, Street Number 2",098084 63370,,,,,
Alankar Studios,"Near 2, Street Number 2",098716 91972,,,,,
Alankar Studios,"B-112, Mall Rd",098990 91020,,,,,
S.P Photography,"Kislay Verma, to, Palla Tilpat Rd, opposite Baba Surdas Mandir",098911 36556,,,,,
RB STUDIOS Wedding photography,"N.D-110003, 1799, D-57",070427 75060,,,,,
,Shop No 2 First Floor Mahipal Complex Bengal Suiting Chowk Bengal Suiting Chowk,093100 53953,RB STUDIOS Wedding photography,,,,
COLOR PICTURES PHOTOGRAPHY,Neelam Chowk,088604 64895,,,,,
WEDDING FILMS FACTORY,A 6/5,099589 39116,,,,,
Personality Digital Photo Studio & Color Lab,Faridabad,Contact information not provided in text,,,,,
"['Personality Digital Photo Studio & Color Lab', 'Pulkit Taneja - Fashion and Advertising Photographer']","['Shop No, 143, Maharishi Parashar Marg']","['092053 22950', '098103 67504']",,,,,
Pulkit Taneja - Fashion and Advertising Photographer,SCF-15,098714 32184,,,,,
Meenakshi photo studio,A101 Above SBI Bank,099993 08143,,,,,
Meenakshi photo studio,"Shop No.1, Chandiwala Bagh, Master Road, nr. Shraddha Mandir School",092120 17391,,,,,
Compact Studio,"Shop 1, Gali No. 07, Doon Bharti Road, Near Khan Dr, Okhla Phase-2, Delhi",070538 64363,,,,,
Vishal thakwani photography,"Nagar Jaitpur, I 7, Gali No. 18",070538 64363,,,,,
The Impresio Wedding & Pre Wedding Shoot,"Segment 97: 14, Palam Vihar Rd",087006 09950,,,,,
Upasna Studio Photography,Delhi,N/A,,,,,
White Frog Productions,Segment 100: Shop No. 02,098992 63434,,,,,
"['Happy wedding photography', 'Perfect Click']",['A-64'],"['098992 63434', '098103 49614']",,,,,
Perfect Click Studios,Segment 102: studio · A-64,098103 49614,,,,,
Perfect Click Studios,Not specified,Not specified,,,,,
Wed Me Wow by Amit Puri,"B3, 94, adjacent to neelam cinema, near Neelam Chowk",072176 78078,,,,,
Wedding Vibes Studios,"E block, E-90 lajpat nagar 1 Basement Vaishno devi marg, 1",083839 04123,,,,,
,"2ND FLOOR, OMAXE WORLD STREET, SCO-104",,Sunny Memory Maker & Photography,083839 04123,,,
The Picture Villa,"42, Ansal, Village",098112 42594,,,,,
Yatin Madaan Photography,"3A/137, 3, near Bikaner Sweet Corner",088516 39913,,,,,
,"K 324 B, Gali No. 6A, Saket Rd",,Candid Shooters Studio,9971474505,,,
SHRI RAM STUDIO-Best Wedding Photographers,"Office no 13, Main Baba Surdas Market Sehatpur Sector 91, near Govt school",088029 29693,,,,,
SHRI RAM STUDIO,"Shop No -2, Gali No 81, 3rd 60 Feeta, Road",095606 75859,,,,,
IDM Photography Services,"Segment 113: 3rd 60 Feeta, Road",095606 75859,,,,,
ClickBySam Studio,"Office No.B-14, 252 nazar singh palace",099996 65699,,,,,
Photolelo Productions,"B-445, behind Neelam Cinema",097173 04777,,,,,
The Cinema Wedding,"Studio B-445, behind Neelam Cinema",097173 04777,,,,,
The Cinema Wedding,"Segment 117: 1H, 21, Aryasamaj Rd",098684 40045,,,,,
Momentz RM,Plot no 44,098738 49760,,,,,
Momentz RM Photography,"Shop no -G-1, Civitech Central",092890 11400,,,,,
SRG PRODUCTION,"First floor, Office No. 05, A square Mall",097735 53402,,,,,
SRG PRODUCTION,"A square Mall, Noida",097735 53402,,,,,
SKYTECH MATROTT,,097186 59809,,,,,
Ringing Bells Production,"Flat No 305, Cape Berry 2",088002 82305,,,,,
Ringing Bells Production,"Flat No 305, Cape Berry 2",083778 68063,,,,,
The shooting street- Pre-wedding Location,Noida,083778 68063,,,,,
3T Studios,"Office No. OC-931, 9th Floor, Gaur City Center",084479 30489,,,,,
Avon Photography & Cinematography,Paramount Florence plaza,099714 74505,,,,,
Avon Photography & Cinematography,"201 FNG. Vihar, 2",088104 65273,,,,,
Framographer Inc,A-235,085128 13524,,,,,
WD Studios,"House no, sk-47, Inner Rd",079066 07636,,,,,
WD Studios,Xaviers Urbtech,072519 67764,,,,,
"['Segment 15: Studios', 'Avon Photography', 'Divine Photography Studio']","['Xaviers Urbtech', 'Gf-84 A, Block Number-21, Mahadev Apartment']","['072519 67764', '078278 49418']",,,,,
Divine Photography Studio,"S L TOWER, G - 16",070117 20558,,,,,
Photoeth Studio,"Segment 17: TOWER, G - 16, Noida",081300 32008,,,,,
Photoeth Studio,"C-98/22, Second Floor, Market, Noida",098106 78534,,,,,
PRO FILMER STUDIO,"Office No. 409, JOP Plaza",098106 78534,,,,,
Kent photography,"2nd Floor, Carnoustie Tower, Plot 1, Film City, Sector 16A",096439 33646,,,,,
Kent photography,"first floor, Ithera village, near sai hotel",081300 32008,,,,,
Anjali Wedding Photographers,"Segment 22, Ithera village, near sai hotel",081300 32008,,,,,
Proshoots Productions,Noida,097185 15900,,,,,
SR Fotoz,"Taj Hwy, near Gaur City",088260 70424,,,,,
,"2013, near AVCC club",,Guide Photo Studio,098112 73554,,,
Intown Photography,"472, 11, Gali Number 2",098112 73554,,,,,
RareBytes Films & Advertising,"472, 11, Gali Number 2",N/A,,,,,
RareBytes Films & Advertising,C 81,078272 46437,,,,,
Impresio Studio - Pre Wedding,"402-4th Floor, JS ROOP Homes, Jalalpur",097175 05695,,,,,
JS ROOP Homes,Jalalpur,097175 05695,,,,,
NS STUDIO,"Segment 31: (23) Photography service · A 08, ETA Open",098111 39918,,,,,
NS STUDIO (WEDDING PHOTO/ VIDEOGRAPHY & FILMS),"Shop no- 2, Basement, FS Plaza",098117 26049,,,,,
Cine 30 Production,"H 169/5, 2nd floor",070217 00086,,,,,
Cine 30 Production,"House no- 10027, Tower-19, MAHAGUN MYWOODS",098100 91952,,,,,
The Photoklicker Photographer,"C-821 7th Avenue, Gaur City, Extension",093119 75662,,,,,
Segment 36,"C-821 7th Avenue, Gaur City, Extension",093119 75662,,,,,
The Wedding Sketches,"Segment 37: (266) Photography studio · D, 122",086501 17552,,,,,
The Wedding Sketches,"A, 48, Sector 67 Rd",086501 17552,,,,,
,HOUSE NOS 141,,Wedding Twinkles - Wedding Photographer Delhi,098105 52122,,,
Folio Haus,"A-115, Sector 40 Ln",097115 67394,,,,,
The Impressio,Farm 15A,N/A,,,,,
The Impressio,"Farm 15A, near New Club Green Beauty",099104 15711,,,,,
SN DHIMAN PHOTOGRAPHY,A-,Not provided,,,,,
SN DHIMAN PHOTOGRAPHY,A-25,099973 24829,,,,,
Impressio Maternity & Baby Photoshoot,A- 25,099973 24829,,,,,
Aman Studios,"S - 16, 2nd floor, Alpha plaza",093120 35007,,,,,
Ram Photography,"Ram studio, opposite metro pillar no 230",099901 27978,,,,,
Capturing Life Production,"Segment 48, metro pillar no 230",099901 27978,,,,,
HD Productions,"G-1602, Supertech Ecociti",098992 95634,,,,,
Anjali Digital,"Shop No-25, Ganga Shopping Complex",098109 39477,,,,,
"['Sepia Creation', 'The Impresio']","['No-25, Ganga Shopping Complex', 'F-1206A']","['098109 39477', '072754 05252']",,,,,
The Impresio,D 1007 Sector 120 Prateek Laurel,072754 05252,,,,,
Book My Shoots,"Shop no:- 9, Amrapali Princely estate Shopping Arcade :- B, Opposite, Mahagun Mezzaria Rd",099997 40015,,,,,
Book My Shoots,"Shopping Arcade, Segment 54, B, Opposite, Mahagun Mezzaria Rd, Noida",099997 40015,,,,,
Book My Shoots,Segment 55,096540 33786,,,,,
Devswapn Photography,D-12,085100 37777,,,,,
SHREYANS PHOTOGRAPHYY & FILMS,"1st Floor, PK-04, Near, Parthala Flyover, behind HOMES-121",097737 52316,,,,,
SHREYANS PHOTOGRAPHYY & FILMS,"Shop 123,124, Ground Floor, GM Mall",096399 09016,,,,,
Moments In Pixels,"Segment 59: Ground Floor, GM Mall",097114 34877,,,,,
TinyLove Photography,131 Open,098180 62837,,,,,
Toshi Unplugged Films,131 Open,098180 62837,,,,,
Toshi Unplugged Films,Segment 62,N/A,,,,,
Rohit Verma Photography,"D-32 Basement, Sector 52 Rd, near Gate No-7",096500 77027,,,,,
VG Studios,"Segment 64: Rd, near Gate No-7",096500 77027,,,,,
VG Studios,B-19,099900 09004,,,,,
Deepak Soni Photography,Segment 66: Photography studio · B-19,082872 41927,,,,,
Deepak Soni Photography,Not specified in the given text,082872 41927,,,,,
,C-121,,The Wedding Destiny,084470 33326,,,
Ankitnandwani.in,A-155,No phone number provided,,,,,
Hitched & Clicked,A-155,085951 78026,,,,,
Hitched & Clicked,B-71,099531 35009,,,,,
KYES PHOTOGRAPHY STUDIO,"Gate No- 3 /First Floor, opp. CLEO COUNTY",083830 42932,,,,,
Lifafaz Kids,B-18,095991 58899,,,,,
,B-61 Second Floor,085952 38446,Vansh Suri Productions,,,,
Vansh Suri Productions,B-61 Second Floor,099770 78105,,,,,
Weddingle Production,"B-502, Victory Crossroads",099770 78105,,,,,
Noida Photography,"B-502, Victory Crossroads",098710 82722,,,,,
"['Crenova Cinematic', 'Imprssio Wedding Photography']",Opp. SUPERTECH EMERALD COURT,['098710 82722'],,,,,
Imprssio Wedding Photography,"E-04, 1, Greater Noida W Rd",Not specified,,,,,
Weddinbay Pvt. Ltd.,"G11, First Floor",072918 91389,,,,,
SURAJ PRODUCTIONS SHOOT & EDIT,"Gardenia Apartment, A-1-503, opposite HDFC BANK TULIP MALL",072918 91389,,,,,
FairyTalesByVarShi,Greater Noida W Rd,N/A,,,,,
FairyTalesByVarShi,"Segment 83: Block G, Sector 56, Greater Noida",8218988639,,,,,
Upasna Studio,A-44,099996 56284,,,,,
Shaadi photographers,"B-03, D-61, Block D, Sector 2 Noida",088514 42285,,,,,
Cinemate productions,"D-61, Block D, Sector 2 Noida",079825 96271,,,,,
Baby Bubbles Studio,Noida,070533 19055,,,,,
The Flicks Production,"288, D Block Rd",N/A,,,,,
The Flicks Production,"288, D Block Rd",079762 56472,,,,,
More2Go Productions,"Office No. 1, LGF H, 49, Sector 63 Rd",079762 56472,,,,,
The Filmy Company,"1, LGF H, 49, Sector 63 Rd, SUPERTECH ECO VILLAGE-1",Not provided,,,,,
The Impressio Maternity & Baby Photoshoot,"Impresio Studio, SS Tower",N/A,,,,,
Lens Teasers Professional Photography Studio,"Jaipuria Sunrise Plaza, SE 87 A",083683 44943,,,,,
Dhiyoh Studio,"1105, pavilion court sector 128 jaypee wishtown",098737 87641,,,,,
CINE EFFECTS,"303, F TOWER, ACE CITY",080926 06606,,,,,
ACE CITY,"F TOWER, ACE CITY, A4, 2nd Floor, Noida",080926 06606,,,,,
Wedding Rituals,"A-31, near 16, Metro Station Rd",088210 03777,,,,,
Maternity Moments Studio,"TOWER-9, LOTUS PANACHE",077018 01711,,,,,
Raj digital photography,"Krishna Complex, Maharaja Agrasen Marg",088264 50977,,,,,
The Wedding Palette,A3 803,099717 45445,,,,,
the 360 studio,"2nd floor, ESI Rd",098211 02360,,,,,
Artsylens Delhi,"KO1, Jaypee Klassic",N/A,,,,,
Artsylens,"KO1, Jaypee Klassic, Sector 134, Noida, Delhi NCR, 201304",No phone number provided,,,,,
Klassic,"Sector 134, Noida, Delhi NCR, 201304",070076 83601,,,,,
Sahil Photo Studio,Wedding Photographer in greater noida echotech 3,070076 83601,,,,,
Clickographers Wedding Films,D117,N/A,,,,,
A Click in Time,D 114,N/A,,,,,
A Click in Time,A-73 Second Floor,092113 40639,,,,,
A click in Time,"H-206A, above HERO Dhansi Motors",084487 00978,,,,,
Candid Impressions Wedding Photography,B62,070657 46615,,,,,
Candid Impressions Wedding Photography,"gali no.5, sec16, near dudheshwar enclave, opp. vvip homes",099711 36280,,,,,
JK Digital Photo,"Segment 113: enclave, opp. vvip homes",099711 36280,,,,,
JK Digital Photo Studio,"Nirala Greenshire, back side, Noida extaintion, opposite Nav durga Mandir, above Nan durga Temple",099906 07660,,,,,
Studio75 photography & photo frames shop,"Shop 10, plot 8, Golf City Rd",095762 03543,,,,,
Anjalis Wedding Photography,"Centerstage Mall, Lg-13, Sector-18",N/A,,,,,
,"Centerstage Mall, Lg-13, Sector-18",,Anjalis Wedding Photography,099997 77421,,,
B.R.Studio wedding photography,"6/2, opp. Sumit Nursing Home",070370 00079,,,,,
CREATIVE9 PHOTOGRAPHY,"165, Sadar Dal Mandi Rd",099970 25461,,,,,
Sumit Sharma Photography,A.108,Not provided,,,,,
BHARAT PHOTOGRAPHY Studio A Square N Perfect Click,A.108 kirti palace,070172 48974,,,,,
BHARAT PHOTOGRAPHY Studio,"A Square N Perfect Click, opp st. Francis school, Sardhana Rd",098373 00671,,,,,
Amit Puri Productions,"3, Deep Complex, Begum Bridge Rd",094110 27536,,,,,
studiokumar,"354, near rohtash misthan bhandar",084391 44993,,,,,
Kashmir Studio Meerut,"E-298/1, NH 58, near R.K International School",097584 33331,,,,,
Kashmir Studio Meerut,"Begum Pul, 1430, PL Sharma Rd, Near Hanuman Mandir",097190 21624,,,,,
Amar Studio & Colour Lab,"Saraswati vihar Rohta, Road, opposite Kalka Mandir",098971 78452,,,,,
Aakash AD Films,"Segment 11: vihar Rohta, Road, opposite Kalka Mandir",084499 38585,,,,,
Aakash AD Films,28/24,090156 07070,,,,,
Red Ant Studios,"550/191/2, Saraswati Vihar",089378 34481,,,,,
Aman Sam Photography,"550/191/2, Saraswati Vihar",089378 34481,,,,,
Prashant Studio,"XPP5+JVP, Opp.",084301 14644,,,,,
Prashant Studio,"XPP5+JVP, Opp. R.G.P.G. College, Chippi Tank, W.K. Road",098970 36909,,,,,
TECHNICA STUDIO,Abu,N/A,,,,,
TECHNICA STUDIO,"Abu Ln, opp. Hotel Navven",098370 42294,,,,,
Rama Digital Studio,"Main Rd, opp. Shree Mata Siddhi",095685 69989,,,,,
Rama Digital Studio,"Main Rd, opp. Shree Mata Siddhi Peeth Jwalamukhi Dham Temple",081919 43414,,,,,
Peeth Jwalamukhi Dham Temple,Unnamed Road,081919 43414,,,,,
RK Photography,Segment 22: Meerut,087912 21731,,,,,
Sagar Color Lab & Studio,"10, Aggarwal Market",087915 99961,,,,,
Sagar Color Lab & Studio,"Metro Plaza, A-7, Delhi Rd",098972 03364,,,,,
Chetan Madhok Photography Services Pvt Ltd.,"A-7, Delhi Rd",098972 03364,,,,,
Pankaj Studio,Satish Chowk,098970 25292,,,,,
Ken Singh Studio,"Satish Chowk, Meerut",9897025292,,,,,
Ken Singh Studio,"Shivaji Rd, near shankar ashram",097606 87005,,,,,
,"116/A, Segment 29: · Shivaji Rd, near shankar ashram, Meerut",,Anandpal Singh Photography,098370 80977,,,
J K Photo Studio,Jaharveer temple,N/A,,,,,
Poornima Studio,"116/A, Delhi Rd",080579 30098,,,,,
Poornima Studio,"1st Floor Shop No 30 Jagriti Plaza, PNB Rd",098085 32313,,,,,
A.K. Studio-Best Photographers in Meerut/Top Wedding Photographers/Top Candid Photographer in Meerut,"Segment 33: No 30 Jagriti Plaza, PNB Rd",098085 32313,,,,,
Deoliya photography & cinematics,"A-44, somdutt city A block",097183 95999,,,,,
Lens Queen Photography,"H-144, near Pvs Mall",097183 95999,,,,,
Queen Photography,"H-144, near Pvs Mall",Not provided,,,,,
rajeSh Digital Photo and Video,"Segment 37: Civil Line, near Hotel Crystal Palace",Not available,,,,,
Lovely Photo Studio,"Ganga Plaza, Begum Bridge Rd",070888 88843,,,,,
Matisha Photography,"344, Western",087911 88292,,,,,
Matisha Photography,"344, Western Kutchery Rd",089795 96969,,,,,
Singhlens Creations,"69A Shree Plaza Complex, Begum Bridge, behind to ambala, near Caltax",074178 05262,,,,,
Grover Color Lab &,"Segment 42: Bridge, behind to ambala, near Caltax",074178 05262,,,,,
Nexus Studio India,"Shop No. 211, Second Floor, Aditya",070378 97123,,,,,
Nexus Studio India,"Shop No. 211, Second Floor, Aditya Palace",074648 68780,,,,,
Mandeep Singh Photography,"88/1, Delhi Rd, opposite Gurudwara sahib",095575 80909,,,,,
Aadat Photography,"Segment 46: Rd, opposite Gurudwara sahib, Meerut",095575 80909,,,,,
,109-b arya nagar,,Aadat Photography Meerut,079060 61311,,,
,"D-244, Shastri Nagar",,Meet Studio,098378 38940,,,
"['Studio 4.4', 'pc productions wedding photography', 'Anmay Photography']","['D-244, Shastri Nagar', 'Sharda Road, opp. neelkanth mahdev ,mandir', 'XMP8+XG2, 11']","['098378 38940', 'N/A', 'N/A']",,,,,
Anmay Photography,"XMP8+XG2, 11, Rohta Rd",Contact information not provided,,,,,
Anmay Photography,"XMP8+XG2, 11, Rohta Rd",N/A,,,,,
Wedding Studio modipuram,"LG SHOP NO-1, Apna Star plaza , Palhera Chopla, Pallavpuram",070554 51924,,,,,
Bhardwaj Films,"10-A, Kailash Puri, Garh Rd",094127 02702,,,,,
Picture Perfect Photography,"Kailash Puri, Garh Rd",093596 31218,,,,,
Aryan Photography,"503, Western Kutchery Rd",098377 84825,,,,,
Impressio Wedding Photography,"House no. 488, 6, RTO Rd, near Rangoli Mandap",082181 77056,,,,,
Impressio Wedding Photography,"B 12, near Dominos",082181 77056,,,,,
The Impresio Wedding & Pre Wedding Shoot,"B 12, near Dominos",9971474505,,,,,
"{'Segment 59': 'Shoot 5.0 (69) Photography studio', 'Maitrey Studio': 'Meerut 3.9 (8) Photography studio', 'Nandini Photo Studio': '4.8 (10) Wedding photographer'}","{'Segment 59': 'PH- 997I4745O5, B, 12', 'Maitrey Studio': '172', 'Nandini Photo Studio': '2MGP+XQQ'}","{'Segment 59': '84250', 'Maitrey Studio': '096272 00458', 'Nandini Photo Studio': 'N/A'}",,,,,
Nandini Photo Studio,"2MGP+XQQ, Dantal Jatoli Rd",096272 00458,,,,,
Jazz photography & videographery studio,"815, Meerut Rd",099901 83100,,,,,
Jodi Production House,"Shop No 16, Shiv Plaza, Roorkee Rd, near Raj mandir banquet",099275 30545,,,,,
,"Segment 63: Roorkee Rd, near Raj mandir banquet",,Kuldeep Studio,099275 30545,,,
Om Gayatri Studio & Colour Lab,"219, 5, Nai Sarak",099174 46272,,,,,
,"G- Block, Shop No, 7",,Choice Digital Studio,088029 05056,,,
Impresio Wedding Photography,"G- Block, Shop No, 7",9971474505,,,,,
Golden moments photography (by Malik Films),"2 - Shakti kiran building , first floor , Shakti Nagar chowk",099118 81668,,,,,
,Segment 68: Shakti Nagar chowk,,Golden Moments Photography,095558 17962,,,
Aayush Soam Production,Shiv,095558 17962,,,,,
Aayush Soam Production,Shiv Arcade,9897434502,,,,,
Sharad Photo Palace,Divider Rd,098974 34502,,,,,
Suyash Rastogi Photography,"272, Baghpat Rd",096251 33912,,,,,
Ali Wedding Photography,"B-79, DLF",N/A,,,,,
Rastogi Photography,"272, Baghpat Rd",N/A,,,,,
jodi production house,"no. 17, H-66, Street",098735 90199,,,,,
jodi production house,Not provided in the text,Not provided in the text,,,,,
Sagar Album Photo Studio,"Metro plaza, SHOP NO D-118, Delhi Rd",073031 22626,,,,,
Sagar Album Photo Studio,"Aditya Complex, Shop No. E-126",098376 09639,,,,,
Photo Studio 5.0,"Aditya Complex, Shop No. E-126",098376 09639,,,,,
lavyafilmproduction,"1597, Ground floor, Outram Lines, near Nulife Hospital",099999 30990,,,,,
The Ram Sham Production,Not provided in the text,073737 31746,,,,,
The Ram Sham Production,3134 A,073737 31746,,,,,
Wedding Gigs,"D, 85 restaurant, 6/264, Sector 6 Rd",078272 54318,,,,,
Hovitown Shoot,"6/264, Sector 6 Rd",078272 54318,,,,,
Kent photography,"Uma Farm, Tajpur Rd",084484 27611,,,,,
,"first floor, Ithera village, near sai hotel",,Kent photography,081300 32008,,,
R K Photography Studio,"7, Bhupendra Puri St",Not provided,,,,,
R K Photography Studio,"7, Bhupendra Puri St",096390 29839,,,,,
Photodote - Wedding Photography,"Segment 95, no. 144, First floor",087458 30830,,,,,
Gurnoor Photography,"1/6643 Hanuman Road, Main Hanumam Road",098118 75387,,,,,
Weddings By Arc,"Floor, H.no.1072, II",080768 67702,,,,,
A Visual Story,311/2B,082659 48413,,,,,
LifeBytes Production by Harshit Khanna,BM-12,098913 98131,,,,,
LifeBytes Production by Harshit Khanna,311/2B,098913 98131,,,,,
Bharat Films,"77-A Bank Street, Aftab Ki Kothi",099275 55786,,,,,
Foto Cruise,"187A, GROUND",088026 12201,,,,,
Weddings by Knotty Days,"3rd floor, 06",070426 30512,,,,,
3T Weddings - Wedding Photo Studio,"D47, Kunal Residency",084479 30489,,,,,
The Shooting Village,"SHOP NO 6, A-12, near SBI BANK",099997 00350,,,,,
The Shooting Village,"Segment 108: A-12, near SBI BANK",099997 00350,,,,,
Segment 109: Shooting Village,"4535, near nirankari bhawan",099997 00350,,,,,
,13/175-B,N/A,Weddingimage,,,,
Grand Amaree - Wedding venue,13/175-B,079825 95830,,,,,
Jalaj Dhall Films,Not Available,Not Available,,,,,
,"Garh Rd, opp. Gokuldham, Meerut",,Jalaj Dhall Films,8979967817,,,
A.S PHOTOGRAPHY,"shivlok puri, Dr B R Ambedkar Rd",093106 55576,,,,,
Amba Photography,"Building No. A-3, Patel Chest, Delhi University",Not provided,,,,,
The Clik Studios,"B-240, Meerut Rd",No phone number provided,,,,,
The Clik Studios,"B-240, Meerut Rd",090588 54444,,,,,
Wedding Point Photography,"B-240, Meerut Rd, West Delhi",9058854444,,,,,
Exclusive Photography,"34,35, Noorwala Rd",098144 87876,,,,,
,"34,35, Noorwala Rd, Ludhiana",,Exclusive Photography,098144 87876,,,
,"# 470-c , Sapphire Complex, Chownk",,Parkash Film Studio,077105 02100,,,
Bhasin Studio,"Sapphire Complex, Chownk",077105 02100,,,,,
Parkash Film Studio,"Ladowal, Hambran Road",093169 17743,,,,,
Studio Memory Lane,"1047, PAU Rd, near Saggu Chowk",097790 96000,,,,,
NK Sharma Photography,"23 SCF, Alex International",097800 22808,,,,,
NK Sharma Photography,"23 SCF, Alex International Saloon & Academy, Main Market",094646 93210,,,,,
Sharma Digital Studio,"Segment 9: & Academy, Main Market",098885 16960,,,,,
Sharma Digital Studio,"Chandigarh Rd, opp. Kutiya, Shahib Gurudwara",095015 10068,,,,,
Shammi Digital Studio,14 East Garden,095011 87179,,,,,
Anmol Studio,"House No. 789, St. No. 12, Dr Ambedkar Nagar St",078888 58815,,,,,
Studio Vidhi,"Surya arcade shoping, National Rd",070593 00900,,,,,
Studio Memory Lane,"Golden Enclave, 40/1, Kakowal Rd",094177 89899,,,,,
Prostudio79,"269, Ishmeet Singh Rd",098152 28413,,,,,
,"269, Ishmeet Singh Rd",,CINEMANTRA by aroraz studio,098152 28413,,,
Studio Satnam,"Gill Rd, Near Lion Tower",097798 33331,,,,,
DHIMAN STUDIO & MIXING CENTRE,"HOUSE NO, 8867, Street No. 33",093573 90001,,,,,
Kamal Studios,"HOUSE NO, 8867, Street No. 33",093573 90001,,,,,
Kamal Studios,Not available,Not available,,,,,
Sanjay Sharma Photography,"Near Goverment Primary school, Kuliawal, Jamalpur Awana Bhamian Road, Sector 32A",098151 54467,,,,,
Sharma Photography,"Segment 23: school, Kuliawal, Jamalpur Awana Bhamian Road, Sector 32A",098151 54467,,,,,
Sunny Dhiman Photography,"Segment 24: St. 2, Bahadur Ke Road, Chowk",081463 34003,,,,,
Cinematica - Venture of Bhasin Studio,Flower Enclave Road,8530000084,,,,,
SHIVAAY STUDIO,"vijay krisna shop, 179, Street Number 6, near Radhe Krishan Mandir",098784 17009,,,,,
,"Segment 27: Number 6, near Radhe Krishan Mandir",,Sood N Sood Studio,098784 17009,,,
Sood N Sood Studio,"Segment 28, chd. road, Kohara",0161 284 3267,,,,,
Sartaj Studio,"Opp. Rani Market, Kochar Market",098038 87978,,,,,
Saimbhi Creations,"Bxx-2032/3, DMC Rd",099152 11125,,,,,
TPP Ludhiana,"Bxx-2032/3, DMC Rd",099152 11125,,,,,
Sunny Dhanjal Photography & Films,"No. 2/1, #7759, Street, 2, Tibba Rd",098034 54466,,,,,
Sunny Dhanjal Photography & Films,"2-D, 378, 10, Karabara Rd, opp. Diwan Gas Godown",099151 51990,,,,,
Boon Studio,"Segment 34: Karabara Rd, opp. Diwan Gas Godown",099151 51990,,,,,
Lucky Studio Ludhiana,Unspecified,Unspecified,,,,,
Lucky Studio Ludhiana,"Segment 36: L.I.G. Flats, 4098, Dugri Rd",080546 57700,,,,,
Puneet Studio,"467 L.I.G. Flats, Phase 1 Rd",092161 10101,,,,,
𝗔 𝗙𝗼𝘁𝗼𝗴𝗲𝗻𝗶𝗰 𝗦𝘁𝘂𝗱𝗶𝗼 - Maternity & Kids,"174-R, Model Town Rd",097794 48656,,,,,
Narula Photo Video Production's,"Sco 5, Rajguru Nagar Rd",098636 00008,,,,,
Walia Studio,"Shop No. 135-R, Model Town Main Market Rd, Opposite P.N.B.",098782 08009,,,,,
Bollywood Photo Studio,"Ferozepur Rd, opposite ONN Hotel",098149 00543,,,,,
Gee7 Printek Pvt Ltd,764/1 Bharat Nagar,098763 23450,,,,,
Gee7 Printek Pvt Ltd,"764/1 Bharat Nagar Chowk, near Bank Of Baroda",090412 05200,,,,,
SOOD STUDIOS PVT. LTD.,"Dhandi Swami Rd, opp. Dayanand Medical College",0161 463 2468,,,,,
Dayanand Medical College,"3, Dugri Rd",0161 463 2468,,,,,
Mehar Photography,"3, Dugri Rd",094174 17320,,,,,
"['Mehar Photography', 'Abhishek Singla Photography', 'Gaurav Shori Photography']","['3, Dugri Rd', 'Hig 534', 'B-34/5298']","['N/A', '094174 13392', 'N/A']",,,,,
Gaurav Shori Photography,B-34/5298,080543 68899,,,,,
Parv Kalia Photography & Films,"#11442, St No 8, Subhash Nagar Rd, Near Baba Balk Nath Mandir",098724 97491,,,,,
Sharman Studio,"Nagar Rd, Near Baba Balk Nath Mandir",098724 97491,,,,,
"['Sukh Photography', 'Prabh photography']","['MH3X+C5H Talwandi Road, ROAD, near NEW BUS STAND', 'Shop No, 8']","['098154 81994', '094655 41342']",,,,,
Prabh photography,"Shop No, 8, Shaheed Baba Deep Singh Ji Chowk",086961 00005,,,,,
Nagi photo Studio,OPPO,N/A,,,,,
Nagi photo Studio,"Singh Sahba Gurudwara, 247/64",081464 12421,,,,,
OPPO,"Singh Sahba Gurudwara, 247/64",081464 12421,,,,,
Red Art Films,"Tajpur, Bet",090238 90010,,,,,
Fateh Photo Studio,"Vill, Pakhowal Rd",090238 90010,,,,,
Shanudeep photography,"Barewal Rd, near Punjab national bank",Not provided in the text,,,,,
Raman Sahni Photography,"Ground Floor, Ground Floor, Ground Floor, 257-A, Model Town Ext",098726 22660,,,,,
ELL BEE DIGITAL STUDIO CINEMATOGRAPHER,"140, Street No 3",098886 84688,,,,,
The Image Studio,"1a, Ferozepur Rd",098140 22321,,,,,
New Light Studio,"Shop No. 70, Kamla Nehru Market, Near Railway Station Exit Gate, Clock Tower Road",099154 47799,,,,,
I Pixel Studio,"Krishna Mandir, Back Side Singh Sabha Gurudwara, SCO 28A, Fateh Complex, Krishna Mandir Rd",098727 09700,,,,,
Akaal Videos,Dugri-Dhandra Rd,083602 36001,,,,,
Lensrecordz,backside keys hotel,N/A,,,,,
Photo City Location,"backside keys hotel, 12",8284819903,,,,,
Jsn photography,Near Sonalika Tractor Agency Bus Stand Kauri,075298 00093,,,,,
"['Jsn photography', 'Preet FOTO Studio']","['St. No .1, opp. Union Bank ATM', 'WHRJ+R3J']","['075298 00093', '075037 67503']",,,,,
Preet FOTO Studio,"Segment 69: No .1, opp. Union Bank ATM",075037 67503,,,,,
Jasmeet Bindra Photography,43-e,099889 38885,,,,,
Rubel Riat Photographer,"1151, Gill Rd, behind Sardar Complex",094634 07053,,,,,
Kochar Studio Photography,"VRVP+H4C, Kochar Market Rd, Near Sampuran Marriage Palace",094634 07053,,,,,
Shanky Digital Studio,"WV8M+MM3, Tajpur Rd, Near Government School",097808 74100,,,,,
Gee Kay Photography,"Baba Nand Singh Marg, Raikot Road, Near",096535 03607,,,,,
Framed Memories,"177/181, First Floor, Main Road, behind Petrol Pump",096535 03607,,,,,
iconic photography ldh,"177/181, First Floor, Main Road, behind Petrol Pump",N/A,,,,,
Cloud Tone Weddings,"House No 6, Street Number 2",,,,,,
Randhir Studios,"NH-07 Sangrur-Patiala, Road",098559 95000,,,,,
Amul Studio & Colour Lab,"near, Gill Rd, opposite PNB, near JANTA NAGAR CHOWK",098780 10001,,,,,
Tina Studio - Best Photographer,"Aastha Hospital, Krishna Nagar Rd",098140 63709,,,,,
Aastha Hospital,Krishna Nagar Rd,098140 63709,,,,,
Picista Studios,"3636, Jassian Village Rd",087270 00204,,,,,
Prince Studio,"Backside ATI College, Waheguru Rd",0161 505 1300,,,,,
Vaaho Photo Color,"Shop No 19-21, Gian Singh Rarewala Market, Near Passport Office Near Aakash Deep Complex",020 1501 0801,,,,,
,Near Railway Station,098142 35426,,,Sonia Studio Photography,,
Creative H Studio,"18 B, near Govt. Rest House",098786 54264,,,,,
Parvez Photography - Wedding Photographer & Cinematographers,"Lal Haveli nabha Bir dosanjhan, villages saluwala",098786 54264,,,,,
Bhullar Art Gallery,"Segment 88: studio, Bir dosanjhan, villages saluwala",098556 37023,,,,,
Bhullar Art Gallery,Jagraon,098556 37023,,,,,
Studio FotoPixel,S City Main,098149 03421,,,,,
Studio FotoPixel,"S City Main Rd, opp. GK Dairy",070717 88000,,,,,
Viraasat Locations,"Segment 92: City Main Rd, opp. GK Dairy",070717 88000,,,,,
Viraasat Locations,"Behind Mehl Farms. Bondli Village, Samrala",,,,,,
Amit Studio LUDHIANA,"Baba Shri Chand Colony, 33 Feet Road, Street Number 2, near Ghai Mkt. Chowk",098786 66365,,,,,
Mehra Photography,"Segment 95: Number 2, near Ghai Mkt. Chowk, Ludhiana",085280 53855,,,,,
Silver Spoon,near Grand Silver Spoon,085280 53855,,,,,
Moonlight Studio,"WR6M+859, Government College Rd",0161 244 7271,,,,,
TRIPLE R PHOTOGRAPHY,"WVH8+9HH, Main Rd, near SDP School",0161 244 7271,,,,,
TRIPLE R PHOTOGRAPHY,"Shop No. 1, Rasila Nagar, Kutia Road, Basti, Danishmandan Rd",097808 82081,,,,,
V. K. Studio,"1, Rasila Nagar, Kutia Road, Basti, Danishmandan Rd",097808 82081,,,,,
Sunny Jaswal Photography - Best Wedding Photographer In Punjab,"Gwara Rd, near Satnam Hospital",090411 48558,,,,,
Sunny Jaswal Photography,"Gwara Rd, near Satnam Hospital, Nakodar - Phagwara Rd","090411 48558, 074360 00036",,,,,
Arora Portfolio,Khothran Rd,097801 48703,,,,,
Arora Portfolio,"Shop no.3, First Floor, Malhotra Complex, opposite Singh Sabha Gurudwara",097813 24444,,,,,
Arora Creation Photography,"1st Floor Ravinder Nagar, opp. Ananya Jyoti eye care Hospital, near Cheema Chownk",098773 93896,,,,,
eye care Hospital,near Cheema Chownk,098773 93896,,,,,
D7 Film Villa,"Barnala Moga, Byepass",098155 92942,,,,,
Rozy Photography,"Jain Bhawan Road, Mullanpur",N/A,,,,,
Sunder Tele Film Studio,"Char Khamba Rd, near Sood",098035 14388,,,,,
Sunder Tele Film Studio,"Char Khamba Rd, near Sood Atta Chakki",098150 09787,,,,,
Studio 9 Amit,"Shop no 1 Bhojowal Gate Near Rama Mandi, National Highway, 70",094178 12758,,,,,
Puja Video Studio,"Segment 112: Near Rama Mandi, National Highway, Ludhiana",094178 12758,,,,,
Puja Video Studio,Benjamin Rd,095019 06657,,,,,
Lord Bala Ji Studio,"1812 Basant Avenue, Near Ram Ji karyana store",098882 53944,,,,,
Hari Om Studio,"Market, Street Number 7, beside Janakpuri",098760 35064,,,,,
Hari Om Studio,Main Market Rd,078892 38315,,,,,
Segment 117: Photography studio,Main Market Rd,078892 38315,,,,,
Creative Dragon Art,"opp. Guru Tegh Bhadur School, Moti Nagar, Main Road",098726 18910,,,,,
Bobby Photography,"Main Market, adjoining K.S Tailors",098154 04177,,,,,
Shivam Arora Photography,"B-3, Ground Floor",098119 46126,,,,,
Dilip Photography & Films,"152, 1st Cross, 18th Main Rd, near Domlur Flyover, behind Mainland china",090376 76061,,,,,
Dilip Photography & Films,"2nd floor, Office, Pamadi Chambers, 9, DVG Gundappa Rd",095353 52005,,,,,
Royale Camera Bengaluru,"3rd Cross Rd, Hennur Cross, opp. Grace Garden Apartments",090196 17471,,,,,
Royale Camera Bengaluru,"929/A, VTN Arcade, 2nd floor, Above Union Bank, BTM 4th Stage, near Bangalore",090363 61020,,,,,
Richie Films,"#106, Sunkal Farm, BTS Main Rd",098861 72907,,,,,
More Than Red,"10th Main, 10th Cross Rd",099862 10596,,,,,
More Than Red,"271, 20th Cross Rd",098862 56661,,,,,
Vivek Krishnan Photography,"No 3478/J, 4th Floor, Shiva Krupa Chiru Mansion, 13th A Main Rd",089044 45346,,,,,
Click Madi,"1st Floor, 4th Main, 5th Cross Rd",080737 39948,,,,,
Madi Visual Production and Event,"6th block, 30, 6th Cross Rd, near Bangalore Development Authority Complex",077605 28405,,,,,
One Horizon Productions,"3rd Floor, KM Plaza, 76/40, Bannerghatta Rd",090368 47711,,,,,
The Candid Pictures,"454, 21st Cross Rd",063626 21993,,,,,
Wedding Raja,Kiran &,097318 28282,,,,,
"['Wedding Raja', 'Zero Gravity Photography']","['Kiran & Karan Complex, #24, 1st floor, 560076 2nd cross, 1st Cross Rd', 'Second']","['086603 12694', 'N/A']",,,,,
Creative Chisel,"P-243, First Floor, 9th Main",098407 67566,,,,,
Mayartha Productions,"405/A, new",N/A,,,,,
Mayartha Productions,"405/A, new diagonal road, 18th Cross Rd",081971 16292,,,,,
Mayartha Productions,"41, 1st floor, BDA, 80 Feet Road, opposite to G R Heights",095383 13749,,,,,
WEDNEO Photography,"NEXT COWORKS, Ranka Colony Rd, above TATA Star Market",072041 98900,,,,,
Zero Gravity Photography,"Second floor, Smart Avenue, No 28, Residency Rd",098407 67566,,,,,
The Wedding Moments,58/3,N/A,,,,,
The Wedding Moments,"58/3, Gandarvagiri Karishma Hills Road, Subramanyapura Post, Kanakapura Rd",9731210666,,,,,
Reload Photography,"RELOAD ENTERTAINMENT ®, Bagmane Laurel",076767 54542,,,,,
Hemanth Photography Bangalore,"16/5 ground floor 7th main road, 7th cross Rd",088925 18928,,,,,
AKV Photography,"41, 1st floor, BDA, 80 Feet Road, opposite to G R Heights",095383 13749,,,,,
WEDNARA,306,N/A,,,,,
WEDNARA,Dasarahalli Main Rd,088925 12187,,,,,
Neeta Shankar Photography,"Laughing Waters, No 190, 6th Main",099809 23130,,,,,
DreamTales Studio,"2nd Floor, ARR Nest 2282/A 6th Cross, Kodihalli, 16th E Main Rd",078998 97733,,,,,
ONEIRO by Anbu jawahar,"13, Ramakrishnappa Rd",081108 01012,,,,,
MOHAN STUDIO FILMS,"42 Mallikarjunappa lane, Diwan",099020 12394,,,,,
MOHAN STUDIO FILMS,"42 Mallikarjunappa lane, Diwan Khan Ln",099020 12394,,,,,
Segment 34,"42 Mallikarjunappa lane, Diwan Khan Ln",N/A,,,,,
Shamaant Malnad Photography,"Sanjaynagar no 6 Lakshmi Nivasa, 3rd Main, 2nd Cross Rd, near Akai Public School",063632 51621,,,,,
VIN. Photography,"Segment 36: Cross Rd, near Akai Public School",063630 76370,,,,,
Dakshin Wedding Photography,"Near Guhantara Resort, 177/5/19, Kanakapura Rd, Bangalore",076250 53573,,,,,
Dakshin Wedding Photography,"Segment 38: Rd, near Guhantara Resort",076250 53573,,,,,
Dakshin wedding photography,near New Horizon School,not provided,,,,,
Divine Photography,"No. #51/A, 2nd floor Manuvana Hosahalli Extension",081231 17888,,,,,
Foto India,"65/b, Sri Krishnadevaraya Rd",098440 93173,,,,,
mrfstudiobangalore,"2nd Floor, Gowramma",N/A,,,,,
Grooveab Photography,"2nd Floor, Gowramma Building, 8th Cross Rd, near IG Circle",088840 99910,,,,,
Grooveab Photography - HQ,"Segment 44: Rd, near IG Circle",098865 12503,,,,,
Avyuktaphotography,"Do. No 36, Sri Ranganatha Swami Nilaya, 1st Main Rd",090082 03206,,,,,
Salt & Pepper by Studio Ank,"332, NATASHA GOLF VIEW, 2, 100 Feet Rd",098802 55388,,,,,
Vmamba photography,"104, Block 4, Suncity Apartments, Marathahalli - Sarjapur Outer Ring Rd",099005 11905,,,,,
Vmamba photography,"15, 3rd Main Road, 7th Cross, Ayyappa Swamy Temple Rd",095777 91333,,,,,
DREAM PHOTOGRAPHY,"building, 4",N/A,,,,,
DREAM PHOTOGRAPHY,"building, 4, St. Thomas Forane Church, 2nd floor, 2nd, N Cross Rd",098863 73315,,,,,
MKB Candid Photography,"No.17, 3rd floor, ISRO Rd, above Van Heusen showroom",098451 76750,,,,,
Pixelena Studio,"post 1177, 1st Main Road",N/A,,,,,
Pixelena Studio,"post 1177, 1st Main Road Dr Ambedkar layout, Kavalabyrasandra",097391 59613,,,,,
Rimi Sen Photography,"Segment 54: Dr Ambedkar layout, Kavalabyrasandra",097391 59613,,,,,
Sen Photography,"Sri Patel K.T. Balappa Complex, Yelahanka, 218/2, Bhishma Circle, near Lumbini International School",086609 99801,,,,,
SHISHIR GAURAV PHOTOGRAPHY,"B5-122 DLF Westend Heights, Begur - Hulimavu Rd",074112 19631,,,,,
Memory Studios,"19, 10th Main, 11th Cross Rd",080507 32062,,,,,
35Frames Photography,"appratments, Sri Lavanya Serenity, 006/22, 13th D Cross Rd",099004 91382,,,,,
Journeys by Vivek,"220, 1st Main Rd",099004 91382,,,,,
Journeys by Vivek,"220, 1st Main Rd",099014 26988,,,,,
Stories of Pixel,Studio Bangalore,099014 26988,,,,,
Nishant Ratnakar Photography,"No. 149/A, 1st Floor, Shiva Mansion, 4th Cross",081477 77462,,,,,
GlamTown Studio,"165/7 1st Floor Srinivasa Clinc, Nagappa St",098862 39716,,,,,
Srinivasa Clinc,Nagappa St,098862 39716,,,,,
VK Photo Click Studio,"35, Basement, VK Photo Click, Annapoorna Complex, S End Rd",088800 02425,,,,,
Click,"Annapoorna Complex, S End Rd",088800 02425,,,,,
Chenthil Photography,"169/7, ITPL Main Rd",098441 19321,,,,,
Chenthil Photography,"169/7, 6th Cross, Asha Township, Kothnur Post",070198 50984,,,,,
Swapna Photo Studio,"169/7, 6th Cross, Asha Township, Kothnur Post",098440 43107,,,,,
Weddingclickz,"industries & commerce layout, 99/A, sri rama arcade, 16th main road, 6th Cross, near maggi adda",089513 30399,,,,,
Weddingclickz,"2nd floor, 47th Cross Rd",097402 22927,,,,,
Nimbaja Events - Photography and Videography,"Lake, G2, Century 21 WaterFront Apartment Serenity Layout, opposite to Kaikondarahalli",095383 88339,,,,,
P3A Photo Studio Bangalore,"No 69, 1st Floor, 1st Main, 4th Block Srinivagilu Tank bed. Extension BDA",077950 40626,,,,,
Parichay Photography,"F, Klassik Nest Apartments, 3C, 27th Cross Rd",098867 75311,,,,,
Nest Apartments,"3C, 27th Cross Rd",098867 75311,,,,,
Shoot In Studio,Gadigarapalya,091487 91692,,,,,
Kalakshaya Photography,"Gadigarapalya, Chikka Madurai Rd, Chanadevi Agrahara",090363 20565,,,,,
Kalakshaya Photography,"17/1, 1st floor, 11th Cross Rd",063601 76116,,,,,
Phodeo By Dharshan,Malabar hotel,063639 00408,,,,,
Malabar hotel,"376, 7th Cross, 2nd Main Rd",063639 00408,,,,,
Pixel Chronicles Production,"5, 3rd Cross Rd, near Haiku Honda Service Center",090085 04821,,,,,
Pixel Chronicles Production,"House No : 225/10 23rd Cross, 6th Block Jayanagar, near Yediyur",095380 10506,,,,,
Devi Studio,"No.46/2, Narasimha Towers, 4th Cross Rd",080 4278 1836,,,,,
Your Little Saga,"6/1, Kalkere Main Rd",084315 86460,,,,,
Kiran Productions,1147,088922 44554,,,,,
Kiran Productions,"1147, Ground Floor, 1st Main Rd",087142 10286,,,,,
Garuda Digital,"41, Kalarava, 2nd cross, 2nd main, behind sollapuradamma temple",083102 51372,,,,,
Garuda Digital Arts®,"15, SR COMPLEX, 1st Main Rd, near Moodalpalya Main Road",097399 36668,,,,,
Mega Mind Production,53/1 2nd floor 1st block,095133 73111,,,,,
RN Pictures,"3rd Cross, 1st Block, Ashoka Pillar, 3rd Cross Rd",097318 28282,,,,,
RN Pictures,"A2, MAHAVEER RANCHES, 105, Hosa Rd",097408 62691,,,,,
Ullas Dinamani Photography,"ETA Star The Gardens Apartment, near Binny Mill Circle, opposite Angala Parameswary Temple",099723 62097,,,,,
Epic photography,"515 1st main, 5th Cross Rd",090715 07474,,,,,
One Frame School of Photography,"515 1st main, 5th Cross Rd",090715 07474,,,,,
Claude Loren Photography,"Segment 96: 24, 12th Main Rd",097408 36855,,,,,
Loren Photography,"535/A 1st Floor, 41st Cross Rd, above",097408 36855,,,,,
Radha Photos,"535/A 1st Floor, 41st Cross Rd, above Vijay Bank",098804 75863,,,,,
50mm Studios,"Athreya 2nd Floor, 28/5, 18th Cross Rd",099003 35050,,,,,
Aashish Photography,"No.2/5, Sai Elegant Apartments, Subbaraju St",077889 95566,,,,,
Elegant Apartments,Subbaraju St,077889 95566,,,,,
Vijayeesam & Co,"Lancer Building, 120, Brigade Rd",N/A,,,,,
HashtagCapture,"54, Bazaar St",093566 04751,,,,,
weddings by pru,"54, Bazaar St",093566 04751,,,,,
weddings by pru,PES College Rd,070195 92008,,,,,
Tulips Studio,Not specified in the provided text,Not specified in the provided text,,,,,
Tulips Studio,"27 2, 3rd Cross Rd",086184 08471,,,,,
Metro studio photography,"10, Chinmaya Mission Hospital Rd, behind Gate",099802 89727,,,,,
Akhil Khatri Photography,"No 1586 (44), 3rd Floor, E End",099802 89727,,,,,
Akhil Khatri Photography,"No 1586 (44), 3rd Floor, E End Main Rd, near Sri Ram Mandir",094475 14696,,,,,
Zara Studio (Wedding Photography),"15, 12th Cross Rd",94824,,,,,
Zara Studio (Wedding Photography),"15, 12th Cross Rd",094824 22999,,,,,
Peacock Studio,Not specified,Not specified,,,,,
Vivaha Films Photography,"952, 163, 2nd Main Rd, opposite sves school",063600 94854,,,,,
Vivaha Films Photography,"3390, 39, 5th Main Rd, near Hampi nagara post office",099016 06600,,,,,
Green Screen Studio,"112/1, 2nd floor, Mangammanapalya Main Rd, above Jolly Auto Parts",090367 97773,,,,,
Simu Groups - Wedding Photographer,"3rd Floor, Chartered Center, 14, Hosur Rd, opp. Bescom Office",081242 22266,,,,,
Simu Groups - Wedding Photographer,"54-1, 1st B Main Rd",081242 22266,,,,,
Pixas Studios,"#103, 3rd Floor, Art Arcade, above Helios Watch Showroom",N/A,,,,,
SS Digital Photography,"60, Rangarajapuram Main Rd",095975 59988,,,,,
"['Rohan Mishra Photography', 'Createrz Candid Studio']","['A403, Casagrand Supremus Block-14, Casagrand Supremus, SIPCOT-Thalambur Rd']","['095975 59988', '099400 90869']",,,,,
Casagrand Supremus,SIPCOT-Thalambur Rd,099400 90869,,,,,
Candid Red Studios,No,Unknown,,,,,
Chennai Wedding Photographers,"No. 1, First Floor, MGR Street, Velachery Main Rd",091761 91746,,,,,
Chennai Wedding Photographers,"No. 294 N, O, 212, Arcot Rd",095000 95581,,,,,
CreativeWeddingphotography,"158, Eldams Rd",098401 91903,,,,,
Weddings by Zhagaram,"ILB RAMESH, 9/19, 19th St",075500 22215,,,,,
Dhilip Studio - Wedding Photographers,"No: 4/1, Mandaveli 1st Street, near Karpaga Vinayagar Koil",091762 31420,,,,,
7Clicks Photography,"No.267/9, 18th Main Rd",097910 21036,,,,,
Snoot Meister Photography,"3/476, Valayapathy street, street",096004 44579,,,,,
Infinity A Media Store Photography Studio,"Sree, Sayee Complex, 7/120, F3, Sornambikkai flats, 4th Main Road, Muniappa Nagar Main Rd",095662 25810,,,,,
Smiley Media,"#15/16, 3rd Floor, Sainath Enclave, Ayyavoo Street, Shenoy Nagar",098419 11196,,,,,
WIDE ANGLE PHOTOS & EVENTS,"Old No: 723, New 488, Poonamallee High Road, 2nd Floor Aminjikarai Chennai - 600 029 , Land Mark, adjacent to Pachaiyappa College Metro Railway Station",080562 56778,,,,,
ASHOKARSH,"137, Ground Floor, Vsr",090879 88855,,,,,
MagicLens Studio,"137, Ground Floor, Vsr Paradise, Pillaiyar Koil St",076000 70004,,,,,
MagicLens Studio,"1st Floor, 3/12, Kamarajar St",099402 14224,,,,,
Yagappa Photography,"NO1, 2nd St",072002 20074,,,,,
Moments book photography,"NO : 5, near Canara ATM",088384 88812,,,,,
Aliens Photography,"S-1, 2nd Floor, Plot No.31, 2nd Street, SSR Pankajam Main Rd",098404 67333,,,,,
LNC Photography,"Lakshmi Bhawan, 609, Ground Floor, Mayor Sundar Rao Rd",096770 49218,,,,,
JD Photomoments,"NO : 5, near Canara ATM",088384 88812,,,,,
JD Photomoments,"10, Akash enclave, 4th Main Rd",089397 87600,,,,,
Wonder One Media,"No. 5, 2nd floor, Sriram's Manasarovar, 18, South Ave",098841 90959,,,,,
Wonder One Media,"Flat B, KRISH ACACIA, 46",091500 53910,,,,,
Dhaya Photography,"Yogesh palace, 41/2, Vanniar St",091500 53910,,,,,
Focuz,"Yogesh palace, 41/2, Vanniar St",098844 45100,,,,,
Focuz Studios,"39, Second Floor, 2nd St, Chennai – 600006",080155 55500,,,,,
WedEngage Solutions Pvt Ltd,"Segment 29: Second Floor, 2nd St",073388 22699,,,,,
"['WedEngage Solutions Pvt Ltd', 'Shot Memories Wedding Photography Chennai', 'Muthu Kannan Photographer']","['78, Sri, 4th Street', '13, ...']","['073388 22699', '099620 12288', '...']",,,,,
CANDY EXPRESS PHOTOGRAPHY,"13, 4th St",097908 36256,,,,,
CANDY EXPRESS PHOTOGRAPHY,"NO. 191,192,193, 2nd Floor, Raahat Plaza",081482 15818,,,,,
Anandan Digital Photos & Videos,"4, Bhaskara Street",098421 53873,,,,,
Macro Fotography,"105 Annai therasa nagar, 105, 11th St",063822 42290,,,,,
,"5/2, Nerkundram Pathai",,Insta Photography,098434 33439,,,
Zero Gravity Photography,"5/2, Nerkundram Pathai, Chennai",098434 33439,,,,,
"['Artique Studios', 'Colour Cascade Photography']","[""67'a, SRP Colony 6th St"", '35']","['084384 41818', 'N/A']",,,,,
Rolls and Reels,"35 Block4, Bajaj Apartments Block #4Flat, 1A",098840 76547,,,,,
Rolls and Reels,"Segment 39: Apartments Block #4, Flat 1A, Chennai",098840 76547,,,,,
Rolls and Reels,"No 71, S2,Second Floor, VGP Selva Nagar 2nd Main Road",097104 49033,,,,,
Creation Frame Makers,Karpura St,094471 26219,,,,,
,"24, Maharajapuram Santhanam Salai",,Incognito Frames,099400 27692,,,
Incognito Frames,"No.1, b- block Railway Border Road Keerthi flats",097898 94197,,,,,
Festus Studios - Wedding Photography & Filming,"No : 338, 16, 2nd Ave, above Palam Silks",099944 43641,,,,,
ko studio premium wedding photography & cinematography,"samyapuram 4th main road, karimanagar thandalam",098848 89935,,,,,
NAGADEV PHOTOGRAPHY,"No:22, 27, Police Commissioner Office Rd",086106 51230,,,,,
My Wedding Clicks,"N0, 50/B, Puzhuthivakkam Main Road",078273 78274,,,,,
The Wedding Gallery,3rd,090250 52520,,,,,
The Wedding Gallery,"3rd floor, 15/4, Subramaniam St",099627 72719,,,,,
Arrow Focuz Photography,"11, AP 1076, 18th St",098406 43691,,,,,
Arrow Focuz Photography,"01 Appu Street, 34, Valluvar Kottam High Rd",096989 87687,,,,,
Yadav Photography,"1st floor, Opp: Megamart, No: 6, Gandhi St",098407 77438,,,,,
Zero Watts Photography,"No:1/2, First Floor, Duraiswamy Rd",089397 00777,,,,,
Infinite Art By Pradeep Sekar,"No:1/2, First Floor, Duraiswamy Rd, Chennai, Hyderabad, Coimbatore, India",089397 00777,,,,,
Once More Photography - Classic & Candid Wedding Photography,"No 2451, LIG II, 3rd Main Rd",096770 06647,,,,,
The i2 Studio,"No.1, 1st Floor, Vathiyar Thottam, Main Rd",095000 91155,,,,,
The i2 Studio,"No :340, First Floor, Sunnambu Kolathur Main Rd",099403 60434,,,,,
576megapixelss Photography Studio,"14A, Ground Floor, near Vani Matriculation school",073580 00576,,,,,
Venkatesh Photography,"new no248, old, no 185, Royapettah High Rd, near naidu hall",098400 61222,,,,,
First Frame Photography,"F2, Jeyam Arjun Appartments, 1, Suguna Colony",098405 47398,,,,,
Click Click Photography,"Esic staff quarters, Sterling Rd, opposite Indian bank",070103 09601,,,,,
Chennai Studio,"117, Nelson",Not provided,,,,,
signatures by sriram raghu,"62, Veerabadran St",093441 93602,,,,,
The Shaadi Stories,"62, Veerabadran St",099405 90698,,,,,
['Flash Photography'],Gowrichitra Garden,No phone number provided,,,,,
Triangle Services Photography,"Gowrichitra Garden Complex, Bus Terminus, 2/2, Arcot Rd, near Vadapalani",095000 08210,,,,,
Triangle Services Photography,"Manickam Garden, No 1, Block b, Flat s2 Adanjiamman Koil, Street",091760 76956,,,,,
Say Cheese - Captures,"Old No.25, New No.6, Sakthi Nagar, Viswanathapuram Main Rd",098846 92928,,,,,
Phodio Private Limited,5B,095000 91155,,,,,
Phodio Private Limited,"5B, Ramachandra Ave",095148 23957,,,,,
Roving Lens,"A 34, 5th Cross Street",098410 10451,,,,,
,"A 34, 5th Cross Street, Palkalai Nagar, Palavakkam",,Roving Lens,098402 42606,,,
LE 24 Photography,"1st Floor, 926, Bazaar Main Rd",063815 55724,,,,,
Moonstruck Wedding Photography,"No. 21, 9th Cross",N/A,,,,,
Moonstruck Wedding Photography,"No. 21, 9th Cross St",098841 03124,,,,,
STUDIO L1 PHOTOGRAPHY,"90, Pantheon Rd",098408 35304,,,,,
STUDIO L1 PHOTOGRAPHY,"Shop No:22, Bhaiya Complex, Purasawalkam",086100 36597,,,,,
RS Visual Studio,"Shop No:22, Bhaiya Complex, Purasawalkam High Rd",098410 17082,,,,,
Roll on Two,"C4, Mohanam Wing II, Ragamalika Apts, Thiruvengadam St, RA Puram",090030 33739,,,,,
Studio A by Amar Ramesh,"2nd Floor, JPS Building, Indian Officer Association Complex, 69, Sri Krishnapuram St",072999 22881,,,,,
Sparkish Media Photography,"3, Royapettah High Rd, Chennai",075501 49690,,,,,
"['Sparkish Media Photography', 'Wedding Care Photography']","['No 109 & 110, 4th floor, Saffan Square, Pasumpon Muthuramalinga Thevar Rd']","['075501 49690', '081448 89984']",,,,,
Capturing Weddings - Wedding Photography,"NO, 17, Palla St",099621 23490,,,,,
Capturing Weddings,"52A, 1D, 1st floor, Raag Durbar Apartments, Sterling Rd",044 2820 4233,,,,,
Vijayakumar Photography,"508, 5th floor,Kaveri Complex, 96. M G Road, Nungambakkam High Rd",094445 08947,,,,,
GM PHOTOGRAPHERS,"21, 11, Balaji St, near Samiyar Madam",098402 24927,,,,,
Graphick Stills Photography,"Dharshan IInd Floor, 14, 2nd St",044 2827 1946,,,,,
MADRAS PETTI,"255, Kilpauk Garden Road",093446 09695,,,,,
SREESHA DIGITAL,"Shop No 5, Chitra Avenue, 9, Choolaimedu High Rd, opp. Christ Church",095516 55907,,,,,
,"New no. 49, Old no, 13, Habibullah Rd",,Fifth Angle Studios,088700 42555,,,
First Human photography,"Segment 91, no. 13, Habibullah Rd",099405 64913,,,,,
First Human photography,"No-93, B7 , 3rd floor, Lakshmi Towers, Arcot Rd",097913 18023,,,,,
Chennai Wedding & Events Planner,"49, Bangaru St",098414 54057,,,,,
Chennai Wedding & Events Planner,"16/106, SRP Colony 4th St",098414 54057,,,,,
Rehoboth Photo Company- Best Candid Photography,"Land Mark ( Near Anna Theater & Bata showroom, VGP Victory House, No:17 3rd Floor, Anna Salai",095660 94459,,,,,
FotoFlik,"10, 3rd St",N/A,,,,,
Magic Elephants,"9/5, First",096000 73028,,,,,
Magic Elephants,"9/5, First Floor, 1st Trust Cross St",091760 73592,,,,,
Wedding moments,"W-15 north main road, Park Rd, near church",072000 16561,,,,,
