RentOclicK,D-57 Vihara,09454757252,,
,"D-57 Vihara Innovation Campus, 100 Feet Rd",,RentOclicK,7303554425
,"Vihara Innovation Campus, 100 Feet Rd",,Picnara,9650358847
,"B-48, Open 24 hours",,Picnara,9650358847
,8/48,,Amit Studio,N/A
,Amit Studio 4.9(110) Wedding photographer · 8/48,,Oriental Bank Of Commerce,9580102966
,Not specified in the text,,MEET 'N' GREET EVENTS & PHOTOGRAPHY,9307418884
,"Plot No. 7, mini HIG Mahashri, Dayanand Vihar Rd",,MEET 'N' GREET EVENTS & PHOTOGRAPHY,9140589668
,"Near Arya Nagar Chauraha, Shop No 203 Tulsa Complex, Oposit Axix Bank",,Nitish Bajaj Studio,9454757252
Gayatri Studio,New Viman Nagar,090444 43802,,
,"New Viman Nagar, opposite Bharti Vidya Mandir Inter College Patel nagar, 208007",,The Wedding Birds,9919694369
,"M Block, 117, Kakadeo Rd",,Utsavfx Studio,6389058058
,"133/159, second floor",,Utsavfx Studio,8009100092
,"34 a, chakeri Road",,Wedding memories Studio,9919776275
,"Krishna Complex, opposite Khalsa girls degree college, below bank of baroda",,Wedding Memories Studio,9721995500
,C-458,,Scarlett Photography,8808070605
,"C-458, Kanpur",,Scarlett Photography,7651816416
,Not mentioned,,Bharat Films and Photography,Notmentioned
,Not specified,,Bharat Films and Photography,8299172651
,Studio Ritika |Best wedding photographers in kanpur Naubasta,,Bharat Films and Photography,8299172651
,"293 C, Hamirpur Rd, Naubasta, Kanpur",,Studio Ritika,7007180275
,179 sector I,,Chitransh Digital Studio,8896961305
,"117/P/514 120 Feet Road, Chhapeda Sabzi Mandi",,Chitransh Digital Studio,9919716014
,"Segment 24, 120 Feet Road, Chhapeda Sabzi Mandi",,Destiny Wedding Photography,9919716014
,"1070 Open, Kanpur",,Kalpana Studio,9026980284
,Unknown,,Kalpana Studio,9369641002
,"105/622, Fahimabab Labour",,V.S.A PHOTOGRAPHY,7084220264
,"105/622, Fahimabab Labour Colony Halim College Rd, near chandrika devi chauraha",,V.S.A PHOTOGRAPHY,6387346672
,118/67,,DEV ART PHOTOGRAPHY,6387346672
,"C8M2+5GW, Subji Mandi",,Darpan Studio,6393947770
,"C8M2+5GW, Subji Mandi Rd",,Aryan verma photography,6393947770
,"C8M2+5GW, Subji Mandi Rd",,Segment 32,9336617073
,"65/25 65/101, Hoolaganj Rd",,Wedding Motions pictures Kanpur,9839359112
,"B-1693, Awas Vikas Rd",,Shruti Fotos,9838006361
,"B-1693, Awas Vikas Rd",,VG FILMS & Studio,9795213661
,"Lenin Park, Shop",,Shammi Studio,N/A
,"Lenin Park, Shop No. 106/384A P Road",,Shakti Digital Studio,9044301749
,"police chauki, 293-C, Hamirpur Rd, beside police chauki, beside basant vihar",,Shakti Digital Studio,9839137898
,"315 A, 2nd floor, near police chauki, beside basant vihar, Kanpur",,Nav durga studio,9839137898
,Address not provided in the text,,CHEHAK PHOTOS,Phonenumbernotprovidedinthetext
,"315 A, 2nd floor, near concept library",,CHEHAK PHOTOS,8874871738
,Segment 42: Kanpur,,CHEHAK PHOTOS,9389666011
,"111A/414, near Cent Fransis Inter College",,Singhwani Films,9839161651
,rajlaxmi complex Shivkatra,,AY Photography,9839161651
,New Chhabra Market,,The Weddingclik,9336271354
,120/254,,Cuddle and Boo Studio,9369752203
,"120/254, Near pathway lab, Lajpat Nagar Rd",,Cuddle and Boo Studio,9871917260
,"Lajpat Nagar Rd, Kanpur",,Cuddleandboo,9871917260
,10 Block,,Shadi Mubarak,9125830101
,10 Block,,Anandeshwar Photography Studio,9125830101
,"['10 Block', '24/106, Birhana Rd, near Tapeshwari temple', 'H-1021']",,"['Shadi Mubarak', 'Anandeshwar Photography Studio', 'Soulmate Photography']",
Soulmate Photography,"24/106, Birhana Rd, near Tapeshwari temple",083186 49725,,
,"Mainawati Marg, near Kanpur",,Zone Studio (video & Photography),9696960920
,"104/424 Ashadeep Complex, P Rd",,Kapoor Studio,9696960920
,"104/424 Ashadeep Complex, P Rd",,Piktureperfkt photography,9560166899
,"107/171, P Rd",,Ayush movies,9560166899
,"107/171, P Rd",,Ayush movies,Notprovided
,"1st floor, khairabad eye, 112/215 A(1, hospital lane, opp. dr. Amit Chawla clinic",,Shakti Studio,9889805916
,"101/60, near Lal imli Cycle Market",,MY WEDDING STUDIO,9889805916
,"101 / 60, near Lal imli Cycle Market, Kanpur",,Jaiswal films photography,9335387803
,"Palak movie, Kanpur",,Aditya photography kanpur,NotAvailable
,"Shop No.3, Ganga Market",,Aditya photography kanpur,7522844844
,"['kanpur', '104 438, P Rd']",,"['Aditya photography', 'Tushar Gupta photography', 'S.K Film & Event']",N/A
,"104 438, P Rd",,Gupta photography,N/A
,"124 EWS, 4 Open",,Beena Photography,Notmentioned
,"Lig 1, Ratanlal Nagar Main Rd",,Bank of Baroda,N/A
,"45, JK Rayan Ln, near Saurabh PCO",,Ramji Studios,9919222244
,145/a,,Anamika movies photography,N/A
,30/4 Block 3 Govind,,Kashmir Studio,8564063887
,"145/a, Kanpur",,Anamika movies photography,8564063887
,117/113 P-1,,Universal Graphics Studio,Notavailable
,117/113 P-1,,Universal Graphics Studio,9889387743
,117/113 P-1,,Universal Graphics Studio,262
,"Abhimanyu plaza Gayatri nagar, Sanigawan Rd",,The King's Wedding Photo Studios,7007796247
,KDA Colony Rd,,The King's Wedding Photo Studios,9935997196
,KDA Colony Rd,,Studios 5.0 Photography studio,9935997196
,"133/108, Block O",,Tanveer Movies,9839067878
,"133/108, Block O, Kidwai Nagar",,Tanveer Movies,9335917636
,"303, Subji Mandi Rd, near Ram Janki Mandir",,Rai Studio,8707054886
,"3, Infront of",,Raj Digital Studio,9839298014
,"3, Infront of Raghunath Enclave, 47, G.T.Road",,Raj Digital Studio,9026572862
,"3, Infront of Raghunath Enclave, 47, G.T.Road",,Ojas Video And Photo Services,9026572862
,"Shop No. 18 And 31, Nadari Market Building, 113/166, Mata Swaruprani Rd",,Ojas Video And Photo Services,9559295789
,"33, Mahadev Nagar, opposite to Indraprasth Apartment",,Jeet Events And Photography,9559295789
,"49, Gautam Market",,Baba Studio,9026183424
,"49, Gautam Market, Sankat Mochan Mandir, 2, near Sankat Mochan Mandir",,Baba Studio,9695055430
,Jarauli Phase 2,,Honey Movies Photography,9695055430
,"K-Block, 128/513, Swatantara Senani Marg, near Bank Of Baroda",,Dream Art Film,Notprovided
New Kanpur Digital Studio,"116, 106, Yadav Market",N/A,,
,"['Latouche Rd', '116, 106, Yadav Market Rd, near Ramlala school Ramlala School', '119/287']",,"['Monu Shukla MS Photography', 'New Kanpur Digital Studio', 'Sara Photography Studio']",
,51/22 Naughara,,Awasthi Studio,9807871390
,"51/22 Naughara, Kanpur",,Awasthi Studio,9807871390
,51/22 Naughara,,Awasthi Studio,9161981900
,"117/Q, 94, in front of sarojani apartment",,Dynamic Creator Films,9161981900
,Near Gurdev Charaha,,SUNDERAM STUDIO ( THE PHOTO SHOP ),N/A
,"Near Gurdev Charaha, 33-B, Zoo Rd",,SUNDERAM STUDIO ( THE PHOTO SHOP ),9336607338
DS PHOTOGRAPHY,106/377a P.ROAD (near lenin park,093366 07338,,
,"Thakur Complex, 92, Barra Bypass Rd",,PRATYAKSH CREATION'S,N/A
,"Thakur Complex, 92, Barra Bypass Rd, near canary London showroom",,PRATYAKSH CREATION'S (SANJAY CHOPRA),9455554153
,"A-687 naubasta awasvikas, puliya, near dusri",,Msss Studio & Wedding Planner,8840721178
,"Hospital, Mariampur Rd",,Pooja Photo,7355161684
,"Hospital, Mariampur Rd",,Pooja Photo,7355161684
,"Koylanagar, near Kesko station",,The Hariom Photography,9307490467
,"116/114, near Rawel Palace Guest House",,Pawan photography (wed in art),9307490467
Vanguard Photo Sales,"No.111A/410, 80 Feet Rd",09935271003,,
,"svm school, Manbhawan park, L 178, near Manbhawan park",,HIMANSH STUDIO,9935271003
,"Segment 107: studio · svm school, Manbhawan park, L 178, near Manbhawan park",,Adarsh Digital Studio,9935284689
,"F7GC+MFG, Sayyed Nagar-Ramlala Road",,VARSHA STUDIO,9936294900
,"F7GC+MFG, Sayyed Nagar-Ramlala Road",,VARSHA STUDIO,9616270080
,"122/121, sant nagar chauraha",,The Dream Capture Photography,9616270080
,108/1,,Kanwal Studio and gifts,6393081854
,"108/1, P Rd, near SBI ATM",,Kanwal Studio and gifts,9628875960
,"Segment 113: Rd, near SBI ATM",,Unique Trending Wedding Video & photography Studio,9628875960
,Near Indian airforce,,Trending Wedding Video & photography Studio India,
,"113/2, 113",,Darpan Films Kanpur,8564955765
,"113/2, 113",,Darpan Films Kanpur,8564955765
,"ME LIG 422, Kanpur",,Darpan Films,9569087577
,N/A,,Unikart Photography,422095690
,"Jawahar Road, Main Road",,Studio Sourabh,9919194908
