Ravi Digital Photography,"E3/753, Sec-H, Aashiyana Chauraha, near DN public school",9044110001,,
Ravi Digital Photography,"Gate No-3, Sahara Plaza, D-117, near Nova Hospital",9415158703,,
Vijay Studio Pvt.Ltd,"478, Kanpur Rd, near Mamta Gass Agency",9415002714,,
Vijay Studio Pvt.Ltd,"LGF 1 TO 3, New Janpath Complex, Ashok Marg",6390000639,,
EDP STUDIO,"Segment 5: Janpath Complex, Ashok Marg",6390000639,,
Weds,"Basement, preeti bhawan, near leela cinema",8467988926,,
Lucknow Wedding Studio,"Segment 7: Basement, preeti bhawan, near leela cinema",8467988926,,
"['Rajneesh Srivastava Photography', 'Ratan Studio Photography']","['Gomti Nagar Extention Road', 'Kursi']",,,
Ratan Studio Photography,"Kursi Rd, near Gayatri Mandir",9316161685,,
Shaadinama wedding photography,Near एसबीआई बैंक,9956747302,,
Absolute Wedding Studio,TC 34/V-2,8005454000,,
Absolute Wedding Studio,"TC 34/V-2, Levana, Cyber Tower, 80J 8th floor",8005454000,,
Saavi Photography,"631/176, Universal Palace",9415006118,,
Husain Studio,"Gopala Apartment, A-203, Ramtirth",7376761003,,
XPRESSIONS PHOTOGRAPHY,"Gopala Apartment, A-203, Ramtirth Marg",9450960005,,
Picsmania Studio,c 23 forest,7081396664,,
Picsmania Studio,"c 23 forest colony, 17, Rana Pratap Marg",8299899112,,
NARAYAN DIGITAL STUDIO AND WEDDING PHOTOGRAPHY,"Shop No 12, Bhopal House, opposite Sharma Chai",7388880851,,
NARAYAN DIGITAL STUDIO AND WEDDING PHOTOGRAPHY,LS-2/543,7800465488,,
Rohi Photography lko,Shop No,9336184570,,
Rohi Photography lko,"Shop No 07, near Phoenix United Mall",9044447714,,
Tiny Memories,"Gomti Greens Emaar Mgf, G6-24, near Police Headquarters",8808440844,,
Theweddingbells,"Thakurganj Chauraha,, State Highway 25",8808440844,,
,"Thakurganj Chauraha, State Highway 25",,MBphotography,073766 33287
Pratistha Digital Studio,"11, Galaxy Apartment, Picnic Spot Rd, near Royal Trade Plaza",9140422729,,
Pratistha Digital Studio,"60 Feet Rd, Near Aryavrat Gramin Bank",9208198428,,
Foto's studio,"44/28, Ka-Aparna Bhawan, near Sahu Theater",7860872978,,
Ratan Studio Photography,"Kursi Rd, near Gayatri Mandir",9316161685,,
Tales in Frame,"1st Floor, In building of Fusion Fitness Gym, Its, near Kendriya Bhawan",8957321852,,
Bhupen`s Studio,Not provided,Notprovided,,
Priyanka Studio,"Flat no-07, Uday",NotAvailable,,
Mobeen Photography,House Number 460,9450764014,,
Mobeen Photography,House Number 460,9911668876,,
R.K.Studio Best Wedding Photographer In Lucknow,"Shop No- 31, Nirala Market, Near I.T.Collage Chauraha",9936528999,,
,"Segment 35: Market, Near I.T.Collage Chauraha",,DWS Studio,099365 28999
DWS Studio - Wedding Photographer in Lucknow / Best Photographer In Lucknow,1/334,9559113395,,
Stilkraft Photography,MIG A-4,7376761003,,
ACF PHOTGRAPHY,"529/603/1, Picnic Spot Rd, near TUNDAY KABAI",8573025514,,
Akku Photography,169D Rest Camp,8687699799,,
Akku Photography,"232/49, Victoria St",8687699799,,
"['Saurabh Photography', 'PR Modern Studio']","['17/282', 'Not available']",,,
PR Modern Studio: Capturing Memories,"442/450A, Chowk",9793537111,,
The Memory Makers Photography,"442/450A, Chowk, Lucknow",9793537111,,
The Memory Makers Photography,Ground Floor JJ5,8318203727,,
On Click Photography & Events,"Narayan Plaza, Sector B, Aliganj, near Engineering College Road",7523949108,,
The Artist Photography Lko,"Engineering College Road, Lucknow",7523949108,,
The Lucknowgrapher,Branch Office: H/N 599/287 bb2 budheswer vihar colony,7843817595,,
Absolute Wedding Studio,"TC 34/V-2, Levana, Cyber Tower, 80J 8th floor",8005454000,,
The Big pictures studio,"6, Janpath Rd",8005454000,,
BLUEFOX CAMERA STUDIOS,Address not provided,7905746104,,
BLUEFOX CAMERA STUDIOS,Segment 51: near Bank of Baroda,7905746104,,
Galaxy Studio,"Alambagh Chauraha, near",9118688337,,
Galaxy Studio,"Alambagh Chauraha, near Central Bank",9118688337,,
XPRESSIONS PHOTOGRAPHY,Nabiullah,7084011454,,
XPRESSIONS PHOTOGRAPHY,Nabiullah Rd,7081396664,,
Nawab Studios,"ESIB-526, Sitapur Rd",7081396664,,
Nawab studios,"ESIB-526, Sitapur Rd",8881100066,,
Spectrum Photographers,"1, Maqbara Rd",9415028893,,
Rishabh Tyagi Photography,"1, Maqbara Rd",6391110007,,
Amit photo Studio,"Indradeep Complex, G-17, Faizabad Rd",9415597493,,
Narayan Digital Studio,"Indradeep Complex, G-17, Faizabad Rd",9839074639,,
NARAYAN DIGITAL STUDIO AND WEDDING PHOTOGRAPHY,LS-2/543,7800465488,,
Fotoshoot,36 - H Sector,Notavailable,,
Fotoshoot,"36 - H Sector G Ashiyana, Kanpur - Lucknow Rd",9415597493,,
Prashiva Photography,"268/623, Aishbagh Rd",Notprovided,,
Prashiva Photography,"268/623, Aishbagh Rd",Notprovided,,
R.K.Studio,"366/97, Campbell Rd, near Petrol Pump",N/A,,
Utsavfx Studio,"Mutos Tower, D-2/26",9911668617,,
Utsavfx Studio,"Second Floor, Burlington Square",8009100092,,
Wedding Shutter Photography,1/441,8118809480,,
"[{'name': 'Segment 71: Photographers in Lucknow', 'address': '1/441, Lucknow', 'phone': '081188 09480'}, {'name': 'The Precious Memories', 'address': '2, 510, near Jaipuriya Institute, Lucknow', 'phone': '075188 37733'}, {'name': 'Rajneesh Srivastava Photography', 'address': 'Gomti Nagar Extention Road, Lucknow', 'phone': 'N/A'}]",,,,
Rajneesh Srivastava Photography,Gomti Nagar Extention Road,7007985763,,
EDP STUDIO,C-1544,7408088889,,
Amit Mahendru Photography,"6, B, Way Rd, opp. CID Office",9305909090,,
Flash N Click by Galaxy & Mudit,"Seth's Mansion, A-1300, Kanpur Rd",9839222007,,
FINE WEDDING STUDIO,"B-32, near",Nophonenumberprovided,,
FINE WEDDING STUDIO,"B-32, near Anurag Apartment",8545914138,,
HDRI STUDIO,"Asha Apartment 2nd Floor Ram Mohan Rai Marg, Gokhale Vihar, Butler Colony",9415561457,,
D.K. Studio,"Shop no.24, LGF Block-B Annapurna Complex, Kanpur",9415561457,,
New Sahu Digital Studio,"Shop no. 24, LGF Block-B Annapurna Complex, Kanpur - Lucknow Rd, near Nabard Bank",7275303103,,
New Sahu Digital Studio,"B-24, First Floor, near P & T Colony",9935988992,,
Jaiswal Studio,"498/47KA, Acharya Narendradev Marg, near umrao Singh Dharamshala",9935988992,,
Memories Mirror,"498/47KA, Acharya Narendradev Marg, near umrao Singh Dharamshala",6387293399,,
Random Clicks Photography,D2 / 46-47 Shyama Shiv Square,7317479556,,
Canvera Lucknow,"Regus 4th Floor, Halwasiya Court",7317479556,,
Regus,"4th Floor, Halwasiya Court",N/A,,
Riyansh Studio - Best Wedding & Baby Shower Photographer,"Engineering College Rd, Indiranagar, Lucknow",9140928862,,
Husain Studio,"1st Floor, Mirza Tower, Love Lane",7505306003,,
Husain Studio,"Gopala Apartment, A-203, Ramtirth Marg",9450960005,,
The Wedding Myntra,624V/158,N/A,,
The Wedding Myntra,624V/158,9889264880,,
Tarun Photography,"A1109, 4 A Block",9889264880,,
S D Photography,"1B, 374, Raibareli Rd",9559376220,,
The Creative Durbar,A-781,8318068776,,
Versatile Vision,"Prince Complex, behind Sahu Cinema",8318889430,,
FotoFiesta,"E-79, Raibareilly Road, near Millennium School",7291975229,,
The Lucknow Photography Studio,"E-79, Raibareilly Road, near Millennium School",7291975229,,
The Lucknow Photography Studio,C-3/96,8707365943,,
M.F. Photography Lucknow,"278 34, 10, Aishbagh Rd, near Polish Chauki / Chandra Medical Store",Notprovided,,
CINEKAR STUDIO,"Segment 100, Aishbagh Rd, near Polish Chauki, Lucknow",9838566661,,
CINEKAR STUDIO,"14/A, near Munshipulia",7408306200,,
Spiceshoot Studio Lucknow,"3/16, near",9984933339,,
Spiceshoot Studio Lucknow,"3/16, near Mithai wala",9984933339,,
Three Pictures Studio,Hera Plaza,9936301541,,
Paradise Photography,"342/119, near Bharat academy",N/A,,
S Raj photography,old,N/A,,
Prabhakar Studio,"342/119, near Bharat academy school",8564045934,,
Prabhakar Studio,"A11/1, Siddhart House, LDA Road, behind Balaji Complex, Krishna Nagar, Kanpur Road",9335210300,,
Shubham Reigns photography,"C5, 3,4 Hardoi Rd",N/A,,
Ajayraj Productions,Lavanya,N/A,,
Ajayraj Productions,"C5, 3,4, Hardoi Rd",7398413465,,
Makker Studio,"Terhi Pulia, Kanpur Rd",9936477777,,
Gomti Studio,"Kanpur Rd, Lucknow",9415018387,,
Srivastava Films & Studio,Awadh,9565199103,,
Srivastava Films & Studio,"Awadh Shopping Centre, LGF 10, Opp, Jama Masjid Rd",5224016441,,
"['KVF PLAY', 'WEDDINGWOOD']","['306, S.A apartment, 07', 'Park road, AA']",,,
"[{'name': 'WEDDINGWOOD', 'address': 'Park road, AA complex, 2nd floor', 'phone': '095655 08888'}, {'name': 'Saajan studio', 'address': '539KHA/5', 'phone': ''}]",,,,
Saajan studio,"118 Park road, AA complex, 2nd floor",9565508888,,
Balaji Visuals Photography,"Ratan Plaza, Arya Nagar Rd",9559146161,,
