Chandra Shekhar Photography,"Main Rd, opposite Hero Service Center",098911 16420,,
,"Studio Monochrome C-32A Ground Floor Freedom Fighter Enclave Gate, 3, IGNOU Main Rd",,Sandeep Vishwakarma Product and Fashion Photographer,9015895384
,"khasra number 65, Building number 4 basement, IGNOU Main Rd",,Ravikantphotography,9873049773
,"Pkt-6, Narmada Apartments, Tower N-6 / 105",,Raj Digital Photo Studio,9899951909
,"Shop No.-04, D-3 & D-4 Main Road, Abdul Gaffar Khan Marg, near Fortis Hospital",,Raj Digital Photo Studio & Colour Lab,8130972972
,"first floor office no.01, Main Chhatarpur Rd, near aggrwal medical store, opp. M.C.D park",,NYRA EVENT PHOTOGRAPHY,8920939191
aggrwal medical store,opp. M.C.D park,089209 39191,,
,Baba House,,Photo Paparazzo,N/A
,"284/2, 1st floor, Champa Gali, Gali 3, Westend Marg",,Photo Paparazzo,9315542376
,"57 Kapashera Estate, New Delhi",,Pinhole Studio,8506905757
Last Cut Production,"Farm 57 Kapashera Estate, New Delhi",098887 47534,,
,"LG 25, in front of Sai Baba Mandir",,JUST CLICK PHOTOGRAPHY,7011782246
,"No 122, Plot no 1, kh, 2",,Studio Photolius,9654911453
,"609, SARASWATI APARTMENTS TOWER-3, Saraswati Apartments",,StockByLove Photography,N/A
,"609, SARASWATI APARTMENTS TOWER-3, Saraswati Apartments",,StockByLove Photography,7600830747
,"Silver Oak Farms, 41-B, Rd Number 2",,Koa Studio Delhi,9971588072
,"Segment 17: 41-B, Rd Number 2",,Wedding Impressions,9971588072
,B-226,,Happy pixels photography,9899471743
,"114-B LG Floor, near",,Mpicspro,9540171777
,"['114-B LG Floor, near Prithviraj Chauhan Park']",,"['Mpicspro', 'The Cine Studios']",
,"Segment 21: LG Floor, near Prithviraj Chauhan Park, South Delhi",,The Cine Studios,7065584363
STUDIO SABI,"180 b, Basement, near Shiv Mandir",099999 87161,,
,"180 b, Basement, near Shiv Mandir",,STUDIO SABI,9999908315
,"Segment 24: Basement, near Shiv Mandir, Delhi NCR",,Hims Production,9999908315
,PLOT NO -2,,Dev Raj Films,9899899544
,"PLOT NO -2 D- BLOCK, Church Road, near AMMA ASHRAM, behind D-3",,Dev Raj Films,9990138162
,"F, 210 D, Old M B Road",,Khushi Film Art,9870308834
,"153, UGF, Building C, A-1, Chattarpur Enclave Phase 2",,The Fika Studios,9922660167
,W 121,,Somya Sood Photography,9911324510
,"42, Ansal, Village",,The Picture Villa,9999937544
,C1/2831,,The Wedding Files,9999937544
,"B-171, Street Number 19",,N.K Photography Solution,9810348759
,"B-171, Street Number 19",,N.K Photography Solution,9711180017
,"['A Hari Kiran, 74-B, 2nd Floor, opposite select City mall', 'B94 basement']",,"['Hari Kiran Agnur Photography', 'Imagesque pvt ltd']",
,B94 basement,,Imagesque Pvt Ltd,9958508252
,"B94, Basement",,Farazdak Studio,8318387396
,4- A,,Ankit Chawla Photography,Notspecifiedintheprovidedtext
,"6402, Basement, Iris Avenue",,Nitin Arora Photography,9818306658
,,,"[{'name': 'Nitin Arora Photography', 'address': '6402, Basement, Iris Avenue', 'phone': '079825 05131'}, {'name': 'Vineet Khatter Photography', 'address': 'A-35', 'phone': ''}]",
,A-35,,Vineet Khatter Photography,8950501099
,G-68,,WINGS PHOTOGRAPHY,8802595173
,G-68,,WINGS PHOTOGRAPHY,8802595173
,G-68,,WINGS PHOTOGRAPHY,8802595173
,"C-114, C Block , Kalkaji Near Gate no 4 Nehru Enclave Metro Station",,Niladri Photography,8377996954
,Nehru Enclave Metro Station,,Naresh photography,8377996954
,"Sector 37, Delhi - Jaipur Expy",,The Precious Memories,9315515254
,"Paryavaran Complex, C-111, IGNOU Main Rd",,The Precious Memories,8887608865
,"B-188 / 189, Deoli Rd",,Clickbysam photography,9818627074
,"B-188 / 189, Deoli Rd",,Rolling Arcs,9818627074
,"H1/11, Best Candid Wedding Photographer in Delhi, 11",,Rolling Arcs- Rollingarcs,9910747779
,"F-8, Kalkaji Main Rd, above Nirula's",,Witty Shadows,9958490943
,,,"[{'name': 'Witty Shadows', 'address': ""F-8, Kalkaji Main Rd, above Nirula's"", 'phone': '093153 96662'}, {'name': 'EventGraphia', 'address': '191 P', 'phone': 'N/A'}]",
,E-68,,"Abhishek Khanna Photography - Food Photographer, Food Stylist",9899312999
,E-68,,Abhishek Khanna Photography,9810031705
,"Ambience Mall, Gurgaon",,Ashok Verma Photography,9991020218
,"3rd Floor, Ambience Mall, next to Nando's, near Haldirams",,Moments Photography,9910415711
,"Office No.B-14, 252 nazar singh palace",,ClickBySam Studio,9999665699
,"['SF 707-708, 7th Floor, JMD MEGAPOLIS, Badshahpur Sohna Rd Hwy']",,"['Mohit Arora Productions', 'JD Films & Wedding']",
,"Shop No-2/1, First Floor, CDR Chowk",,JD Films & Wedding,9000021365
,"Segment 60: First Floor, CDR Chowk",,Raghav Production,9650274510
,"367, 2nd floor, 100 Feet Rd, near KSM Public School",,Raghav Production,9871157441
,"364A 3rd floor chirag delhi Near Bhagat Singh College, opp. sanatan dharam mandir",,JATIN NOUL PHOTOGRAPHY,9716336190
,"D-238, Dron Marg",,Shipra & Amit Chhabra,9899988614
,"D-238, Dron Marg",,Dipak Studios,1140508155
,"B-14 First Floor, Lala Lajpat Rai Rd, near Lajpat Nagar Metro Station",,Dipak Studios,8527274260
Amit Arora Photography,"Shop no, 14, Palam Vihar Rd",087006 09950,,
,A-166,,TrioBliss Photography,9810548987
,"Second Floor, F-8",,Upasna Studio Photography,9310802019
,Plot No. A.42 Shop No. 02,,Upasna Studio Photography,9560114449
,"Unit 1007-08A, WellDone TechPark, Badshahpur Sohna Rd Hwy",,Voila Studio,9810554548
Ckstudio Ltd.,Infocity 1,098715 42800,,
,"Old kirshna tample, Near Hanuman Tample, 1666/01",,Ckstudio Ltd.,8700258773
,E-95,,ShutterDown Photograhy and Films,9990996990
,"First Floor, 74",,ShutterDown Photograhy and Films,9599314849
,"B - 60, Phase, 1",,Fab Photowork,9540001434
,"1A, Street BD",,TakenIn,9560960880
,"['1st Floor, 9, M-11', 'FIRST FLOOR']",,"['Twogether Studios', 'WEDDING FEVER FILMS']",
,"FIRST FLOOR, A-72, Hansraj Sethi Marg",,WEDDING FEVER FILMS,9891177384
,"FIRST FLOOR, A-72, Hansraj Sethi Marg",,Happy wedding photography,9891177384
,C-511/A,,Ajoy Krishna Photography,9811774493
,"Shop No. 28 & 25, Ground Floor, DDA CSC Market, opposite SDM Office",,Images Partner - Best Wedding Photographers in Delhi,9990891489
,"D 1948, N.D-110003, 1799, D-57",,Nitin Rai Photography,7042775060
,"D 1948, Palam Vihar",,Nitin Rai Photography,9811075464
,E-90 Ground floor,,One4Studios,9811075464
,"47/2, Masjid Rd",,Studio Vijay,9899393357
Fashion Studio,G-21,N/A,,
,G-21,,Fashion Studio,9958554260
,"35, Shahpur Jat Outer Road E",,OMEGA PRODUCTIONS,9958141695
,"35, Shahpur Jat Outer Road E",,OMEGA PRODUCTIONS,N/A
,"Basement, AB, 80/28",,SUNHERI PRODUCTION,9599930547
,"RZG 593, Lohiya Marg",,The Wedding Studio,9212533655
,"Sector 66, Golf Estate Road, Golf Course Ext Rd",,Munish Khanna Films and Photography,9810132036
,"55, Uday Park, August Kranti Marg, opp. Ansal Plaza",,Munish Khanna Films and Photography,9871020341
,"Segment 94: August Kranti Marg, opp. Ansal Plaza",,Rishu Raj Films,9871020341
,"F7 M50, M7",,RG PRODUCTIONS,7217678078
,"M3M Golf Estate, FE-06 12 B, Golf Course Ext Rd",,Ila Sagar Photography,8076370019
,"A-Block, Geetanjali Marg, next to Malviya Nagar",,Lenscaged Production,9821052388
,"213 A Ground Floor, Shahpur Jat",,Saurabh Dua Photography,9899981119
,"Pearl Weddings & Entertainment, M4",,Studio Pearl Photography,N/A
,Shahpur Jat,,Studio Pearl Photography,1126492694
,"Bharat Apartment, Plot No 31",,Mani Sharma Photografy,9650534395
,"B-5, Krishna park, Deoli Rd",,The Fairy Bride Photography,N/A
,"B-5, Krishna park, Deoli Rd",,The Fairy Bride Photography,7275545515
,A101 Above SBI,,Wedding Colors,9999704902
,A101 Above SBI Bank,,WEDDING COLORS BEST WEDDING PHOTOGRAPHER,9999308143
,"3A, F Block Ln",,Delhi Photography Studio,9711058304
,"K52 2nd Floor, Near Sager Ratana, Connaught Cir",,Michelle David Photography,9811412419
,Delhi,,CelebLuk Weddings,Notspecified
,"A1/44 55 Third Floor, Sector 55, Golf",,TUSHAR BATRA FILMS,9999602319
,"A1/44 55 Third FLoor, Sector 55, Golf Course road",,TUSHAR BATRA FILMS,7017422011
,"55, Golf Course road",,Hand In Hand Films,7017422011
,"South Extension Part-1, H Block",,Abhay Patny Photography,9582786407
,"South Extension Part-1, H Block",,Abhay Patny Photography,9582786407
,"UG 15, Hong Kong Bazaar",,Knot Just Pictures,9891921933
,"210, near Sai Properties",,Knot Just Pictures,9871102104
,"Shop No. 3, B 1, Gurudwara Rd",,Om Photography Delhi,9278139392
,"3rd Floor, F-406, near Shani Mandir",,Kumar Movies & Photography,9289237999
,"45 & 49, behind SN Depot",,Banjara Studios,9999717279
,"First Floor, N- 14/29 B, N -14, DLF City – 2",,Banjara Studios,8447496878
