Cuts N Camera Productions,"Level 9, Spaze i-Tech Park, Tower-A1, Sector-49, Sohna Road, Haryana 122004",7042111335
Coddiwompler Studios,"E-8, Oriental Homes, Sushant Lok Phase 3, Sector 57",7042111335
WeWork,DLF Forum Cybercity,7217646852
Hm wedding production(PHOTO STUDIO),"Shop No. 71, 72, Huda Market",7303210396
Shri Amar Photo Studio & Photo Framing,"Shop No. 39, Basement, huda market",7496009595
Manish Anand Photography,"Segment 46, Lane No. 2",7982993738
Ila Sagar Photography,"M3M Golf Estate, FE-06 12 B, Golf Course Ext Rd",8076370019
Cuts N Camera Productions,"Level 9, Spaze i-Tech Park, Tower-A1, Sector-49",8076370019
MJ Arts and Photography,"360/7, Old Railway Rd",8076380192
Cloudnine Hospital,"2 Open, Closes 7 pm",8123386270
Neha digital Photo Express,"Ground floor, Arcadia Market, Shop no. AG 96, near postike aata chaki",8447184472
Shadow Captures Studio,"SF 707-708, 7th Floor, JMD MEGAPOLIS, Badshahpur Sohna Rd Hwy",8447241706
Aryan Midha photography,"H.no, 1044P , D block",8448064616
Hims Production,Good Earth City,8505880888
Bhagat outdoor studio,"Aravali Hills, Sohna - Gurgaon Rd, near Dr bhagat farm house",8527394989
MomentsKart,"Segment 114: Rd, near Dr bhagat farm house",8527394989
Dream Studios Photography & Gift Gallery,"Segment 56: no. 70 Ground Floor, Huda Market, Shiv Mandir Rd, Delhi/NCR",8527560002
RS PHOTO STUDIO,"703, Chakkarpur Road",8630890227
Meghna Rathore Photography,"Shop no, 14, Palam Vihar Rd",8700609950
MY SHUTTER BUDDY PHOTOGRAPHY,"SCO 147, Gurgaon",8709570258
SHUTTER BUDDY PHOTOGRAPHY,Not provided in the text,8709570258
Elegant Photos studio,"Vyapar Sadan, SCO -73, Mehrauli-Gurgaon Rd",8799005005
Click Me Mom Photography,"Segment 35: Hotel, opp. HDFC Bank",8800229430
The Klick Photo Framing & Photo Studio,"Shop No. Cg-39, Arcadia",8800254807
Param Digital Photo Studio & Framing Shop,"Segment 50: Mall, next to Nando's, near Haldirams",8800937819
Raj Rajeshwar Digital Colour Lab & Studio,"8 Bajghera Road, Underpass, near Railway Line",8826276089
Aryan Midha photography,"OFFICE, paras trinity, 125",8851610107
Ishan Agarwal Photography,"Uniworld Gardens, 1, Badshahpur Sohna Rd Hwy",8860059213
simmiguptaphotography,"Ground Floor, D/107",8860059213
VsnapU Photography,Mehrauli-Gurgaon Rd,8929395969
A2MK Photography,"Gali No. 01, opposite BSF Camp",8930096668
Mac photography & studio,"Segment 95: 01, opposite BSF Camp",8930096668
Real Shoot Fine Photography,"shop no.8, Hans Raj, Manohara Marg",8950111982
Ashu Photo Studio,"Shop No -3, opposite c-13/17, C-",8950111982
Sai Colour Lab & Natraj Studio,"Omaxe Gurgaon Mall, Badshahpur Sohna Rd Hwy",9213730786
Cambuz - Photo & Video,"206, Q-1 Block, S City Rd",9319744406
Little Stories,"E-8, Oriental Homes, Sushant Lok Phase 3, Sector 57",9555223904
Clickofy Moments,1436,9560194070
Elegant Photos studio,"Vyapar Sadan, SCO -73, Mehrajson's Gurgaon Rd",9599311717
Hm wedding production(PHOTO STUDIO),"shop no 71, 72, Huda Market Road",9599376047
Prism Lens Photography,1389,9643217563
Prism Lens Photography,"Segment 17, D/108 FF, Gurgaon",9643217563
Weddings by Contrasto,228,9643217563
DD Photography,"492, Ground floor",9650644369
DD Photography,"492, Ground floor",9650644369
Hims Production,Good Earth City Center,9650988373
Good Earth City Center,Not provided in the text,9650988373
Baby Bum Photography,"601, Emmar, EMERALD PLAZA",9711683917
Sneh Sharma,"A, 2nd Floor, Phase, 385, 4",9716104985
Memento of Shades Photography,"D-1504, SHREE VARDHMAN VICTORIA",9716385711
VsnapU Photography,"D-1504, SHREE VARDHMAN VICTORIA",9716385711
Abhishek Khanna Photography,E-68,9810031705
Manish Anand Photography,"5th Floor, Abl work spaces, Plot no 44",9810076411
Abl work spaces,Plot no 44,9810076411
The Impresio Maternity & Baby Shoot,406 Galleria Towers,9810127545
Impresio Maternity & Baby Shoot,406 Galleria Towers,9810127545
Cambuz - Photo & Video,"Sector 66, Golf Estate Road, Golf Course Ext Rd",9810132036
Twogether Studios,"1st Floor, 9, M-11",9810165810
Pixels Photography and Events,"1st Floor, 9, M-11, WeWork, DLF Forum Cybercity",9810165810
Raj Rajeshwar Digital Colour Lab & Studio,"Shop No. 207, Huda Market, near om sweets opp axis bank, Sector 31",9810235273
axis bank,Sector 31,9810235273
RS PHOTO STUDIO,"703, Chakkarpur Road, behind Sahara Mall",9810528217
Swami Digital Studio,"Swami Market, Badshahpur Sohna Rd Hwy, opp.",9810528217
Voila Studio,"Unit 1007-08A, WellDone TechPark, Badshahpur Sohna Rd Hwy",9810554548
Prateek Studio(Yash Pahuja Photography),Lane No. 2,9810738273
Deepak Photo Studio,"Gali no.6, near Berlin Motors",9811468447
Believe Collective by Ujjwal Vanvari,"Sector 37, Delhi - Jaipur Expy",9811521277
LG,"Unit no 702,7th Floor,Golf course road Sector 56, Land mark 55,56 Rapid metro station",9811546320
Raghavi Wedding Photographer,"T6 Flat No. - 001 (LG, BPTP Park Generation",9821778125
Swami Digital Studio,"Swami Market, Badshahpur Sohna Rd Hwy, opp. Air Force Gate",9871271242
Moments Photography,"Sector 46, Gurgaon",9871542800
Pixel Snaps Studio,"Shop No - 99 & 100, Huda Market",9871583016
Dynamic Digital Studio & Photo Frames,"SCO 29, First Floor Sector 10 A Market, near Om Sweets & Snacks",9871626669
Om Sweets & Snacks,"UG 15, Hong Kong Bazaar",9871626669
The Klick Photo Framing & Photo Studio,"Shop No. Cg-39, Arcadia Market",9873106604
Chaitanya Chadha Photography,"B-1001, Suncity Hts",9873351541
Sneh Sharma: Fashion & Portrait Photographer- Delhi NCR,"C119, Sushant Shopping Arcade Sushant Lok",9885654960
Aman Sidhu Photography,"D-BLOCK, 305 plot 36-A",9888238352
Manish Photography,"Gali no.6, near Berlin Motors",9888238352
Ashu Photo Studio,"Shop No -3, opposite c-13/17, C- Block Market",9891153719
Shri Amar Photo Studio & Photo Framing,"Shop No. 39, 191 P, Lower Ground Floor, near Unicosmos School",9899312999
Vogueshaire,"Tower B3, Spaze i-Tech Park, 432 - 433",9910336808
Param Digital Photo Studio & Framing Shop,"3rd Floor, Ambience Mall, next to Nando's, near Haldirams",9910415711
Shashank Priyadarshi Photography,"B3, Uniworld Gardens 2 Rd",9910415711
Somya Sood Photography,"H 1004, The Grand Arch, Golf Course Extension Road, Archview Dr",9911324510
Real Shoot Fine Photography,"shop no.8, Hans Raj, Manohara Marg",9958054444
Vogueshaire,"Tower B3, Spaze i-Tech Park, 432",9958490943
Raghavi Wedding Photographer,Gurgaon,9958554260
Pooja Studio,"Old Railway Rd, near Raj Mahal Hotel, opp. HDFC Bank",9971144446
Impresio,"Shop No 32, Nambardar Market, Sahara Mall, Gali Number 13",9971474505
Sumita's Photography,"Plot No. 85, Block, C, Sohna Rd",9971666232
mTPHOTOGRAPHY by TRIBHUVAN SETHI,"EMAAR MGF THE PALM DRIVE, B Tower 502",9990000189
Twogether Studios,"1st Floor, 9, M-11",9999010133
Awish Photographer,"D/189 PH, 4, Band road, near Ebf Church",9999469553
The Wedding Files,C1/2831,9999937544
