Sai Photography,"Dwellings, 4th floor",9394506111,,
GKPhotography,"Flat No:301, 99XR+MH5 Navya correl",8885558499,,
SRI KAVYA PHOTOGRAPHY,"Flat No:301, 99XR+MH5 Navya correl, Jubilee Hills, Hyderabad",8885558499,,
Naturalview Photography,"Segment 4: Post Rd, behind Bharat petrol bunk",9490475650,,
MY OM SAI PHOTOGRAPHY,"501 5th floor, Idea Clinic, B-BLOCK, Sri sai nilayam, Lane, 100 Feet Rd",9115994999,,
MY OM SAI PHOTOGRAPHY,"15-6-127, Kolsawadi Lane",9032321862,,
9 Blocks Photography,"Flat 13, BLOCK-1, Rockroof Apartment, Road No. 12, near to Mor Pharmacy",9849046439,,
24 Frames Photography - Wedding Films,"Jublee Pride, H. No. 8-2-293/82/w/94, Plot No 94 – B, Rd Number 7",9160656734,,
WEDDINGSCAPES,"Mahavir Radiance - First Floor Madhapur, Rd Number 36",6305112899,,
Iclickyou Photo Studio,"SM Avenue ,Villa 55, Kismatpur Rd Bandlaguda Jagir, Lane, beside Saraswati Shishu Mandir",8297974589,,
Digiart Photography,"Jains Carlton Creek, D Block 403, Lanco Hills Rd, beside Delhi Public School Khajaguda",9298051870,,
Delhi Public School Khajaguda,"H.No 1-5/6 , Prabhath Nagar Kothapet",9298051870,,
5zaan,"Prabhath Nagar Kothapet, Hyderabad",9000218164,,
Shashiclicks,Survey #23,8332074609,,
Shashiclicks,"3rd Floor, HIFLY CAPITAL, Plot no. 187, Manjeera Pipeline Rd",7032857077,,
Yellow Maple,"187, Manjeera Pipeline Rd",7032857077,,
Shooterspot,"Mirras Apartments, Neelima Garden's",7569480011,,
Mirras Apartments,Neelima Garden's,7569480011,,
,Hyderabad's Best Wedding Photographer & Films | Wedding Photographer Hyderabad,,RELIVE VISUALS,098407 67566
Park Hyatt,Banjara Hills,9840767566,,
Raghav Photography,"7-3-153/31,1st Floor Nagarjuna Sagar Road, L.B, Nagar Omkar Nagar",6305611975,,
Zero Gravity Photography,"Road no. 2 Banjara Hills above Colour Plus show room, opposite Park Hyatt, Banjara Hills",9840767566,,
9 Blocks Photography,"Flat 13, BLOCK-1, Rockroof Apartment, Road No. 12, near to Mor Pharmacy",9849046439,,
Segment 24,near to Mor Pharmacy,9849046439,,
SBS Photography,"1-84/1, Street No.",9390913212,,
Aditya Photography,"1-84/1, Street No. 1",9390913212,,
Aditya Photography,"202, Second, Padhmavathy Residency, Street Number 1",8885550501,,
WEDDINGSCAPES,Mahavir Radiance,9703155277,,
WEDDINGSCAPES,"Mahavir Radiance - First Floor Madhapur, Rd Number 36",6305112899,,
Harishankar Photography,"Segment 30, Madhapur, Rd Number 36, Hyderabad",6305112899,,
Harishankar Photography,"Segment 31, Hyderabad",9764623456,,
24 Frames Photography,"Jublee Pride, H. No. 8-2-293/82/w/94, Plot No 94 – B, Rd Number 7",9160656734,,
Suguru Photography,"SRI SARAWATHI HIGH SCHOOL, Banjarhills road no;- 11 uday nagar LAND MARK",8374962192,,
Sumuhurtham Photography,"4th Floor, Sai Manikanta Nilayam, 8-3-729,730 Yellareddyguda",9000811045,,
"My Memory Maker - Maternity, Wedding & Baby Photographers","Segment 35: Floor, Sai Manikanta Nilayam, 8-3-729,730 Yellareddyguda",9000431100,,
My Memory Maker,"Ground Floor, Plot.no.17",8686365365,,
INFOCUS WEDDINGS,"6-3-1111-11, Somajiguda, Begumpet, Kirtilal Jewellers lane",8143273139,,
Segment 38,"6-3-1111-11, Somajiguda, Begumpet, Kirtilal Jewellers lane",8143273139,,
"['Pink Velvet Films & Photos', 'Shashiclicks']","['H No:16-3, 991-/16/A, near BIBI CANCER HOSPITAL Open 24 hours', 'Shop no: 4, HNO: 2-4-49/12/P Open ⋅ Closes 6 pm']",,,
Shashiclicks,"Survey #23, BHEL EXECUTIVE CO-OPERATIVE HOUSING BUILDING SOCIETY, SHASHICLICKS® PRIVATE LIMITED, 3rd Floor, HIFLY CAPITAL, Plot no. 187, Manjeera Pipeline Rd",7032857077,,
Malik Photography & Studio,"Golden Sands Colony, 7 Tombs Rd",8686194267,,
SVS Photography,"7-76, Nacharam - Mallapur Rd, Hyderabad",9849117209,,
Tiny Hugs Photography,"4th floor, Puppalaguda, Manikonda The Town Square Building",7337250444,,
Tiny Tots Studio,"Plot N0, MJR's Dharani Homes, 179, Rd Number 9",8977294812,,
Dharani Homes,"179, Rd Number 9",8977294812,,
The Wedding Files,C1/2831,9999937544,,
,Not provided in the text,,Dil Se Photography,Not provided in the text
Dil Se Photography,Plot no 108 sunrise valley lane upperpally,9177877322,,
Chocolate Box Photography,"Flat 712, Green Living - Residential Apartments, Pipeline road, Manikonda",8125221678,,
Captured Momentz Hyderabad,"1-1-261/15AB, Street No. 1",8125221678,,
VSHOOT PHOTOGRAPHY,"1st Floor, Plot No 10&11, Gokul Plots, KSR Square, 13th Phase Rd",9666900988,,
Villart Photography,"8-22-277/46 2nd floor, Banjara Hills Rd Number 3",8886644332,,
Villart Photography,"A, #101, Cupid Curve Complex, 6-3-344, Rd Number 1",7033147861,,
"['Shooting zone hyderabad', 'Iclickyou Photo Studio']","['6-3-344, Rd Number 1', '5th floor, Shekar Arcade IT cell, Mumbai Hwy']",,,
J MEDIA WORKS,"SM Avenue, Villa 55, Kismatpur Rd Bandlaguda Jagir, Lane, beside Saraswati Shishu Mandir",8297974589,,
NEWFORT PHOTOGRAPHY,Segment 56: beside Saraswati Shishu Mandir,9000061282,,
NEWFORT PHOTOGRAPHY,"Plot no: 3,4,5,6, Flat no: G1, ESTATES, Eureka Court Complex, Ameerpet, near Image Hospital",9000061282,,
Vivid saaga Photography,"Sri Ram Residency, Shilpa Hills Road No 4 , Izzathnagar, Kothaguda",8886666800,,
Yellow Window Photography,"1-65/A/1/62, Kailashnath",Nophonenumberprovidedinthegiventext,,
Yellow Window Photography,"1-65/A/1/62, Kailashnath Arcade, Plot No 62, Flat 101",9989995928,,
Team HDPC,"202, Sriven Courtyard, Road No.11, Panchasheela Enclaves, HT Rd",9849014399,,
Mayur Photo Studio,"Segment 62: Road No.11, Panchasheela Enclaves, HT Rd",7416501816,,
Master mind college,x roads,7416501816,,
KS Studio,"6-3-252/1/7/A, beside Taj, Errum Manzil, Hyderabad",9247896820,,
KS Studio,"6-3-252/1/7/A, beside Taj Deccan Hotel, Colony, Banjara Hills Rd Number 1",9148849999,,
Giggles Photography,"240, 242, 243 Hills Rd Number 1, Hyderabad",9148849999,,
Giggles Photography,"240, 242, 243, Hyderabad",9908939222,,
Kranthi Photography,"Flat No: B1, ADITYA ENCLAVE, beside Metro Station Ameerpet",9885947958,,
Artham Photography,16-11-15/2/B,9030994877,,
Kidsography By Nikhil Ronald,H.no: 8-2-686/7/9/1. Bashavilla Road no : 12 BANJARAHILLS Beside BRINNOVA hospital Hyderabad-500034. Telangana state,9985517471,,
Kosher Portrait Studio,"MLA colony, bus stop, Plot no:280/A, Road",9848710143,,
Kosher Portrait Studio,"MLA colony, bus stop, Plot no:280/A, Road No. 12, beside Omega hospital",9291214944,,
AKS photography,"12, beside Omega hospital, opp. to Jail Bhavan, Hyderabad",9533921131,,
Flash Fusion Studios,"6-1-69/5, Saifabad Rd",9533921131,,
Flash Fusion Studios,"6-1-69/5, Saifabad Rd",9000228765,,
"['Segment 76', 'What A Story', 'By heart photography']","['6-1-69/5, Saifabad Rd', '2-91/B/12 & 13, Hitech City Main Rd']",,,
"['By heart photography', 'Shakeela Photography']","['Madhapur pride, 1722, opp. metro piller C']",,,
Shakeela Photography,"Madhapur pride, 1722, opp. metro piller C",9347539833,,
Shakeela Photography,"Plot Number 30, Ravinder Society, Madhapur Rd",9347539833,,
Chubby cheeks baby Photography,"Flat no 206, E venue Banjara homes, 8-2-309/7/1, Road No. 14",7780514219,,
The Story Box by Karan Soma,"Plot no 44, D No : 8-3-833, beside IRIS Floret Play School",9100090034,,
Light&Shadow Studio,"8-2-293/82, L/5-B, Lane No. 12",9100302303,,
Alila by Krishnam,"3rd floor, Trapezium one building",9963200098,,
Concept Photography,"Pillar Number 833, Sri Chakra Raj Nilayam, Flat No - 102 Sangeet Nagar",8143555222,,
Snappers Photography,"ARD MAGNUM, 3rd Floor, Green Hills Road, Moosapet",9177884488,,
Wedding Stories,"H:no: 16-11-511, Wedding Stories, c/3, Dilsukh Nagar Main Rd, next to Hyderabad Chai Adda",9966319720,,
,"Plot. No. 14, 2nd Floor, Srinagar Colony Main Rd, opp. Punjab National Bank",,Hi Life Pixel Photography,099486 80648
Kashvi Wedding Photographer in Hyderabad,"Madhura Nagar, A/3",9030405068,,
"['Kashvi Wedding Photographer in Hyderabad', 'NK Studios Wedding Photographer In Hyderabad']","['2-21166/a/3 newnallakunta street number 18, Tilak Nagar Rd', '3-4-118 to 128, opp.']",,,
Fotomaker Photography,"3-4-118 to 128, opp. st. Francis junior College",7799410517,,
The Wedding Vegas by SAHNI STUDIO,"Mayfair Garden, Road No.",7799410517,,
Raap's Digital Studio,"Mayfair Garden, Road No. 12",7799410517,,
Raap's Digital Studio,"14, Osmania University Rd, above h.p. gas",9849261325,,
V4 Photography,"Banjarahills, Rd Number 11",9133723699,,
,"58, Road no 2, Banjarahills, Rd Number 11",9133723699,V4 Photography,
Hyderabad Baby Studio,"1st floor, 100 Feet Rd, above Polaris Showroom",8886666055,,
Hyderabad Baby Studio,"3rd, Ayyappa Society, RR Building, 100 Feet Rd, above Joy Ply Concept",9885534554,,
Orange Photography,Myhome flat no.414,9000008808,,
Vertex Wedding Photography,Plot No.,7386678375,,
Vertex Wedding Photography,"Plot No. 813, Pragathi Nagar, Kukatpally, Towards, opp. JNTU Road",9000772225,,
A Style Video - Videography & Photography Hyderabad,Asif Nagar Rd,8686252272,,
THE CHRISTIAN WEDDINGS,"Flat No.:403, Road No:10B, Sai Chandra towers, near APOLLO CLINIK",9100840818,,
Avinash Photography,"505, Minar Apartments, Deccan Towers, Near Babukhan Estate",9391001550,,
Avinash Photography,"#16, Kanaka Durga Apartment, 12-5-37/3, Tarnaka Main Rd",9666266333,,
Ramana Prasad Photography,G-1 Plot No:88 Navanirman Nagar Road No: 71,9849522177,,
Rakesh Kurra newborn & baby photography,"Railway Station, Flat no 73, Sai, near MMTS",9704081113,,
VsnapU Photography,"Ayyappa Society Main Rd, opposite Petrol Pump",9704081113,,
Ever Love Photography,"H.no: 8-2-611/3, Flat 102 Nishaa-na-Iqbal Building, Rd Number 11",9985365636,,
Gunti Art Studio,8-2-603,9848361935,,
Gunti Art Studio,"8-2-603, F/16, No 11 Rd",9848361935,,
Leaf The Studio,"Plot no, 247, Rd Number 78, near Central Bank",9849123410,,
Littlehearts photography,"4th floor, Shivani Towers, beside Unlimited",9849099070,,
Littlehearts photography,"4th floor, Shivani Towers, beside Unlimited Fashions",8885488833,,
"['Ajay product photography and e-commerce photography', 'Chanduweddingfilms']","['Sri Sai nilayam , plot no 32,Sampoorna theatre beside lane, Kamala Nagar Rd', '10-64/1']",,,
Chanduweddingfilms,"Segment 115, Kamala Nagar Rd, beside sampoorna theatre, Hyderabad",7207235680,,
Yellowred Photography,"1st Floor, World One International School, New Cyber Valley Main Rd, opposite World One International School",9902025700,,
World One International School,"Flat-401/A, Rs Towers, Plot No- 171, Kavuri Hills Phase 2 Rd, Hyderabad",9902025700,,
Yeluguri Entertainment,"Plot No- 171, Kavuri Hills Phase 2 Rd",7337273666,,
srini photography,LODHA MERIDIAN,8885026604,,
