PIXIP FOTO Kolkata | Indian Wedding Photography Kolkata,"8, 2/1A, Dhiren Sen Sarani",7439968048,,
PIXIP FOTO Kolkata | Indian Wedding Photography Kolkata,"4B, Baishnabghata Rd, near Padmasree Hall",9732532850,,
DM DIGITALS PHOTOGRAPHY,"Ground Floor, v53/6, Vivekananda Sarani",N/A,,
DM DIGITALS PHOTOGRAPHY,"Ground Floor, v53/6, Vivekananda Sarani Near Baishali Park, Shyama Building",9732271700,,
Ranjan Bhattacharya Photography,49/A,9330794021,,
Ranjan Bhattacharya Photography,"49/A, Vivekananda Sarani Rd",9830019666,,
Akash HD Photography,"47/1/H/16, Sir",9830019666,,
Atlantis Photography Studio,"19 B/3, 19 B/2, Bosepukur Rd",N/A,,
Atlantis Photography Studio,"47/1/H/16, Sir Syed Ahmed Rd",8910224197,,
Wedding Photo Creators,23/15 D.P.P Lane,8910578820,,
FACE OF KOLKATA PHOTOGRAPHY,chiriya mor,9830411993,,
,chiriya mor,,FACE OF KOLKATA PHOTOGRAPHY,079807 23203
IMAGEnation Studio,"V-42, Vivekananda Sarani",90384,,
,Nabin Sen Rd,,Rig Photography,No phone number provided
"['Rig Photography', 'Raja Das Photography']","['V-42, Vivekananda Sarani', 'Nabin Sen Rd', 'block 2, CIT Building, 23, Christopher Rd']",,,
Sanjoy Mahajan Photography,"169/28/2, Nagendra Nath Rd",9831433888,,
Birdlens Creation,"169/28/2, Nagendra Nath Rd",9477258771,,
Birdlens Creation,"169/28/2, Nagendra Nath Rd",9477258771,,
"['Abhishek Roy Photography', 'Bong Wedding Photography']","['123, Canal St', '46/5, Green']",,,
Bong Wedding Photography,"46/5, Green Park Rd",7872644844,,
Bring It Online Media Pvt Ltd,"3rd Floor, Plot No 4, KH.132, IGNOU Main Rd, opposite Hero Service Center",7042489884,,
Atlantis Photography Studio,"19 B/3, 19 B/2, Bosepukur Rd",8961755316,,
Sen Photography,"19 A, Satish Mukherjee Rd, near Jatin Das Metro Station",9903113011,,
Abhishek saha photography,"uttaran 12/3E, Northern Ave",9903113011,,
Abhishek saha photography,"uttaran 12/3E, Northern Ave",N/A,,
Akash Photography & Videography Services,"39A, Gulam Jilani Khan Rd",9088276753,,
Naicy Photography and Digital,"30/49 Nayapatty Road, South Dum Dum, North 24 Parganas, Kolkata 700055",9433528704,,
Naicy Photography and Digital,"2nd Floor, Saraswati Apartment, 86, Golaghata Rd",9830296612,,
Sourav Sen Galleries,"53/3, Sahid Ganesh Dutta Rd",9874598769,,
Raja Das Photography,"Block 2, CIT Building, 23, Christopher Rd",8910014860,,
Raja Das Photography,"Block 2, CIT Building, 23, Christopher Rd",9831433888,,
Studio Chitrarupa,"738 , Behala Chowrasta",9830040764,,
Studio Chitrarupa,"738, Behala Chowrasta, Diamond Harbour Rd",9674866347,,
Foto360kolkata,"BK 58 Ground Floor, near 8 No Island",7001472693,,
Segment 35,"BK 58 Ground Floor, near 8 No Island, Kolkata",7001472693,,
Studio Pomegranate,"2nd Floor, 4C, Wood St, next to Lifeline Nursing Home",8420199548,,
Lifeline Nursing Home,Segment 37,8420199548,,
The Knot & Blessings,"43/2/1, Chowdhury Para St",8420725077,,
,"43/2/1, Chowdhury Para St",8420725077,Photographer,
Vivek Das Photography,"114A, KN Sen Rd",9831005710,,
Zebra Studio | Photography Studio,"294, Sarsuna Main Rd",7980630085,,
MOL - Moments of life,95,7980630085,,
SG Photography,"2F, Acharya Jagdish Chandra Bose Rd",7003362340,,
"['SG Photography', 'Ranjan Bhattacharya Photography']","['21 Swamiji Sarani, Basak Bagan Rd', '49/A, Vivekananda Sarani Rd']",,,
Pixocrop,Metro Station,9830019666,,
Sri Krishna Studio,"Metro Station, 34, Chittaranjan Ave, near Chandni Chowk",9163168563,,
Creatnz Photography,Jyangra Rd,N/A,,
"Studio Manorama (Wedding Photography, Frames)","202, 4th Cross Rd, near",8583031686,,
Studio Manorama,"202, 4th Cross Rd, near Swimming Pool",3340046110,,
Surajit Saha Photography,"block 16 flat 2, 59/60, Bagmari Rd",3340046110,,
MGD Photo,"Shop No, Shop No.10, Bondel Landmark Days Medical, 10, Rifle Range Rd, near Foundation Group School",8709099469,,
VsnapU Photography,Sonamukhi Main Rd,7603076013,,
VsnapU Photography,"400, Diamond Harbour Rd",7603076013,,
NIL PIXOOGRAPHY,"100, Haltu Main Rd, near sarkar bari",6289457517,,
Wedding Photo Creators,23/15 D.P.P Lane,8910578820,,
A P Clicks,"ground floor, Malapara, P.O, 10 No, Jadulal Mullick Rd",9831167716,,
Piixonova,"BF 70, Jadulal Mullick Rd, Kolkata",8013014015,,
Photographer Kunal Singh Sobti,SHERWOOD ESTATE,9830189759,,
,"Segment 59: 35A, Parvati Ghosh Ln",,Sri Jagannath Production,098317 14214
Sri Jagannath Production,"Benapukur 1st Lane, Mollargate Rd",9831714214,,
Sudip Majumder Photography,"Flat No- 2C, Saila Saran Apartment, 1A, Chandi Ghosh Rd, opposite of Anamika Garments",9681020363,,
The Heart Story - wedding photography & films,"166, Rabindra Nath Tagore Rd",9681020363,,
HRIDAYAM Photography,"15 A, Kailash Bose St",9051095736,,
Calcutta Photo Tours,"1st floor, 265, Bepin Behari Ganguly St",8777761008,,
RV Studios,"18 A, Mother Teresa Sarani",8777761008,,
The Perfect Hitch,"18 A, Mother Teresa Sarani, Kolkata",8777057988,,
VS Studio,"86, Abhedananda Rd",9830570102,,
Bombay Photo Studio,"Plot-100, 1st Floor, 20/1",9831777001,,
Bombay Photo Studio,"157, Mother Teresa Sarani",9339091852,,
Shoot Scape Photography,"7C, Star Ln",8981609379,,
Debdipta Das - Professional Photographer,"7C, Star Ln",8981609379,,
Amit Kumar Das Photography,"63L, 22, Tollygunge Rd",9874756870,,
Amit Kumar Das Photography & Films,"Number Railway Gate, Texmaco LFQ, near 120, Udaynagar, 4",9836206192,,
The Weddart,"120, Udaynagar",9836206192,,
The Weddart,"9, 13, Hem Chandra Mukherjee Rd",7003540078,,
Photosphere Studio,"1/31 Sahid Nagar,, KP Roy Ln",9830872088,,
Pixtory Weddings,Not available,Notavailable,,
Pixtory Weddings,"Ground Floor, Sonali Apartment, Sukanta Pallly Rd",9851421015,,
Photo View Studio,"Plot -85, 649, Rajdanga Main Rd, near KHAJURTALA SHIV MANDIR",9831574587,,
Avigyan Roy Photography,"111, Purba Sinthee",9831218141,,
Avigyan Roy Photography,"111, Purba Sinthee Bye Ln",7980153353,,
"['Aarav Photography', 'Jeet Biswas Photography']","['5B/12, Marbagan, 5, Seals Garden Ln']",,,
Jeet Biswas Photography,"5B/12, Marbagan, 5, Seals Garden Ln, Apartment, 2nd Floor, 16, Russa Rd South 2nd Ln",7044667059,,
The Canvas Photography,"17A, 3, K.P. Ghosal Rd",7044213806,,
Segment 85,"3, K.P. Ghosal Rd",7044213806,,
A BRIDAL STORY Photography & Films,"160, Ram Ratan, Ghosh Ln",9038015460,,
Starlight Studio,"21, 1, Old",7605827777,,
Starlight Studio,"21, 1, Old Calcutta Rd",9831308996,,
Photonics Studio,"1, Old Calcutta Rd",9831308996,,
Priyam Photography,"113, Ekdalia Road Near",9681798664,,
QpidIndia,"117, Jugipara Rd",9833654483,,
Priyam Photography,"113, Ekdalia Road Near Gariahat",9833654483,,
Kolkata Photo Tours,"117, Jugipara Rd",8910014860,,
Lens Shadow Studio,"57/1B, Harish Mukherjee Rd",N/A,,
Ckstudio Ltd.,Not available in the provided text,Notavailableintheprovidedtext,,
Ckstudio Ltd.,"Old kirshna tample, Near Hanuman Tample, 1666/01",8700258773,,
Colorshut Photography,"318, Chittaranjan Ave, opposite Liberty Cinema",9830150561,,
Colorshut Photography,"318, Chittaranjan Ave, opposite Liberty Cinema",9830150561,,
Photo Villa,5/27,9831900400,,
Ukiyo,"116, Rabindranagar Main Rd, near Ration Shop",8961548573,,
Ruan’s Photography,Kolkata,7003868729,,
Ruan's Photography,Kolkata,7003868729,,
Shuttertune,17/K/8,9836386023,,
Shuttertune,"17/K/8, Dakshindari Road, Near Dakshindari",9830113374,,
Aniruddha Pandey Photography,"98/2, Rabindra Nath Tagore Rd",9474648482,,
Little Elly Photography,"18,b, Hemendra Sen St",8240173941,,
Segment 107: studio,"18,b, Hemendra Sen St",8240173941,,
The NEXT Studio,Not available in the given text,Notavailableinthegiventext,,
The NEXT Studio,BD-244,8961365689,,
LMP Weddings,"Sukanta Palli, Kazi Nazrul Islam sarani",9883560083,,
Krishnendu Creations,"382 s.h.k.b sarani, Jawpur",9883560083,,
Krishnendu Creations,"382 s.h.k.b sarani, Jawpur Rd",9051510686,,
,"Segment 113: s.h.k.b sarani, Jawpur Rd",9051510686,,
Charcoal & Vermillion,"25A, 2nd Rd",9163515627,,
Shakyo's Photography and Events,42a,9123760441,,
Rajib Saha Photography,Kayasthapara Main Rd,N/A,,
Rajib Saha Photography,"42a, 1, Beniatola St",6289263561,,
Sankha Roy Photography,Kayasthapara Main Rd,9830068762,,
Sankha Roy Photography,"Ground Floor, Avishkar Apartment, GG/2, Hatiara Rd",8017828237,,
