VsnapU Photography,"Plot No. 85, Block C, Sohna Rd, Gurgaon",9971666232
Memento of Shades Photography,"D-1504, SHREE VARDHMAN VICTORIA",9716385711
Photo Rachna Studios,Wisteria Club Road Dlf Green Valley Farms,9999801078
EventGraphia,"191 P, Lower Ground Floor, near Unicosmos School",9899312999
Ashish Chawla,"T 23/8, DLF Phase 3",9811124288
Nitin Arora Photography,"6402, Basement, Iris Avenue",N/A
Lens Mount Creative Pvt. Ltd.,C-13 LG Floor,Phonenumbernotprovided
Lens Mount Creative Pvt. Ltd.,C-13 LG Floor,9811114384
"['Vivek Krishnan Photography', 'Shamaant Malnad Photography']","['No 3478/J, 4th Floor, Shiva Krupa Chiru Mansion, 13th A Main Rd', 'Sanjaynagar no 6 Lakshmi Nivasa, 3rd Main, 2nd']",
Shamaant Malnad Photography,"no 6 Lakshmi Nivasa, 3rd Main, 2nd Cross Rd, near Akai Public School",6363251621
Bangalore Photographers,"No 65,949 2nd Floor, 3rd Main, 3rd Cross Rd",8073739948
Sree Vikash Photography | Wedding & Corporate Photographer in Bangalore,"3rd Cross Rd, Hennur Cross, opp. Grace Garden Apartments",9731828282
Royale Camera Bengaluru,"929/A, VTN Arcade, 2nd floor, Above Union Bank, BTM 4th Stage, near Bangalore Box",9036361020
Praveen P Raj - Wedding & Corporate Photographer,Bangalore,9810031705
Praveen P Raj - Wedding & Corporate Photographer,"10th Main, 10th Cross Rd",9986210596
Mayartha Productions,"405/A, new diagonal road, 18th Cross Rd",9910336808
Mayartha Productions,"405/A, new diagonal",Notprovided
Mayartha Productions,"405/A, new diagonal road, 18th Cross Rd",8197116292
Nakshatra Moments studio,"208, 6th B cross, Bannerghatta Main Rd",6363076370
Nakshatra Moments Studio,"208, 6th B cross, Bannerghatta Main Rd",9663167591
Trikona Studio,"104, Block 4, Suncity Apartments, Marathahalli - Sarjapur Outer Ring Rd",9900511905
Trikona Studio,"Triveni Towers, Siddhaiah Puranik Rd, opp. Bandhan Bank",8884900180
Sudeep Bhattacharya Photography,"Nishant Enclave, 3rd Cross, Indiranagar, 13th A Main Rd",9972799116
Klickopedia,"39, 1st floor, Above Mahaganapthi Agencies, Kanakapura Road",8431747683
Grooveab Photography,"HQ, Segment 30, Cross, 2nd Main Rd, Bangalore",9886512503
Parichay Photography,"F, Klassik Nest Apartments, 3C, 27th Cross Rd",9886775311
Pixelstory,"No. 131, 1/4, Hulimangala Rd, near Government School",9606776650
Swapna Photo Studio,"1st floor no 2, central avenue, no 84/8, 2nd Main Rd",9480471561
CHOWDRY PHOTOGRAPHY,"Segment 36: avenue, no 84/8, 2nd Main Rd",7204040300
Dilip Photography & Films,"2nd floor, Office, Pamadi Chambers, 9, DVG Gundappa Rd",9535352005
Rare Moments Photography,"Shop No 5, Sai Nilayam, Thippaiah Complex, 111, Devasandra Main Rd",8553789011
Ckstudio Ltd.,"20, 3rd Cross Rd",9964614390
Kavitha Nagaraj Photography,"36, Sri Ranganatha Swami Nilaya, 1st Main Rd",9008203206
Lightdots Photography,"No 29/1, Viviani Rd",8747898419
Mangotree Photography,"152, 1st Cross, 18th Main Rd, near Domlur Flyover, behind Mainland china",9037676061
Rajeesh Ramachandran Photography,Not provided in the given text,Notprovidedinthegiventext
Zero Gravity Photography,"#106, Sunkal Farm, BTS Main Rd",9886172907
Zero Gravity Photography,"Second floor, Smart Avenue, No 28, Residency Rd",9840767566
Glaamour Studio,"501, FS Corner, 2nd Floor, Arakere Bannerghatta Rd, behind Fortis Hospital",9099119988
Glaamour Studio,"501, 5th Floor Smart Plaza, Coles Rd",9742550504
RELOAD ENTERTAINMENT ®,Bagmane Laurel,7676754542
RedPixl Photography,"Segment 58: AECS B Block, Singasandra",9663358088
More Than Red,"271, 20th Cross Rd",9886256661
Magic Moments Studios,"268, 9th Main Rd",9353624245
Magic Moments Studios,"659, 8th cross, 11th Main Rd",9663976719
Nevervoid Photography Creative Studio,"No 54, ground floor, 10th A Main, Chairman Layout, 100 Feet Rd",9880000990
Luxe Shutter Photography Studio,"Shivana Halli, Shop No 4, Site No. 69, UAS Layout, 3rd B-Phase Yelahanka, Jakkur Rd",9980670895
Bhawana Ashu Photography,"418, Second Floor, 6th B Cross Rd",9899228935
Anshiti Photography,"Sobha Classic and Sobha Eternia, Haralur Main Rd",9353491189
P3A Photo Studio Bangalore,"No 69, 1st Floor, 1st Main, 4th Block Srinivagilu Tank bed. Extension BDA",7795040626
VISTORIZ Photoshoot Studio,"78, 1st floor, 14th cross, 11th Main Rd",9686034466
Event Frames,"#4334/1, 3rd floor, N.V.I Building, Opp Vivekananda park",9036056999
SP Photography Studio,"828, Jawaharlal Nehru Rd",6360561119
The Wedding Fellas,"885/25, 2nd Floor, 28th Main Rd",7411091860
Technozappy Studio,"534, 1st & 2nd Floor, 50 Feet Main Rd",9019263067
Divas Photography,"225, 8th Cross Rd",9980809980
GK Vale,"15-1, Netaji Rd",9900045179
Tiny Yawns Photography,"6, Sathya Arcade 1, behind KLE Law College",7676779247
Tots N Shots Photography,"No. 5M-122, Second Floor, Main Road, near",9620200005
Tots N Shots Photography,"No. 5M-122, Second Floor, Main Road, near Vijay Bank",8008499009
Pixale,"338, 9th Main Rd",9845005658
Pixale,"#108 1st Floor 92, Kedia Arcade, Infantry Rd",9845169662
SARASWATHI STUDIO,"Segment 83, above TATA Star Market, Bangalore",7411485258
Pixelena Studio,"553, 6th Cross Rd",9632165659
Pixelena Studio,"Post 1177, 1st Main Road Dr Ambedkar layout, Kavalabyrasandra",9739159613
Wide Angle Pictures,ITPL Main Rd,9148791692
Equinoxe Still Media Pvt Ltd,"26, 16th Cross Rd, 18th Main Rd, Phase 5, JP Nagar",8884041000
Equinoxe Still Media Pvt Ltd,"248, 15th Cross Rd",9880565854
Pics and Pixel Photography,"31, 1st Cross, Main Road",9113816843
PRABHAZ PHOTOGRAPHY,"177/5/19, Kanakapura Rd, near Guhantara Resort",7625053573
PRABHAZ PHOTOGRAPHY,"606/77, Dr Rajkumar Rd",9844054037
Photosutra Photo Studio & Videography Services,"185/2b, Kodigehalli - Thindlu Main Rd, next to Indian petrol bunk",9742321123
Pretty Pictures Photography,"Siddapura Rd, Bangalore",7019594066
IG Studio Newborn Baby Photography,"Vinaayaka circle, 3rd Main Road, 14th",9845277631
IG Studio Newborn Baby Photography,"Vinaayaka circle, 3rd Main Road, 14th Cross St",8088172619
Aashish photography,"Gajanana Towers, No. 6, 11th Main Rd, above Raymond's",9741940626
WONDERKIDS PHOTOGRAPHY,"714, Akshaya, 1st C main",7003632939
WONDERKIDS PHOTOGRAPHY,"714, Akshaya, 1st C main",8904022985
Bless Photography,"132, 2nd Main Rd, opposite NR White Rose apartment",7892196988
VK Photo Click Studio,"35, Basement, VK Photo Click, Annapoorna Complex, S End Rd",8880002425
Jk photography,"Ground floor, 22nd Cross, 532, 23rd Main Rd, opp. Airtel Office",9035733637
Rimi Sen Photography,"Segment 111: Rd, opp. Airtel Office",9535168396
One Horizon Productions,3rd Floor,9899072838
One Horizon Productions,"3rd Floor, KM Plaza, 76/40, Bannerghatta Rd",9036847711
Wetafilms,"581, 22nd Cross Rd",8073849450
Chowdeshwari Digital Photography,"73, 3rd Main Cross Rd",9886301847
Vmamba photography,"15, 3rd Main Road, 7th Cross, Ayyappa Swamy Temple Rd",9577791333
